Running at /scratch/bgre/89392
Submitdir is /homevip/bgre/RTM
Number of nodes: 1
Number of tasks: 20
Making SLURM ready at  Mon Nov 24 16:01:35 CET 2025
Starting slurm job at  Mon Nov 24 16:02:26 CET 2025
Running Python file at Mon Nov 24 16:02:26 CET 2025
Run started at 2025-11-24T15:02:59.830936+00:00



=================================================================================================================
Nadir Pixel Index    =  151
SceneName            =  Orbit_06888C
Specs                =  montecarlo - 3D - _All_FullBuffer_test_new_3D_surface - Large Buffer (25 x 21)
     Process 1 started calculating ia=150
     Process 3 started calculating ia=152
     Process 7 started calculating ia=156
     Process 9 started calculating ia=158
     Process 10 started calculating ia=159
     Process 17 started calculating ia=166
     Process 5 started calculating ia=154
     Process 8 started calculating ia=157
     Process 11 started calculating ia=160
     Process 13 started calculating ia=162
     Process 12 started calculating ia=161
     Process 4 started calculating ia=153
     Process 16 started calculating ia=165
     Process 15 started calculating ia=164
     Process 19 started calculating ia=168
     Process 18 started calculating ia=167
     Process 6 started calculating ia=155
     Process 14 started calculating ia=163
     Process 2 started calculating ia=151
                                            [WORKER  5] ia= 154, solar   , zout=65.3, eup=  156.16 +- 0.604152085
                                            [WORKER  3] ia= 152, solar   , zout=65.3, eup=  153.56 +- 0.61554008
                                            [WORKER  4] ia= 153, solar   , zout=65.3, eup=  154.42 +- 0.610490023
                                            [WORKER  1] ia= 150, solar   , zout=65.3, eup=  152.72 +- 0.61484079
                                            [WORKER  8] ia= 157, solar   , zout=65.3, eup=  157.06 +- 0.606355793
                                            [WORKER  6] ia= 155, solar   , zout=65.3, eup=  157.01 +- 0.60873793
                                            [WORKER 15] ia= 164, solar   , zout=65.3, eup=  158.30 +- 0.612114398
                                            [WORKER 10] ia= 159, solar   , zout=65.3, eup=  157.41 +- 0.603957968
                                            [WORKER  7] ia= 156, solar   , zout=65.3, eup=  156.54 +- 0.605602373
                                            [WORKER 19] ia= 168, solar   , zout=65.3, eup=  159.89 +- 0.609782303
                                            [WORKER 11] ia= 160, solar   , zout=65.3, eup=  158.43 +- 0.599776577
                                            [WORKER 13] ia= 162, solar   , zout=65.3, eup=  159.38 +- 0.600776158
                                            [WORKER 16] ia= 165, solar   , zout=65.3, eup=  159.76 +- 0.606575355
                                            [WORKER 18] ia= 167, solar   , zout=65.3, eup=  159.71 +- 0.611843124
                                            [WORKER  2] ia= 151, solar   , zout=65.3, eup=  152.70 +- 0.61739749
                                            [WORKER 12] ia= 161, solar   , zout=65.3, eup=  158.05 +- 0.604436967
                                            [WORKER 14] ia= 163, solar   , zout=65.3, eup=  157.97 +- 0.608003197
                                            [WORKER 17] ia= 166, solar   , zout=65.3, eup=  160.16 +- 0.609234158
                                            [WORKER  9] ia= 158, solar   , zout=65.3, eup=  158.19 +- 0.601207306
                                            [WORKER  5] ia= 154, thermal , zout=65.3, eup=  231.51 +- 0.373336919
     Process 5 started calculating ia=169
                                            [WORKER  1] ia= 150, thermal , zout=65.3, eup=  232.76 +- 0.401627765
                                            [WORKER  3] ia= 152, thermal , zout=65.3, eup=  231.26 +- 0.382170762
                                            [WORKER  4] ia= 153, thermal , zout=65.3, eup=  231.15 +- 0.389130288
                                            [WORKER  6] ia= 155, thermal , zout=65.3, eup=  231.07 +- 0.378203419
                                            [WORKER 13] ia= 162, thermal , zout=65.3, eup=  229.22 +- 0.392332294
                                            [WORKER 16] ia= 165, thermal , zout=65.3, eup=  229.00 +- 0.390479786
                                            [WORKER 15] ia= 164, thermal , zout=65.3, eup=  229.26 +- 0.393715932
                                            [WORKER 14] ia= 163, thermal , zout=65.3, eup=  229.03 +- 0.384948319
                                            [WORKER 19] ia= 168, thermal , zout=65.3, eup=  232.83 +- 0.363492822
                                            [WORKER 12] ia= 161, thermal , zout=65.3, eup=  229.54 +- 0.399651827
                                            [WORKER 17] ia= 166, thermal , zout=65.3, eup=  229.84 +- 0.395783618
                                            [WORKER  2] ia= 151, thermal , zout=65.3, eup=  232.20 +- 0.380983909
                                            [WORKER  7] ia= 156, thermal , zout=65.3, eup=  231.80 +- 0.372238582
                                            [WORKER 18] ia= 167, thermal , zout=65.3, eup=  232.31 +- 0.368648989
                                            [WORKER 11] ia= 160, thermal , zout=65.3, eup=  229.81 +- 0.395648093
                                            [WORKER  8] ia= 157, thermal , zout=65.3, eup=  231.00 +- 0.388755904
                                            [WORKER  9] ia= 158, thermal , zout=65.3, eup=  230.56 +- 0.387518412
                                            [WORKER 10] ia= 159, thermal , zout=65.3, eup=  229.76 +- 0.383183941
     Process 1 started calculating ia=170
     Process 3 started calculating ia=171
     Process 4 started calculating ia=172
     Process 6 started calculating ia=173
     Process 13 started calculating ia=174
     Process 16 started calculating ia=175
     Process 15 started calculating ia=176
     Process 19 started calculating ia=177
     Process 14 started calculating ia=178
     Process 12 started calculating ia=179
     Process 2 started calculating ia=180
     Process 17 started calculating ia=181
     Process 18 started calculating ia=182
     Process 7 started calculating ia=183
     Process 8 started calculating ia=184
     Process 9 started calculating ia=185
     Process 10 started calculating ia=186
     Process 11 started calculating ia=187
                                            [WORKER  5] ia= 169, solar   , zout=65.3, eup=  161.16 +- 0.601370521
                                            [WORKER  1] ia= 170, solar   , zout=65.3, eup=  158.28 +- 0.618956578
                                            [WORKER  3] ia= 171, solar   , zout=65.3, eup=  159.68 +- 0.611637854
                                            [WORKER  4] ia= 172, solar   , zout=65.3, eup=  159.95 +- 0.612411319
                                            [WORKER  6] ia= 173, solar   , zout=65.3, eup=  159.25 +- 0.618045717
                                            [WORKER 13] ia= 174, solar   , zout=65.3, eup=  158.62 +- 0.621640043
                                            [WORKER 16] ia= 175, solar   , zout=65.3, eup=  158.91 +- 0.616692985
                                            [WORKER  5] ia= 169, thermal , zout=65.3, eup=  232.80 +- 0.36162353
                                            [WORKER 15] ia= 176, solar   , zout=65.3, eup=  158.90 +- 0.618493666
                                            [WORKER 19] ia= 177, solar   , zout=65.3, eup=  158.78 +- 0.615817033
                                            [WORKER 12] ia= 179, solar   , zout=65.3, eup=  157.29 +- 0.615988859
                                            [WORKER  2] ia= 180, solar   , zout=65.3, eup=  158.72 +- 0.620106494
                                            [WORKER 18] ia= 182, solar   , zout=65.3, eup=  157.82 +- 0.621385302
                                            [WORKER 14] ia= 178, solar   , zout=65.3, eup=  154.85 +- 0.614249928
                                            [WORKER 11] ia= 187, solar   , zout=65.3, eup=  160.50 +- 0.627880753
                                            [WORKER  8] ia= 184, solar   , zout=65.3, eup=  159.26 +- 0.622887235
                                            [WORKER 17] ia= 181, solar   , zout=65.3, eup=  158.14 +- 0.624366678
                                            [WORKER  7] ia= 183, solar   , zout=65.3, eup=  157.02 +- 0.614730944
                                            [WORKER 10] ia= 186, solar   , zout=65.3, eup=  158.55 +- 0.617615081
                                            [WORKER  9] ia= 185, solar   , zout=65.3, eup=  156.26 +- 0.618694156
     Process 5 started calculating ia=188
                                            [WORKER  1] ia= 170, thermal , zout=65.3, eup=  231.69 +- 0.368988248
                                            [WORKER  3] ia= 171, thermal , zout=65.3, eup=  231.80 +- 0.368466524
                                            [WORKER  4] ia= 172, thermal , zout=65.3, eup=  230.61 +- 0.383288146
     Process 1 started calculating ia=189
     Process 3 started calculating ia=190
                                            [WORKER  6] ia= 173, thermal , zout=65.3, eup=  231.94 +- 0.364722337
     Process 4 started calculating ia=191
     Process 6 started calculating ia=192
                                            [WORKER 13] ia= 174, thermal , zout=65.3, eup=  231.11 +- 0.370700527
     Process 13 started calculating ia=193
                                            [WORKER 16] ia= 175, thermal , zout=65.3, eup=  228.67 +- 0.377302018
     Process 16 started calculating ia=194
                                            [WORKER 15] ia= 176, thermal , zout=65.3, eup=  231.11 +- 0.363804799
                                            [WORKER 19] ia= 177, thermal , zout=65.3, eup=  230.39 +- 0.36524741
     Process 15 started calculating ia=195
                                            [WORKER 12] ia= 179, thermal , zout=65.3, eup=  226.94 +- 0.384575657
                                            [WORKER 14] ia= 178, thermal , zout=65.3, eup=  226.34 +- 0.375601544
     Process 19 started calculating ia=196
                                            [WORKER 11] ia= 187, thermal , zout=65.3, eup=  219.69 +- 0.433750983
                                            [WORKER 17] ia= 181, thermal , zout=65.3, eup=  229.08 +- 0.373940999
                                            [WORKER  7] ia= 183, thermal , zout=65.3, eup=  226.01 +- 0.373151016
                                            [WORKER  2] ia= 180, thermal , zout=65.3, eup=  229.34 +- 0.37500006
                                            [WORKER 18] ia= 182, thermal , zout=65.3, eup=  227.89 +- 0.388128006
                                            [WORKER 10] ia= 186, thermal , zout=65.3, eup=  218.38 +- 0.425410153
                                            [WORKER  8] ia= 184, thermal , zout=65.3, eup=  227.07 +- 0.39508967
                                            [WORKER  9] ia= 185, thermal , zout=65.3, eup=  223.16 +- 0.390239029
                                            [WORKER  5] ia= 188, solar   , zout=65.3, eup=  161.87 +- 0.626402402
     Process 12 started calculating ia=197
     Process 14 started calculating ia=198
     Process 11 started calculating ia=199
     Process 17 started calculating ia=200
     Process 7 started calculating ia=201
     Process 8 started calculating ia=202
     Process 2 started calculating ia=203
     Process 10 started calculating ia=204
     Process 18 started calculating ia=205
     Process 9 started calculating ia=206
                                            [WORKER  3] ia= 190, solar   , zout=65.3, eup=  162.71 +- 0.618681223
                                            [WORKER  1] ia= 189, solar   , zout=65.3, eup=  161.70 +- 0.629651475
                                            [WORKER  4] ia= 191, solar   , zout=65.3, eup=  164.79 +- 0.626141007
                                            [WORKER  6] ia= 192, solar   , zout=65.3, eup=  165.78 +- 0.622822904
                                            [WORKER 13] ia= 193, solar   , zout=65.3, eup=  166.68 +- 0.62461975
                                            [WORKER 16] ia= 194, solar   , zout=65.3, eup=  168.97 +- 0.619399152
                                            [WORKER 15] ia= 195, solar   , zout=65.3, eup=  170.73 +- 0.620309587
                                            [WORKER 19] ia= 196, solar   , zout=65.3, eup=  169.74 +- 0.625373943
                                            [WORKER 12] ia= 197, solar   , zout=65.3, eup=  173.89 +- 0.607665354
                                            [WORKER  5] ia= 188, thermal , zout=65.3, eup=  218.34 +- 0.439469231
     Process 5 started calculating ia=207
                                            [WORKER 14] ia= 198, solar   , zout=65.3, eup=  173.62 +- 0.613800534
                                            [WORKER 11] ia= 199, solar   , zout=65.3, eup=  175.42 +- 0.607314612
                                            [WORKER 17] ia= 200, solar   , zout=65.3, eup=  176.49 +- 0.612463631
                                            [WORKER 10] ia= 204, solar   , zout=65.3, eup=  183.06 +- 0.595433984
                                            [WORKER  2] ia= 203, solar   , zout=65.3, eup=  181.67 +- 0.602456382
                                            [WORKER  8] ia= 202, solar   , zout=65.3, eup=  180.59 +- 0.604509196
                                            [WORKER  3] ia= 190, thermal , zout=65.3, eup=  214.92 +- 0.442793313
                                            [WORKER  7] ia= 201, solar   , zout=65.3, eup=  179.86 +- 0.602520094
                                            [WORKER 18] ia= 205, solar   , zout=65.3, eup=  184.85 +- 0.59196062
                                            [WORKER  1] ia= 189, thermal , zout=65.3, eup=  217.84 +- 0.447867143
                                            [WORKER  4] ia= 191, thermal , zout=65.3, eup=  214.69 +- 0.448437467
                                            [WORKER  6] ia= 192, thermal , zout=65.3, eup=  214.31 +- 0.447574875
                                            [WORKER  9] ia= 206, solar   , zout=65.3, eup=  184.87 +- 0.596021673
                                            [WORKER 13] ia= 193, thermal , zout=65.3, eup=  211.09 +- 0.442147047
     Process 3 started calculating ia=208
                                            [WORKER 16] ia= 194, thermal , zout=65.3, eup=  209.80 +- 0.446003946
     Process 1 started calculating ia=209
     Process 4 started calculating ia=210
     Process 6 started calculating ia=211
                                            [WORKER 15] ia= 195, thermal , zout=65.3, eup=  208.40 +- 0.454930228
     Process 13 started calculating ia=212
                                            [WORKER 19] ia= 196, thermal , zout=65.3, eup=  206.79 +- 0.45268743
                                            [WORKER 12] ia= 197, thermal , zout=65.3, eup=  205.93 +- 0.446481926
     Process 16 started calculating ia=213
     Process 15 started calculating ia=214
     Process 19 started calculating ia=215
                                            [WORKER  5] ia= 207, solar   , zout=65.3, eup=  186.17 +- 0.598455555
     Process 12 started calculating ia=216
                                            [WORKER 14] ia= 198, thermal , zout=65.3, eup=  203.22 +- 0.452964064
                                            [WORKER 11] ia= 199, thermal , zout=65.3, eup=  200.47 +- 0.452846359
     Process 14 started calculating ia=217
     Process 11 started calculating ia=218
                                            [WORKER 17] ia= 200, thermal , zout=65.3, eup=  199.31 +- 0.439281481
                                            [WORKER 10] ia= 204, thermal , zout=65.3, eup=  191.24 +- 0.424821384
                                            [WORKER  2] ia= 203, thermal , zout=65.3, eup=  193.43 +- 0.433761908
     Process 17 started calculating ia=219
                                            [WORKER  8] ia= 202, thermal , zout=65.3, eup=  195.68 +- 0.43484365
                                            [WORKER 18] ia= 205, thermal , zout=65.3, eup=  188.35 +- 0.40636855
                                            [WORKER  7] ia= 201, thermal , zout=65.3, eup=  197.03 +- 0.443159352
     Process 10 started calculating ia=220
                                            [WORKER  9] ia= 206, thermal , zout=65.3, eup=  186.51 +- 0.388928717
     Process 2 started calculating ia=221
     Process 8 started calculating ia=222
     Process 18 started calculating ia=223
     Process 7 started calculating ia=224
                                            [WORKER  3] ia= 208, solar   , zout=65.3, eup=  186.67 +- 0.598537319
                                            [WORKER  1] ia= 209, solar   , zout=65.3, eup=  188.85 +- 0.579710616
                                            [WORKER  4] ia= 210, solar   , zout=65.3, eup=  188.04 +- 0.593066902
                                            [WORKER  6] ia= 211, solar   , zout=65.3, eup=  189.31 +- 0.584265804
     Process 9 started calculating ia=225
                                            [WORKER 13] ia= 212, solar   , zout=65.3, eup=  189.45 +- 0.590059759
                                            [WORKER  5] ia= 207, thermal , zout=65.3, eup=  185.75 +- 0.390623074
                                            [WORKER 16] ia= 213, solar   , zout=65.3, eup=  190.18 +- 0.592120016
                                            [WORKER 15] ia= 214, solar   , zout=65.3, eup=  190.72 +- 0.584851339
                                            [WORKER 19] ia= 215, solar   , zout=65.3, eup=  191.12 +- 0.588350338
                                            [WORKER 12] ia= 216, solar   , zout=65.3, eup=  190.43 +- 0.589712444
                                            [WORKER 14] ia= 217, solar   , zout=65.3, eup=  191.59 +- 0.58275168
     Process 5 started calculating ia=226
                                            [WORKER 11] ia= 218, solar   , zout=65.3, eup=  190.95 +- 0.586101509
                                            [WORKER 17] ia= 219, solar   , zout=65.3, eup=  191.61 +- 0.590414794
                                            [WORKER 10] ia= 220, solar   , zout=65.3, eup=  190.86 +- 0.596660108
                                            [WORKER  2] ia= 221, solar   , zout=65.3, eup=  192.08 +- 0.587542332
                                            [WORKER  8] ia= 222, solar   , zout=65.3, eup=  192.58 +- 0.586053328
                                            [WORKER  7] ia= 224, solar   , zout=65.3, eup=  192.87 +- 0.580871912
                                            [WORKER 18] ia= 223, solar   , zout=65.3, eup=  192.92 +- 0.581720205
                                            [WORKER  3] ia= 208, thermal , zout=65.3, eup=  183.05 +- 0.372837427
                                            [WORKER  9] ia= 225, solar   , zout=65.3, eup=  192.24 +- 0.586576546
                                            [WORKER  1] ia= 209, thermal , zout=65.3, eup=  181.92 +- 0.367876036
                                            [WORKER  6] ia= 211, thermal , zout=65.3, eup=  179.72 +- 0.349463342
                                            [WORKER  4] ia= 210, thermal , zout=65.3, eup=  180.56 +- 0.357823089
                                            [WORKER 13] ia= 212, thermal , zout=65.3, eup=  178.58 +- 0.34591693
     Process 3 started calculating ia=227
     Process 1 started calculating ia=228
                                            [WORKER 16] ia= 213, thermal , zout=65.3, eup=  178.39 +- 0.343101203
     Process 6 started calculating ia=229
                                            [WORKER 15] ia= 214, thermal , zout=65.3, eup=  177.44 +- 0.334761836
     Process 4 started calculating ia=230
                                            [WORKER 19] ia= 215, thermal , zout=65.3, eup=  177.53 +- 0.33627266
                                            [WORKER 12] ia= 216, thermal , zout=65.3, eup=  176.82 +- 0.333230445
                                            [WORKER 14] ia= 217, thermal , zout=65.3, eup=  177.85 +- 0.343905208
                                            [WORKER 11] ia= 218, thermal , zout=65.3, eup=  177.78 +- 0.345535162
     Process 13 started calculating ia=231
                                            [WORKER  5] ia= 226, solar   , zout=65.3, eup=  192.35 +- 0.588676105
                                            [WORKER 17] ia= 219, thermal , zout=65.3, eup=  177.52 +- 0.340071788
     Process 16 started calculating ia=232
     Process 15 started calculating ia=233
     Process 19 started calculating ia=234
     Process 12 started calculating ia=235
                                            [WORKER 10] ia= 220, thermal , zout=65.3, eup=  177.32 +- 0.343558247
     Process 14 started calculating ia=236
     Process 11 started calculating ia=237
     Process 17 started calculating ia=238
                                            [WORKER  2] ia= 221, thermal , zout=65.3, eup=  177.21 +- 0.333565634
                                            [WORKER  8] ia= 222, thermal , zout=65.3, eup=  178.11 +- 0.34118636
     Process 10 started calculating ia=239
     Process 2 started calculating ia=240
     Process 8 started calculating ia=241
                                            [WORKER  7] ia= 224, thermal , zout=65.3, eup=  178.48 +- 0.353659606
                                            [WORKER 18] ia= 223, thermal , zout=65.3, eup=  178.45 +- 0.35220543
     Process 7 started calculating ia=242
     Process 18 started calculating ia=243
                                            [WORKER  9] ia= 225, thermal , zout=65.3, eup=  179.96 +- 0.365411848
     Process 9 started calculating ia=244
                                            [WORKER  3] ia= 227, solar   , zout=65.3, eup=  193.40 +- 0.582340261
                                            [WORKER  1] ia= 228, solar   , zout=65.3, eup=  191.83 +- 0.588737258
                                            [WORKER  6] ia= 229, solar   , zout=65.3, eup=  193.76 +- 0.569595853
                                            [WORKER  4] ia= 230, solar   , zout=65.3, eup=  191.34 +- 0.598472038
                                            [WORKER 13] ia= 231, solar   , zout=65.3, eup=  191.74 +- 0.587104424
                                            [WORKER  5] ia= 226, thermal , zout=65.3, eup=  180.42 +- 0.352111028
                                            [WORKER 16] ia= 232, solar   , zout=65.3, eup=  192.92 +- 0.584922573
                                            [WORKER 15] ia= 233, solar   , zout=65.3, eup=  191.18 +- 0.594679832
                                            [WORKER 12] ia= 235, solar   , zout=65.3, eup=  191.74 +- 0.588125695
                                            [WORKER 19] ia= 234, solar   , zout=65.3, eup=  192.02 +- 0.58853588
                                            [WORKER 11] ia= 237, solar   , zout=65.3, eup=  191.72 +- 0.591018064
                                            [WORKER 14] ia= 236, solar   , zout=65.3, eup=  192.72 +- 0.582734752
     Process 5 started calculating ia=245
                                            [WORKER 17] ia= 238, solar   , zout=65.3, eup=  190.40 +- 0.604084845
                                            [WORKER 10] ia= 239, solar   , zout=65.3, eup=  192.22 +- 0.582778144
                                            [WORKER  2] ia= 240, solar   , zout=65.3, eup=  192.55 +- 0.585774285
                                            [WORKER  8] ia= 241, solar   , zout=65.3, eup=  191.73 +- 0.584587169
                                            [WORKER  7] ia= 242, solar   , zout=65.3, eup=  193.16 +- 0.577782787
                                            [WORKER 18] ia= 243, solar   , zout=65.3, eup=  193.57 +- 0.575071545
                                            [WORKER  9] ia= 244, solar   , zout=65.3, eup=  194.16 +- 0.573292667
                                            [WORKER  3] ia= 227, thermal , zout=65.3, eup=  181.00 +- 0.370157043
                                            [WORKER  1] ia= 228, thermal , zout=65.3, eup=  183.17 +- 0.384898419
                                            [WORKER  6] ia= 229, thermal , zout=65.3, eup=  184.91 +- 0.397306483
                                            [WORKER  4] ia= 230, thermal , zout=65.3, eup=  186.28 +- 0.400906709
     Process 3 started calculating ia=246
                                            [WORKER 13] ia= 231, thermal , zout=65.3, eup=  187.69 +- 0.40569034
     Process 1 started calculating ia=247
     Process 6 started calculating ia=248
     Process 4 started calculating ia=249
     Process 13 started calculating ia=250
                                            [WORKER  5] ia= 245, solar   , zout=65.3, eup=  195.18 +- 0.569092792
                                            [WORKER 16] ia= 232, thermal , zout=65.3, eup=  188.72 +- 0.413826947
     Process 16 started calculating ia=251
                                            [WORKER 12] ia= 235, thermal , zout=65.3, eup=  193.47 +- 0.422456288
                                            [WORKER 15] ia= 233, thermal , zout=65.3, eup=  190.63 +- 0.416486858
                                            [WORKER 19] ia= 234, thermal , zout=65.3, eup=  193.00 +- 0.422351145
                                            [WORKER 11] ia= 237, thermal , zout=65.3, eup=  196.95 +- 0.438012181
                                            [WORKER 14] ia= 236, thermal , zout=65.3, eup=  196.05 +- 0.429977337
                                            [WORKER 17] ia= 238, thermal , zout=65.3, eup=  200.19 +- 0.443792443
                                            [WORKER 10] ia= 239, thermal , zout=65.3, eup=  201.06 +- 0.441312561
     Process 12 started calculating ia=252
     Process 15 started calculating ia=253
     Process 19 started calculating ia=254
     Process 14 started calculating ia=255
     Process 11 started calculating ia=256
                                            [WORKER  2] ia= 240, thermal , zout=65.3, eup=  203.47 +- 0.437088023
                                            [WORKER  8] ia= 241, thermal , zout=65.3, eup=  204.40 +- 0.43990413
     Process 17 started calculating ia=257
     Process 10 started calculating ia=258
                                            [WORKER 18] ia= 243, thermal , zout=65.3, eup=  206.64 +- 0.448864125
                                            [WORKER  7] ia= 242, thermal , zout=65.3, eup=  206.04 +- 0.444674805
                                            [WORKER  9] ia= 244, thermal , zout=65.3, eup=  209.06 +- 0.442368042
     Process 2 started calculating ia=259
     Process 8 started calculating ia=260
     Process 18 started calculating ia=261
     Process 7 started calculating ia=262
     Process 9 started calculating ia=263
                                            [WORKER  3] ia= 246, solar   , zout=65.3, eup=  196.13 +- 0.565112326
                                            [WORKER  1] ia= 247, solar   , zout=65.3, eup=  196.22 +- 0.565705359
                                            [WORKER  5] ia= 245, thermal , zout=65.3, eup=  210.27 +- 0.434897687
                                            [WORKER  6] ia= 248, solar   , zout=65.3, eup=  196.27 +- 0.570623914
                                            [WORKER  4] ia= 249, solar   , zout=65.3, eup=  196.52 +- 0.564708296
                                            [WORKER 13] ia= 250, solar   , zout=65.3, eup=  196.85 +- 0.562131443
     Process 5 started calculating ia=264
                                            [WORKER 16] ia= 251, solar   , zout=65.3, eup=  197.18 +- 0.550908365
                                            [WORKER 12] ia= 252, solar   , zout=65.3, eup=  197.53 +- 0.557509858
                                            [WORKER 15] ia= 253, solar   , zout=65.3, eup=  197.57 +- 0.560849922
                                            [WORKER 19] ia= 254, solar   , zout=65.3, eup=  199.67 +- 0.540247485
                                            [WORKER 11] ia= 256, solar   , zout=65.3, eup=  199.15 +- 0.554897994
                                            [WORKER 14] ia= 255, solar   , zout=65.3, eup=  198.73 +- 0.555310531
                                            [WORKER 10] ia= 258, solar   , zout=65.3, eup=  201.25 +- 0.537945267
                                            [WORKER 17] ia= 257, solar   , zout=65.3, eup=  200.18 +- 0.553096908
                                            [WORKER  3] ia= 246, thermal , zout=65.3, eup=  211.94 +- 0.442571856
                                            [WORKER  8] ia= 260, solar   , zout=65.3, eup=  201.15 +- 0.549357366
                                            [WORKER  2] ia= 259, solar   , zout=65.3, eup=  201.65 +- 0.538702388
                                            [WORKER 18] ia= 261, solar   , zout=65.3, eup=  201.59 +- 0.542056381
                                            [WORKER  7] ia= 262, solar   , zout=65.3, eup=  200.96 +- 0.540962657
                                            [WORKER  1] ia= 247, thermal , zout=65.3, eup=  213.69 +- 0.445204002
                                            [WORKER  9] ia= 263, solar   , zout=65.3, eup=  199.59 +- 0.558807812
     Process 3 started calculating ia=265
                                            [WORKER  6] ia= 248, thermal , zout=65.3, eup=  214.98 +- 0.440494338
                                            [WORKER  4] ia= 249, thermal , zout=65.3, eup=  215.29 +- 0.442871161
                                            [WORKER 13] ia= 250, thermal , zout=65.3, eup=  216.43 +- 0.436995641
                                            [WORKER 16] ia= 251, thermal , zout=65.3, eup=  217.09 +- 0.434255233
                                            [WORKER  5] ia= 264, solar   , zout=65.3, eup=  199.14 +- 0.56115793
     Process 1 started calculating ia=266
     Process 4 started calculating ia=267
     Process 6 started calculating ia=268
     Process 13 started calculating ia=269
     Process 16 started calculating ia=270
                                            [WORKER 12] ia= 252, thermal , zout=65.3, eup=  217.41 +- 0.439473232
                                            [WORKER 15] ia= 253, thermal , zout=65.3, eup=  217.03 +- 0.434829412
                                            [WORKER 19] ia= 254, thermal , zout=65.3, eup=  216.87 +- 0.434262147
     Process 12 started calculating ia=271
     Process 15 started calculating ia=272
     Process 19 started calculating ia=273
                                            [WORKER 11] ia= 256, thermal , zout=65.3, eup=  216.66 +- 0.446070778
                                            [WORKER 14] ia= 255, thermal , zout=65.3, eup=  217.39 +- 0.4364893
                                            [WORKER 10] ia= 258, thermal , zout=65.3, eup=  218.35 +- 0.436123864
     Process 11 started calculating ia=274
                                            [WORKER 17] ia= 257, thermal , zout=65.3, eup=  217.99 +- 0.441855211
     Process 14 started calculating ia=275
     Process 10 started calculating ia=276
     Process 17 started calculating ia=277
                                            [WORKER  8] ia= 260, thermal , zout=65.3, eup=  218.62 +- 0.443685219
                                            [WORKER  2] ia= 259, thermal , zout=65.3, eup=  218.42 +- 0.441978742
     Process 8 started calculating ia=278
     Process 2 started calculating ia=279
                                            [WORKER  3] ia= 265, solar   , zout=65.3, eup=  198.07 +- 0.557581939
                                            [WORKER  7] ia= 262, thermal , zout=65.3, eup=  218.25 +- 0.44201827
                                            [WORKER 18] ia= 261, thermal , zout=65.3, eup=  219.15 +- 0.443819286
                                            [WORKER  9] ia= 263, thermal , zout=65.3, eup=  220.80 +- 0.431083993
                                            [WORKER  5] ia= 264, thermal , zout=65.3, eup=  219.65 +- 0.441439264
     Process 7 started calculating ia=280
     Process 18 started calculating ia=281
                                            [WORKER  1] ia= 266, solar   , zout=65.3, eup=  198.37 +- 0.558741223
     Process 9 started calculating ia=282
     Process 5 started calculating ia=283
                                            [WORKER 13] ia= 269, solar   , zout=65.3, eup=  194.11 +- 0.575444425
                                            [WORKER  6] ia= 268, solar   , zout=65.3, eup=  195.69 +- 0.570557163
                                            [WORKER  4] ia= 267, solar   , zout=65.3, eup=  196.85 +- 0.567144032
                                            [WORKER 16] ia= 270, solar   , zout=65.3, eup=  194.02 +- 0.569772334
                                            [WORKER 15] ia= 272, solar   , zout=65.3, eup=  191.10 +- 0.581475421
                                            [WORKER 12] ia= 271, solar   , zout=65.3, eup=  192.90 +- 0.572986656
                                            [WORKER 19] ia= 273, solar   , zout=65.3, eup=  189.21 +- 0.594176064
                                            [WORKER 11] ia= 274, solar   , zout=65.3, eup=  189.48 +- 0.586129958
                                            [WORKER 14] ia= 275, solar   , zout=65.3, eup=  186.42 +- 0.601966722
                                            [WORKER 10] ia= 276, solar   , zout=65.3, eup=  185.27 +- 0.602634119
                                            [WORKER 17] ia= 277, solar   , zout=65.3, eup=  185.14 +- 0.595996172
                                            [WORKER  8] ia= 278, solar   , zout=65.3, eup=  185.47 +- 0.596723215
                                            [WORKER  2] ia= 279, solar   , zout=65.3, eup=  182.63 +- 0.610364844
                                            [WORKER  3] ia= 265, thermal , zout=65.3, eup=  220.69 +- 0.437307809
     Process 3 started calculating ia=284
                                            [WORKER  7] ia= 280, solar   , zout=65.3, eup=  183.58 +- 0.597165473
                                            [WORKER 18] ia= 281, solar   , zout=65.3, eup=  182.14 +- 0.606583461
                                            [WORKER  5] ia= 283, solar   , zout=65.3, eup=  180.03 +- 0.615706998
                                            [WORKER  9] ia= 282, solar   , zout=65.3, eup=  180.55 +- 0.612543184
                                            [WORKER  1] ia= 266, thermal , zout=65.3, eup=  222.33 +- 0.435695127
                                            [WORKER 13] ia= 269, thermal , zout=65.3, eup=  224.97 +- 0.421992692
                                            [WORKER  4] ia= 267, thermal , zout=65.3, eup=  222.75 +- 0.43250535
                                            [WORKER  6] ia= 268, thermal , zout=65.3, eup=  223.50 +- 0.433275914
                                            [WORKER 16] ia= 270, thermal , zout=65.3, eup=  225.33 +- 0.423645613
     Process 1 started calculating ia=285
                                            [WORKER 12] ia= 271, thermal , zout=65.3, eup=  225.65 +- 0.418254469
                                            [WORKER 15] ia= 272, thermal , zout=65.3, eup=  226.15 +- 0.40910956
     Process 13 started calculating ia=286
                                            [WORKER 19] ia= 273, thermal , zout=65.3, eup=  226.43 +- 0.4116618
     Process 4 started calculating ia=287
     Process 6 started calculating ia=288
     Process 16 started calculating ia=289
                                            [WORKER 11] ia= 274, thermal , zout=65.3, eup=  226.47 +- 0.411898645
                                            [WORKER 14] ia= 275, thermal , zout=65.3, eup=  227.28 +- 0.398110854
     Process 12 started calculating ia=290
     Process 15 started calculating ia=291
                                            [WORKER 10] ia= 276, thermal , zout=65.3, eup=  227.84 +- 0.392738765
                                            [WORKER 17] ia= 277, thermal , zout=65.3, eup=  228.73 +- 0.385624155
     Process 19 started calculating ia=292
                                            [WORKER  8] ia= 278, thermal , zout=65.3, eup=  229.61 +- 0.380609616
                                            [WORKER  2] ia= 279, thermal , zout=65.3, eup=  230.54 +- 0.37322225
     Process 11 started calculating ia=293
     Process 14 started calculating ia=294
     Process 10 started calculating ia=295
     Process 17 started calculating ia=296
                                            [WORKER  3] ia= 284, solar   , zout=65.3, eup=  179.25 +- 0.619033564
     Process 8 started calculating ia=297
     Process 2 started calculating ia=298
                                            [WORKER  7] ia= 280, thermal , zout=65.3, eup=  231.18 +- 0.368751624
                                            [WORKER 18] ia= 281, thermal , zout=65.3, eup=  232.35 +- 0.374656063
     Process 7 started calculating ia=299
     Process 18 started calculating ia=300
                                            [WORKER  5] ia= 283, thermal , zout=65.3, eup=  233.75 +- 0.352783266
                                            [WORKER  9] ia= 282, thermal , zout=65.3, eup=  232.34 +- 0.367424036
     Process 5 started calculating ia=301
     Process 9 started calculating ia=302
                                            [WORKER  1] ia= 285, solar   , zout=65.3, eup=  180.02 +- 0.613437463
                                            [WORKER 13] ia= 286, solar   , zout=65.3, eup=  179.31 +- 0.61967604
                                            [WORKER  6] ia= 288, solar   , zout=65.3, eup=  179.00 +- 0.611831945
                                            [WORKER  4] ia= 287, solar   , zout=65.3, eup=  178.76 +- 0.6189651
                                            [WORKER 16] ia= 289, solar   , zout=65.3, eup=  178.83 +- 0.617351727
                                            [WORKER 15] ia= 291, solar   , zout=65.3, eup=  177.13 +- 0.622697643
                                            [WORKER 12] ia= 290, solar   , zout=65.3, eup=  177.99 +- 0.623953086
                                            [WORKER 19] ia= 292, solar   , zout=65.3, eup=  176.94 +- 0.626121611
                                            [WORKER 11] ia= 293, solar   , zout=65.3, eup=  176.51 +- 0.62410806
                                            [WORKER 14] ia= 294, solar   , zout=65.3, eup=  176.06 +- 0.629192927
                                            [WORKER  3] ia= 284, thermal , zout=65.3, eup=  234.74 +- 0.34758656
                                            [WORKER 10] ia= 295, solar   , zout=65.3, eup=  175.02 +- 0.6348552
                                            [WORKER 17] ia= 296, solar   , zout=65.3, eup=  175.98 +- 0.627582223
                                            [WORKER  8] ia= 297, solar   , zout=65.3, eup=  175.92 +- 0.626292656
                                            [WORKER  2] ia= 298, solar   , zout=65.3, eup=  176.50 +- 0.624469794
     Process 3 started calculating ia=303
                                            [WORKER  7] ia= 299, solar   , zout=65.3, eup=  175.32 +- 0.633112001
                                            [WORKER 18] ia= 300, solar   , zout=65.3, eup=  175.80 +- 0.628408199
                                            [WORKER  5] ia= 301, solar   , zout=65.3, eup=  175.62 +- 0.630871965
                                            [WORKER  9] ia= 302, solar   , zout=65.3, eup=  176.34 +- 0.636505161
                                            [WORKER  1] ia= 285, thermal , zout=65.3, eup=  234.91 +- 0.346770616
                                            [WORKER 13] ia= 286, thermal , zout=65.3, eup=  236.06 +- 0.317041113
     Process 1 started calculating ia=304
                                            [WORKER  6] ia= 288, thermal , zout=65.3, eup=  235.34 +- 0.340462954
                                            [WORKER  4] ia= 287, thermal , zout=65.3, eup=  235.36 +- 0.346298546
                                            [WORKER 16] ia= 289, thermal , zout=65.3, eup=  234.30 +- 0.358393053
     Process 13 started calculating ia=305
                                            [WORKER 12] ia= 290, thermal , zout=65.3, eup=  234.45 +- 0.369006097
                                            [WORKER 15] ia= 291, thermal , zout=65.3, eup=  233.89 +- 0.355489542
     Process 6 started calculating ia=306
     Process 4 started calculating ia=307
                                            [WORKER 19] ia= 292, thermal , zout=65.3, eup=  233.15 +- 0.365372025
     Process 16 started calculating ia=308
                                            [WORKER 11] ia= 293, thermal , zout=65.3, eup=  234.04 +- 0.372169001
     Process 12 started calculating ia=309
     Process 15 started calculating ia=310
     Process 19 started calculating ia=311
                                            [WORKER 14] ia= 294, thermal , zout=65.3, eup=  233.52 +- 0.374339336
     Process 11 started calculating ia=312
                                            [WORKER 17] ia= 296, thermal , zout=65.3, eup=  233.37 +- 0.362094335
                                            [WORKER 10] ia= 295, thermal , zout=65.3, eup=  233.24 +- 0.377044429
                                            [WORKER  8] ia= 297, thermal , zout=65.3, eup=  232.19 +- 0.379236196
     Process 14 started calculating ia=313
                                            [WORKER  3] ia= 303, solar   , zout=65.3, eup=  177.93 +- 0.635052637
     Process 17 started calculating ia=314
     Process 10 started calculating ia=315
                                            [WORKER  2] ia= 298, thermal , zout=65.3, eup=  232.39 +- 0.361526311
     Process 8 started calculating ia=316
                                            [WORKER 18] ia= 300, thermal , zout=65.3, eup=  232.67 +- 0.362207919
                                            [WORKER  7] ia= 299, thermal , zout=65.3, eup=  232.57 +- 0.365544274
                                            [WORKER  5] ia= 301, thermal , zout=65.3, eup=  232.91 +- 0.353959474
     Process 2 started calculating ia=317
     Process 18 started calculating ia=318
     Process 7 started calculating ia=319
                                            [WORKER  9] ia= 302, thermal , zout=65.3, eup=  236.31 +- 0.33109569
     Process 5 started calculating ia=320
     Process 9 started calculating ia=321
                                            [WORKER  1] ia= 304, solar   , zout=65.3, eup=  179.10 +- 0.627629566
                                            [WORKER 13] ia= 305, solar   , zout=65.3, eup=  177.17 +- 0.641524149
                                            [WORKER  6] ia= 306, solar   , zout=65.3, eup=  177.63 +- 0.633755064
                                            [WORKER  4] ia= 307, solar   , zout=65.3, eup=  178.61 +- 0.628288345
                                            [WORKER 16] ia= 308, solar   , zout=65.3, eup=  177.67 +- 0.634267265
                                            [WORKER 12] ia= 309, solar   , zout=65.3, eup=  177.64 +- 0.626779336
                                            [WORKER 15] ia= 310, solar   , zout=65.3, eup=  175.49 +- 0.624806231
                                            [WORKER 19] ia= 311, solar   , zout=65.3, eup=  176.43 +- 0.619546823
                                            [WORKER 11] ia= 312, solar   , zout=65.3, eup=  174.84 +- 0.631816127
                                            [WORKER  3] ia= 303, thermal , zout=65.3, eup=  236.75 +- 0.353098608
                                            [WORKER 14] ia= 313, solar   , zout=65.3, eup=  176.00 +- 0.620639179
                                            [WORKER 10] ia= 315, solar   , zout=65.3, eup=  176.01 +- 0.624035568
                                            [WORKER 17] ia= 314, solar   , zout=65.3, eup=  175.74 +- 0.628813743
                                            [WORKER  8] ia= 316, solar   , zout=65.3, eup=  174.21 +- 0.632462629
     Process 3 started calculating ia=322
                                            [WORKER  2] ia= 317, solar   , zout=65.3, eup=  176.72 +- 0.615260702
                                            [WORKER  5] ia= 320, solar   , zout=65.3, eup=  175.72 +- 0.612673683
                                            [WORKER  7] ia= 319, solar   , zout=65.3, eup=  176.79 +- 0.60755421
                                            [WORKER  1] ia= 304, thermal , zout=65.3, eup=  237.58 +- 0.317538191
                                            [WORKER 18] ia= 318, solar   , zout=65.3, eup=  175.68 +- 0.616407094
                                            [WORKER 13] ia= 305, thermal , zout=65.3, eup=  237.04 +- 0.347190234
                                            [WORKER  9] ia= 321, solar   , zout=65.3, eup=  176.54 +- 0.607645024
     Process 1 started calculating ia=323
     Process 13 started calculating ia=324
                                            [WORKER  6] ia= 306, thermal , zout=65.3, eup=  237.84 +- 0.33860507
                                            [WORKER  4] ia= 307, thermal , zout=65.3, eup=  237.85 +- 0.332686238
                                            [WORKER 16] ia= 308, thermal , zout=65.3, eup=  237.67 +- 0.334412072
                                            [WORKER 12] ia= 309, thermal , zout=65.3, eup=  236.20 +- 0.336981172
                                            [WORKER 15] ia= 310, thermal , zout=65.3, eup=  236.23 +- 0.331292902
     Process 6 started calculating ia=325
     Process 4 started calculating ia=326
                                            [WORKER 19] ia= 311, thermal , zout=65.3, eup=  233.87 +- 0.34453997
     Process 16 started calculating ia=327
                                            [WORKER 11] ia= 312, thermal , zout=65.3, eup=  234.92 +- 0.346494555
     Process 12 started calculating ia=328
     Process 15 started calculating ia=329
     Process 19 started calculating ia=330
     Process 11 started calculating ia=331
                                            [WORKER 14] ia= 313, thermal , zout=65.3, eup=  235.65 +- 0.342446837
                                            [WORKER 10] ia= 315, thermal , zout=65.3, eup=  234.89 +- 0.337954752
                                            [WORKER 17] ia= 314, thermal , zout=65.3, eup=  234.29 +- 0.357083207
                                            [WORKER  8] ia= 316, thermal , zout=65.3, eup=  233.80 +- 0.340368283
     Process 14 started calculating ia=332
                                            [WORKER  3] ia= 322, solar   , zout=65.3, eup=  175.36 +- 0.613553418
     Process 10 started calculating ia=333
     Process 17 started calculating ia=334
     Process 8 started calculating ia=335
                                            [WORKER  2] ia= 317, thermal , zout=65.3, eup=  233.28 +- 0.341034524
                                            [WORKER  5] ia= 320, thermal , zout=65.3, eup=  233.57 +- 0.332019559
                                            [WORKER  7] ia= 319, thermal , zout=65.3, eup=  233.49 +- 0.338468653
                                            [WORKER 18] ia= 318, thermal , zout=65.3, eup=  233.60 +- 0.351302559
     Process 2 started calculating ia=336
     Process 5 started calculating ia=337
     Process 7 started calculating ia=338
     Process 18 started calculating ia=339
                                            [WORKER  9] ia= 321, thermal , zout=65.3, eup=  233.19 +- 0.336511488
                                            [WORKER  1] ia= 323, solar   , zout=65.3, eup=  175.82 +- 0.615719631
                                            [WORKER 13] ia= 324, solar   , zout=65.3, eup=  175.63 +- 0.604219859
     Process 9 started calculating ia=340
                                            [WORKER  6] ia= 325, solar   , zout=65.3, eup=  175.76 +- 0.61430235
                                            [WORKER  4] ia= 326, solar   , zout=65.3, eup=  176.63 +- 0.619867277
                                            [WORKER 16] ia= 327, solar   , zout=65.3, eup=  175.79 +- 0.616170383
                                            [WORKER 15] ia= 329, solar   , zout=65.3, eup=  177.25 +- 0.612380514
                                            [WORKER 12] ia= 328, solar   , zout=65.3, eup=  176.96 +- 0.60845631
                                            [WORKER 19] ia= 330, solar   , zout=65.3, eup=  179.69 +- 0.609313497
                                            [WORKER 11] ia= 331, solar   , zout=65.3, eup=  182.71 +- 0.62586498
                                            [WORKER  3] ia= 322, thermal , zout=65.3, eup=  233.60 +- 0.328061904
                                            [WORKER 14] ia= 332, solar   , zout=65.3, eup=  182.46 +- 0.633044401
                                            [WORKER 10] ia= 333, solar   , zout=65.3, eup=  183.55 +- 0.621018243
                                            [WORKER 17] ia= 334, solar   , zout=65.3, eup=  184.61 +- 0.618603133
     Process 3 started calculating ia=341
                                            [WORKER  8] ia= 335, solar   , zout=65.3, eup=  186.32 +- 0.620340983
                                            [WORKER  2] ia= 336, solar   , zout=65.3, eup=  186.22 +- 0.629958889
                                            [WORKER  1] ia= 323, thermal , zout=65.3, eup=  233.69 +- 0.315582274
                                            [WORKER  5] ia= 337, solar   , zout=65.3, eup=  186.01 +- 0.643328822
                                            [WORKER 13] ia= 324, thermal , zout=65.3, eup=  233.48 +- 0.31526527
                                            [WORKER 18] ia= 339, solar   , zout=65.3, eup=  188.08 +- 0.63377197
                                            [WORKER  7] ia= 338, solar   , zout=65.3, eup=  186.25 +- 0.645810586
     Process 1 started calculating ia=342
     Process 13 started calculating ia=343
                                            [WORKER  6] ia= 325, thermal , zout=65.3, eup=  232.93 +- 0.331493863
                                            [WORKER  4] ia= 326, thermal , zout=65.3, eup=  232.35 +- 0.341459184
                                            [WORKER  9] ia= 340, solar   , zout=65.3, eup=  188.86 +- 0.628212801
                                            [WORKER 16] ia= 327, thermal , zout=65.3, eup=  232.52 +- 0.328506736
                                            [WORKER 12] ia= 328, thermal , zout=65.3, eup=  232.28 +- 0.326372553
                                            [WORKER 15] ia= 329, thermal , zout=65.3, eup=  231.40 +- 0.334038446
     Process 6 started calculating ia=344
     Process 4 started calculating ia=345
                                            [WORKER 19] ia= 330, thermal , zout=65.3, eup=  232.15 +- 0.329253572
                                            [WORKER 11] ia= 331, thermal , zout=65.3, eup=  232.10 +- 0.353176165
     Process 16 started calculating ia=346
     Process 12 started calculating ia=347
     Process 15 started calculating ia=348
     Process 19 started calculating ia=349
                                            [WORKER 14] ia= 332, thermal , zout=65.3, eup=  231.99 +- 0.357165573
                                            [WORKER  3] ia= 341, solar   , zout=65.3, eup=  188.40 +- 0.6341527
                                            [WORKER 10] ia= 333, thermal , zout=65.3, eup=  232.14 +- 0.338363471
     Process 11 started calculating ia=350
                                            [WORKER 17] ia= 334, thermal , zout=65.3, eup=  232.73 +- 0.325740403
                                            [WORKER  8] ia= 335, thermal , zout=65.3, eup=  233.55 +- 0.332481617
     Process 14 started calculating ia=351
     Process 10 started calculating ia=352
     Process 17 started calculating ia=353
     Process 8 started calculating ia=354
                                            [WORKER  2] ia= 336, thermal , zout=65.3, eup=  233.60 +- 0.335253574
                                            [WORKER  5] ia= 337, thermal , zout=65.3, eup=  233.73 +- 0.347047949
                                            [WORKER 18] ia= 339, thermal , zout=65.3, eup=  234.24 +- 0.337068362
                                            [WORKER  7] ia= 338, thermal , zout=65.3, eup=  233.76 +- 0.338688322
     Process 2 started calculating ia=355
     Process 5 started calculating ia=356
     Process 18 started calculating ia=357
     Process 7 started calculating ia=358
                                            [WORKER  1] ia= 342, solar   , zout=65.3, eup=  190.59 +- 0.623556306
                                            [WORKER 13] ia= 343, solar   , zout=65.3, eup=  190.10 +- 0.633344544
                                            [WORKER  9] ia= 340, thermal , zout=65.3, eup=  234.04 +- 0.336824554
     Process 9 started calculating ia=359
                                            [WORKER  6] ia= 344, solar   , zout=65.3, eup=  188.35 +- 0.645112279
                                            [WORKER  4] ia= 345, solar   , zout=65.3, eup=  190.42 +- 0.631850937
                                            [WORKER 16] ia= 346, solar   , zout=65.3, eup=  192.09 +- 0.624834444
                                            [WORKER 12] ia= 347, solar   , zout=65.3, eup=  190.49 +- 0.629572711
                                            [WORKER 15] ia= 348, solar   , zout=65.3, eup=  193.22 +- 0.617011782
                                            [WORKER 19] ia= 349, solar   , zout=65.3, eup=  192.46 +- 0.622949288
                                            [WORKER 11] ia= 350, solar   , zout=65.3, eup=  193.46 +- 0.611420792
                                            [WORKER  3] ia= 341, thermal , zout=65.3, eup=  232.66 +- 0.337981008
     Process 3 started calculating ia=360
                                            [WORKER 10] ia= 352, solar   , zout=65.3, eup=  193.40 +- 0.609973882
                                            [WORKER 14] ia= 351, solar   , zout=65.3, eup=  193.46 +- 0.61384559
                                            [WORKER 17] ia= 353, solar   , zout=65.3, eup=  194.94 +- 0.608899616
                                            [WORKER  8] ia= 354, solar   , zout=65.3, eup=  194.99 +- 0.610177075
                                            [WORKER  1] ia= 342, thermal , zout=65.3, eup=  232.45 +- 0.358142023
                                            [WORKER 13] ia= 343, thermal , zout=65.3, eup=  232.32 +- 0.35994203
                                            [WORKER  2] ia= 355, solar   , zout=65.3, eup=  194.38 +- 0.603894137
                                            [WORKER  5] ia= 356, solar   , zout=65.3, eup=  194.59 +- 0.608083947
                                            [WORKER 18] ia= 357, solar   , zout=65.3, eup=  196.66 +- 0.614233917
                                            [WORKER  7] ia= 358, solar   , zout=65.3, eup=  198.58 +- 0.604589057
     Process 1 started calculating ia=361
                                            [WORKER  4] ia= 345, thermal , zout=65.3, eup=  231.73 +- 0.3616581
                                            [WORKER  6] ia= 344, thermal , zout=65.3, eup=  232.21 +- 0.357618643
     Process 13 started calculating ia=362
                                            [WORKER  9] ia= 359, solar   , zout=65.3, eup=  200.16 +- 0.595583319
                                            [WORKER 16] ia= 346, thermal , zout=65.3, eup=  231.40 +- 0.361515491
     Process 4 started calculating ia=363
     Process 6 started calculating ia=364
                                            [WORKER 12] ia= 347, thermal , zout=65.3, eup=  231.78 +- 0.338902683
     Process 16 started calculating ia=365
                                            [WORKER 15] ia= 348, thermal , zout=65.3, eup=  232.92 +- 0.330239228
                                            [WORKER 19] ia= 349, thermal , zout=65.3, eup=  232.03 +- 0.357733877
                                            [WORKER 11] ia= 350, thermal , zout=65.3, eup=  232.77 +- 0.343964326
     Process 12 started calculating ia=366
     Process 15 started calculating ia=367
     Process 19 started calculating ia=368
     Process 11 started calculating ia=369
                                            [WORKER 10] ia= 352, thermal , zout=65.3, eup=  233.45 +- 0.341648669
                                            [WORKER 17] ia= 353, thermal , zout=65.3, eup=  232.75 +- 0.34008696
                                            [WORKER 14] ia= 351, thermal , zout=65.3, eup=  231.76 +- 0.361468437
                                            [WORKER  8] ia= 354, thermal , zout=65.3, eup=  231.51 +- 0.35706906
                                            [WORKER  3] ia= 360, solar   , zout=65.3, eup=  203.07 +- 0.588068381
     Process 10 started calculating ia=370
     Process 14 started calculating ia=371
     Process 17 started calculating ia=372
     Process 8 started calculating ia=373
                                            [WORKER  5] ia= 356, thermal , zout=65.3, eup=  231.84 +- 0.351106984
                                            [WORKER  2] ia= 355, thermal , zout=65.3, eup=  231.87 +- 0.351197668
                                            [WORKER 18] ia= 357, thermal , zout=65.3, eup=  231.68 +- 0.354127071
                                            [WORKER  7] ia= 358, thermal , zout=65.3, eup=  231.93 +- 0.340710062
                                            [WORKER  1] ia= 361, solar   , zout=65.3, eup=  204.74 +- 0.578845555
                                            [WORKER 13] ia= 362, solar   , zout=65.3, eup=  208.35 +- 0.568536999
     Process 5 started calculating ia=374
     Process 2 started calculating ia=375
     Process 18 started calculating ia=376
     Process 7 started calculating ia=377
                                            [WORKER  9] ia= 359, thermal , zout=65.3, eup=  230.59 +- 0.357294258
                                            [WORKER  4] ia= 363, solar   , zout=65.3, eup=  210.00 +- 0.559795022
                                            [WORKER  6] ia= 364, solar   , zout=65.3, eup=  209.49 +- 0.564079689
     Process 9 started calculating ia=378
                                            [WORKER 16] ia= 365, solar   , zout=65.3, eup=  209.65 +- 0.564992073
                                            [WORKER 12] ia= 366, solar   , zout=65.3, eup=  211.88 +- 0.544340911
                                            [WORKER 15] ia= 367, solar   , zout=65.3, eup=  211.77 +- 0.55897269
                                            [WORKER 19] ia= 368, solar   , zout=65.3, eup=  212.31 +- 0.552218813
                                            [WORKER 11] ia= 369, solar   , zout=65.3, eup=  211.35 +- 0.563496343
                                            [WORKER  3] ia= 360, thermal , zout=65.3, eup=  232.75 +- 0.332912364
     Process 3 started calculating ia=379
                                            [WORKER 14] ia= 371, solar   , zout=65.3, eup=  210.42 +- 0.565201076
                                            [WORKER  8] ia= 373, solar   , zout=65.3, eup=  210.48 +- 0.573375446
                                            [WORKER 10] ia= 370, solar   , zout=65.3, eup=  211.85 +- 0.561494803
                                            [WORKER 17] ia= 372, solar   , zout=65.3, eup=  212.01 +- 0.555400229
                                            [WORKER  1] ia= 361, thermal , zout=65.3, eup=  232.66 +- 0.319923479
                                            [WORKER 13] ia= 362, thermal , zout=65.3, eup=  232.11 +- 0.34071215
     Process 1 started calculating ia=380
     Process 13 started calculating ia=381
                                            [WORKER  4] ia= 363, thermal , zout=65.3, eup=  233.06 +- 0.329790713
                                            [WORKER  5] ia= 374, solar   , zout=65.3, eup=  211.81 +- 0.567020373
                                            [WORKER  2] ia= 375, solar   , zout=65.3, eup=  211.71 +- 0.557519747
                                            [WORKER 18] ia= 376, solar   , zout=65.3, eup=  211.40 +- 0.56139647
                                            [WORKER  6] ia= 364, thermal , zout=65.3, eup=  232.88 +- 0.323944251
                                            [WORKER  7] ia= 377, solar   , zout=65.3, eup=  211.94 +- 0.562086695
                                            [WORKER 16] ia= 365, thermal , zout=65.3, eup=  232.71 +- 0.327422742
     Process 4 started calculating ia=382
                                            [WORKER  9] ia= 378, solar   , zout=65.3, eup=  212.51 +- 0.560266883
     Process 6 started calculating ia=383
                                            [WORKER 12] ia= 366, thermal , zout=65.3, eup=  232.17 +- 0.347097527
                                            [WORKER 15] ia= 367, thermal , zout=65.3, eup=  232.98 +- 0.323402503
     Process 16 started calculating ia=384
                                            [WORKER 19] ia= 368, thermal , zout=65.3, eup=  232.32 +- 0.335512425
                                            [WORKER 11] ia= 369, thermal , zout=65.3, eup=  232.47 +- 0.32572024
     Process 12 started calculating ia=385
     Process 15 started calculating ia=386
                                            [WORKER  3] ia= 379, solar   , zout=65.3, eup=  211.67 +- 0.57311207
                                            [WORKER  8] ia= 373, thermal , zout=65.3, eup=  232.36 +- 0.320428106
                                            [WORKER 14] ia= 371, thermal , zout=65.3, eup=  232.60 +- 0.323327759
                                            [WORKER 17] ia= 372, thermal , zout=65.3, eup=  231.44 +- 0.314686398
                                            [WORKER 10] ia= 370, thermal , zout=65.3, eup=  232.75 +- 0.325839359
     Process 19 started calculating ia=387
     Process 11 started calculating ia=388
     Process 8 started calculating ia=389
     Process 14 started calculating ia=390
     Process 17 started calculating ia=391
     Process 10 started calculating ia=392
                                            [WORKER  1] ia= 380, solar   , zout=65.3, eup=  210.00 +- 0.576808487
                                            [WORKER 13] ia= 381, solar   , zout=65.3, eup=  209.60 +- 0.567476275
                                            [WORKER  5] ia= 374, thermal , zout=65.3, eup=  232.48 +- 0.332979911
                                            [WORKER  2] ia= 375, thermal , zout=65.3, eup=  231.94 +- 0.335269263
                                            [WORKER 18] ia= 376, thermal , zout=65.3, eup=  231.92 +- 0.323443105
                                            [WORKER  7] ia= 377, thermal , zout=65.3, eup=  231.65 +- 0.331011665
     Process 5 started calculating ia=393
     Process 2 started calculating ia=394
     Process 18 started calculating ia=395
     Process 7 started calculating ia=396
                                            [WORKER  4] ia= 382, solar   , zout=65.3, eup=  206.52 +- 0.596583307
                                            [WORKER  6] ia= 383, solar   , zout=65.3, eup=  204.10 +- 0.609941562
                                            [WORKER 16] ia= 384, solar   , zout=65.3, eup=  203.36 +- 0.60866187
                                            [WORKER  9] ia= 378, thermal , zout=65.3, eup=  231.40 +- 0.336286563
     Process 9 started calculating ia=397
                                            [WORKER  3] ia= 379, thermal , zout=65.3, eup=  230.78 +- 0.315369532
                                            [WORKER 12] ia= 385, solar   , zout=65.3, eup=  201.44 +- 0.619869321
                                            [WORKER 15] ia= 386, solar   , zout=65.3, eup=  200.38 +- 0.632291744
     Process 3 started calculating ia=398
                                            [WORKER 19] ia= 387, solar   , zout=65.3, eup=  199.39 +- 0.635701543
                                            [WORKER 11] ia= 388, solar   , zout=65.3, eup=  199.09 +- 0.640362081
                                            [WORKER  1] ia= 380, thermal , zout=65.3, eup=  231.53 +- 0.331484502
                                            [WORKER 13] ia= 381, thermal , zout=65.3, eup=  231.32 +- 0.348049113
                                            [WORKER  8] ia= 389, solar   , zout=65.3, eup=  197.86 +- 0.652253744
                                            [WORKER 17] ia= 391, solar   , zout=65.3, eup=  198.46 +- 0.644664982
                                            [WORKER 10] ia= 392, solar   , zout=65.3, eup=  196.86 +- 0.639653679
                                            [WORKER 14] ia= 390, solar   , zout=65.3, eup=  198.66 +- 0.639077061
     Process 1 started calculating ia=399
     Process 13 started calculating ia=400
                                            [WORKER  5] ia= 393, solar   , zout=65.3, eup=  197.88 +- 0.647107449
                                            [WORKER  4] ia= 382, thermal , zout=65.3, eup=  230.43 +- 0.351614493
                                            [WORKER  2] ia= 394, solar   , zout=65.3, eup=  197.47 +- 0.643215223
                                            [WORKER 18] ia= 395, solar   , zout=65.3, eup=  198.35 +- 0.645184804
                                            [WORKER  7] ia= 396, solar   , zout=65.3, eup=  199.57 +- 0.632855402
                                            [WORKER  6] ia= 383, thermal , zout=65.3, eup=  231.50 +- 0.331225798
                                            [WORKER 16] ia= 384, thermal , zout=65.3, eup=  231.53 +- 0.338256043
     Process 4 started calculating ia=401
     Process 6 started calculating ia=402
     Process 16 started calculating ia=403
                                            [WORKER  9] ia= 397, solar   , zout=65.3, eup=  198.45 +- 0.64751143
                                            [WORKER 12] ia= 385, thermal , zout=65.3, eup=  231.71 +- 0.336560238
                                            [WORKER 15] ia= 386, thermal , zout=65.3, eup=  234.49 +- 0.312577905
     Process 12 started calculating ia=404
     Process 15 started calculating ia=405
                                            [WORKER 19] ia= 387, thermal , zout=65.3, eup=  234.35 +- 0.319718147
                                            [WORKER 11] ia= 388, thermal , zout=65.3, eup=  234.02 +- 0.322700092
                                            [WORKER  3] ia= 398, solar   , zout=65.3, eup=  199.55 +- 0.642091259
     Process 19 started calculating ia=406
     Process 11 started calculating ia=407
                                            [WORKER 17] ia= 391, thermal , zout=65.3, eup=  234.53 +- 0.303832628
                                            [WORKER 14] ia= 390, thermal , zout=65.3, eup=  233.86 +- 0.327081656
                                            [WORKER  8] ia= 389, thermal , zout=65.3, eup=  234.02 +- 0.321111044
                                            [WORKER 10] ia= 392, thermal , zout=65.3, eup=  232.87 +- 0.323077353
     Process 17 started calculating ia=408
     Process 14 started calculating ia=409
     Process 8 started calculating ia=410
     Process 10 started calculating ia=411
                                            [WORKER  1] ia= 399, solar   , zout=65.3, eup=  198.64 +- 0.647237287
                                            [WORKER 13] ia= 400, solar   , zout=65.3, eup=  198.18 +- 0.655590134
                                            [WORKER  5] ia= 393, thermal , zout=65.3, eup=  233.54 +- 0.329861655
                                            [WORKER  2] ia= 394, thermal , zout=65.3, eup=  230.54 +- 0.343376705
                                            [WORKER 18] ia= 395, thermal , zout=65.3, eup=  230.28 +- 0.333467943
     Process 5 started calculating ia=412
                                            [WORKER  7] ia= 396, thermal , zout=65.3, eup=  229.56 +- 0.338032687
     Process 2 started calculating ia=413
     Process 18 started calculating ia=414
     Process 7 started calculating ia=415
                                            [WORKER  4] ia= 401, solar   , zout=65.3, eup=  199.49 +- 0.643659754
                                            [WORKER  9] ia= 397, thermal , zout=65.3, eup=  228.54 +- 0.361354971
                                            [WORKER  6] ia= 402, solar   , zout=65.3, eup=  197.02 +- 0.646005989
                                            [WORKER 16] ia= 403, solar   , zout=65.3, eup=  196.13 +- 0.660832324
     Process 9 started calculating ia=416
                                            [WORKER  3] ia= 398, thermal , zout=65.3, eup=  228.43 +- 0.367560664
                                            [WORKER 12] ia= 404, solar   , zout=65.3, eup=  198.61 +- 0.652631571
                                            [WORKER 15] ia= 405, solar   , zout=65.3, eup=  198.08 +- 0.656133914
     Process 3 started calculating ia=417
                                            [WORKER 19] ia= 406, solar   , zout=65.3, eup=  196.11 +- 0.664779904
                                            [WORKER 11] ia= 407, solar   , zout=65.3, eup=  195.90 +- 0.668021194
                                            [WORKER 13] ia= 400, thermal , zout=65.3, eup=  227.87 +- 0.354533401
                                            [WORKER  1] ia= 399, thermal , zout=65.3, eup=  234.69 +- 0.293174493
                                            [WORKER 17] ia= 408, solar   , zout=65.3, eup=  196.67 +- 0.673835268
                                            [WORKER  8] ia= 410, solar   , zout=65.3, eup=  193.75 +- 0.682238975
                                            [WORKER 14] ia= 409, solar   , zout=65.3, eup=  198.56 +- 0.6568225
                                            [WORKER 10] ia= 411, solar   , zout=65.3, eup=  193.79 +- 0.671985728
     Process 13 started calculating ia=418
     Process 1 started calculating ia=419
                                            [WORKER  5] ia= 412, solar   , zout=65.3, eup=  194.67 +- 0.669430789
                                            [WORKER  4] ia= 401, thermal , zout=65.3, eup=  233.82 +- 0.30781049
                                            [WORKER  2] ia= 413, solar   , zout=65.3, eup=  193.51 +- 0.676209331
                                            [WORKER 18] ia= 414, solar   , zout=65.3, eup=  193.60 +- 0.6745683
                                            [WORKER  7] ia= 415, solar   , zout=65.3, eup=  192.93 +- 0.680344669
                                            [WORKER  6] ia= 402, thermal , zout=65.3, eup=  223.21 +- 0.380511276
     Process 4 started calculating ia=420
                                            [WORKER 16] ia= 403, thermal , zout=65.3, eup=  234.09 +- 0.29269339
     Process 6 started calculating ia=421
     Process 16 started calculating ia=422
                                            [WORKER  9] ia= 416, solar   , zout=65.3, eup=  192.84 +- 0.679048194
                                            [WORKER 12] ia= 404, thermal , zout=65.3, eup=  227.65 +- 0.357761868
                                            [WORKER 15] ia= 405, thermal , zout=65.3, eup=  226.68 +- 0.370948884
                                            [WORKER 19] ia= 406, thermal , zout=65.3, eup=  226.19 +- 0.368093428
                                            [WORKER 11] ia= 407, thermal , zout=65.3, eup=  226.17 +- 0.377866794
     Process 15 started calculating ia=423
     Process 12 started calculating ia=424
                                            [WORKER  3] ia= 417, solar   , zout=65.3, eup=  193.34 +- 0.682935649
     Process 19 started calculating ia=425
     Process 11 started calculating ia=426
                                            [WORKER 17] ia= 408, thermal , zout=65.3, eup=  228.32 +- 0.360138642
                                            [WORKER  8] ia= 410, thermal , zout=65.3, eup=  229.70 +- 0.37511919
                                            [WORKER 10] ia= 411, thermal , zout=65.3, eup=  230.34 +- 0.366305143
                                            [WORKER 14] ia= 409, thermal , zout=65.3, eup=  230.15 +- 0.351657325
     Process 17 started calculating ia=427
     Process 8 started calculating ia=428
     Process 10 started calculating ia=429
     Process 14 started calculating ia=430
                                            [WORKER  1] ia= 419, solar   , zout=65.3, eup=  188.73 +- 0.688647548
                                            [WORKER 13] ia= 418, solar   , zout=65.3, eup=  191.38 +- 0.683714109
                                            [WORKER  5] ia= 412, thermal , zout=65.3, eup=  229.65 +- 0.376760443
                                            [WORKER  2] ia= 413, thermal , zout=65.3, eup=  230.84 +- 0.370590391
     Process 5 started calculating ia=431
                                            [WORKER 18] ia= 414, thermal , zout=65.3, eup=  231.37 +- 0.381415973
                                            [WORKER  7] ia= 415, thermal , zout=65.3, eup=  231.47 +- 0.367021686
                                            [WORKER  4] ia= 420, solar   , zout=65.3, eup=  184.20 +- 0.699267146
     Process 2 started calculating ia=432
     Process 18 started calculating ia=433
     Process 7 started calculating ia=434
                                            [WORKER  6] ia= 421, solar   , zout=65.3, eup=  182.35 +- 0.694002117
                                            [WORKER 16] ia= 422, solar   , zout=65.3, eup=  182.66 +- 0.693534249
                                            [WORKER  9] ia= 416, thermal , zout=65.3, eup=  231.79 +- 0.376266803
     Process 9 started calculating ia=435
                                            [WORKER  3] ia= 417, thermal , zout=65.3, eup=  231.68 +- 0.380958368
                                            [WORKER 15] ia= 423, solar   , zout=65.3, eup=  184.47 +- 0.69560542
                                            [WORKER 12] ia= 424, solar   , zout=65.3, eup=  186.38 +- 0.684560757
     Process 3 started calculating ia=436
                                            [WORKER 19] ia= 425, solar   , zout=65.3, eup=  185.36 +- 0.689787419
                                            [WORKER 11] ia= 426, solar   , zout=65.3, eup=  188.22 +- 0.683820393
                                            [WORKER  1] ia= 419, thermal , zout=65.3, eup=  232.40 +- 0.381038917
                                            [WORKER 13] ia= 418, thermal , zout=65.3, eup=  232.16 +- 0.390756146
                                            [WORKER  8] ia= 428, solar   , zout=65.3, eup=  188.38 +- 0.681436022
                                            [WORKER 10] ia= 429, solar   , zout=65.3, eup=  185.68 +- 0.695031184
                                            [WORKER 14] ia= 430, solar   , zout=65.3, eup=  185.05 +- 0.688443252
                                            [WORKER 17] ia= 427, solar   , zout=65.3, eup=  188.80 +- 0.677802728
     Process 1 started calculating ia=437
     Process 13 started calculating ia=438
                                            [WORKER  4] ia= 420, thermal , zout=65.3, eup=  232.64 +- 0.408385405
                                            [WORKER  5] ia= 431, solar   , zout=65.3, eup=  182.18 +- 0.706212112
     Process 4 started calculating ia=439
                                            [WORKER  2] ia= 432, solar   , zout=65.3, eup=  182.45 +- 0.697139205
                                            [WORKER  7] ia= 434, solar   , zout=65.3, eup=  183.87 +- 0.680890586
                                            [WORKER 18] ia= 433, solar   , zout=65.3, eup=  181.71 +- 0.683100495
                                            [WORKER 16] ia= 422, thermal , zout=65.3, eup=  233.28 +- 0.384577013
                                            [WORKER  6] ia= 421, thermal , zout=65.3, eup=  233.32 +- 0.383087935
     Process 16 started calculating ia=440
     Process 6 started calculating ia=441
                                            [WORKER 15] ia= 423, thermal , zout=65.3, eup=  234.70 +- 0.38512108
                                            [WORKER 12] ia= 424, thermal , zout=65.3, eup=  234.27 +- 0.410656851
                                            [WORKER  9] ia= 435, solar   , zout=65.3, eup=  180.98 +- 0.694919947
                                            [WORKER 19] ia= 425, thermal , zout=65.3, eup=  234.34 +- 0.405129888
                                            [WORKER 11] ia= 426, thermal , zout=65.3, eup=  235.01 +- 0.415835185
                                            [WORKER  3] ia= 436, solar   , zout=65.3, eup=  180.97 +- 0.696494352
     Process 15 started calculating ia=442
     Process 12 started calculating ia=443
     Process 19 started calculating ia=444
     Process 11 started calculating ia=445
                                            [WORKER  8] ia= 428, thermal , zout=65.3, eup=  237.49 +- 0.394504943
                                            [WORKER 10] ia= 429, thermal , zout=65.3, eup=  238.88 +- 0.386396139
                                            [WORKER 17] ia= 427, thermal , zout=65.3, eup=  235.81 +- 0.409632812
                                            [WORKER 14] ia= 430, thermal , zout=65.3, eup=  239.69 +- 0.384196776
                                            [WORKER  1] ia= 437, solar   , zout=65.3, eup=  181.90 +- 0.697158399
                                            [WORKER  5] ia= 431, thermal , zout=65.3, eup=  239.65 +- 0.385777783
                                            [WORKER 13] ia= 438, solar   , zout=65.3, eup=  181.59 +- 0.698830374
     Process 8 started calculating ia=446
     Process 17 started calculating ia=447
     Process 10 started calculating ia=448
     Process 14 started calculating ia=449
                                            [WORKER  4] ia= 439, solar   , zout=65.3, eup=  182.52 +- 0.698048107
     Process 5 started calculating ia=450
                                            [WORKER  2] ia= 432, thermal , zout=65.3, eup=  240.12 +- 0.387618531
                                            [WORKER  7] ia= 434, thermal , zout=65.3, eup=  240.79 +- 0.382605555
                                            [WORKER 18] ia= 433, thermal , zout=65.3, eup=  240.70 +- 0.380144495
     Process 2 started calculating ia=451
     Process 7 started calculating ia=452
     Process 18 started calculating ia=453
                                            [WORKER 16] ia= 440, solar   , zout=65.3, eup=  181.54 +- 0.703726045
                                            [WORKER  6] ia= 441, solar   , zout=65.3, eup=  180.03 +- 0.676994778
                                            [WORKER  9] ia= 435, thermal , zout=65.3, eup=  240.54 +- 0.387478612
     Process 9 started calculating ia=454
                                            [WORKER  3] ia= 436, thermal , zout=65.3, eup=  240.41 +- 0.392355975
     Process 3 started calculating ia=455
                                            [WORKER 19] ia= 444, solar   , zout=65.3, eup=  180.37 +- 0.704884067
                                            [WORKER 15] ia= 442, solar   , zout=65.3, eup=  181.28 +- 0.695578064
                                            [WORKER 12] ia= 443, solar   , zout=65.3, eup=  180.41 +- 0.702755216
                                            [WORKER 11] ia= 445, solar   , zout=65.3, eup=  181.68 +- 0.705240543
                                            [WORKER  1] ia= 437, thermal , zout=65.3, eup=  241.08 +- 0.397841569
                                            [WORKER 13] ia= 438, thermal , zout=65.3, eup=  239.80 +- 0.415594577
                                            [WORKER  4] ia= 439, thermal , zout=65.3, eup=  239.99 +- 0.407992368
     Process 1 started calculating ia=456
     Process 13 started calculating ia=457
                                            [WORKER  8] ia= 446, solar   , zout=65.3, eup=  180.38 +- 0.698626326
                                            [WORKER 10] ia= 448, solar   , zout=65.3, eup=  179.34 +- 0.712160881
                                            [WORKER 14] ia= 449, solar   , zout=65.3, eup=  180.22 +- 0.714041672
                                            [WORKER 17] ia= 447, solar   , zout=65.3, eup=  179.65 +- 0.710048245
                                            [WORKER  5] ia= 450, solar   , zout=65.3, eup=  182.81 +- 0.705923593
     Process 4 started calculating ia=458
                                            [WORKER 16] ia= 440, thermal , zout=65.3, eup=  239.91 +- 0.401727389
                                            [WORKER  6] ia= 441, thermal , zout=65.3, eup=  239.00 +- 0.38092107
                                            [WORKER  2] ia= 451, solar   , zout=65.3, eup=  184.54 +- 0.708575338
                                            [WORKER  7] ia= 452, solar   , zout=65.3, eup=  184.68 +- 0.713601289
                                            [WORKER 18] ia= 453, solar   , zout=65.3, eup=  186.17 +- 0.709377926
     Process 16 started calculating ia=459
     Process 6 started calculating ia=460
                                            [WORKER  9] ia= 454, solar   , zout=65.3, eup=  188.52 +- 0.704261561
                                            [WORKER  3] ia= 455, solar   , zout=65.3, eup=  187.87 +- 0.711918207
                                            [WORKER 19] ia= 444, thermal , zout=65.3, eup=  241.60 +- 0.388203612
                                            [WORKER 15] ia= 442, thermal , zout=65.3, eup=  240.18 +- 0.4058602
                                            [WORKER 11] ia= 445, thermal , zout=65.3, eup=  241.12 +- 0.389961442
                                            [WORKER 12] ia= 443, thermal , zout=65.3, eup=  240.79 +- 0.394455988
     Process 19 started calculating ia=461
     Process 15 started calculating ia=462
     Process 11 started calculating ia=463
     Process 12 started calculating ia=464
                                            [WORKER  1] ia= 456, solar   , zout=65.3, eup=  190.03 +- 0.705751979
                                            [WORKER 13] ia= 457, solar   , zout=65.3, eup=  189.69 +- 0.709367423
                                            [WORKER  4] ia= 458, solar   , zout=65.3, eup=  189.50 +- 0.702668805
                                            [WORKER  8] ia= 446, thermal , zout=65.3, eup=  239.57 +- 0.408056881
                                            [WORKER 10] ia= 448, thermal , zout=65.3, eup=  242.08 +- 0.378442618
                                            [WORKER 17] ia= 447, thermal , zout=65.3, eup=  243.00 +- 0.351271657
                                            [WORKER 14] ia= 449, thermal , zout=65.3, eup=  242.37 +- 0.360032061
                                            [WORKER  5] ia= 450, thermal , zout=65.3, eup=  243.74 +- 0.331689681
     Process 8 started calculating ia=465
     Process 10 started calculating ia=466
     Process 17 started calculating ia=467
     Process 14 started calculating ia=468
     Process 5 started calculating ia=469
                                            [WORKER  2] ia= 451, thermal , zout=65.3, eup=  243.33 +- 0.348134719
                                            [WORKER  7] ia= 452, thermal , zout=65.3, eup=  243.09 +- 0.336716613
                                            [WORKER 18] ia= 453, thermal , zout=65.3, eup=  242.13 +- 0.34177936
                                            [WORKER 16] ia= 459, solar   , zout=65.3, eup=  190.90 +- 0.706130597
                                            [WORKER  6] ia= 460, solar   , zout=65.3, eup=  192.20 +- 0.695553363
     Process 2 started calculating ia=470
     Process 7 started calculating ia=471
     Process 18 started calculating ia=472
                                            [WORKER  9] ia= 454, thermal , zout=65.3, eup=  241.95 +- 0.336211149
                                            [WORKER  3] ia= 455, thermal , zout=65.3, eup=  241.79 +- 0.330149084
     Process 9 started calculating ia=473
     Process 3 started calculating ia=474
                                            [WORKER  1] ia= 456, thermal , zout=65.3, eup=  236.39 +- 0.394373399
                                            [WORKER 13] ia= 457, thermal , zout=65.3, eup=  239.03 +- 0.364446617
     Process 1 started calculating ia=475
     Process 13 started calculating ia=476
                                            [WORKER 19] ia= 461, solar   , zout=65.3, eup=  191.72 +- 0.702229014
                                            [WORKER 15] ia= 462, solar   , zout=65.3, eup=  192.04 +- 0.705853952
                                            [WORKER 12] ia= 464, solar   , zout=65.3, eup=  194.23 +- 0.701412999
                                            [WORKER 11] ia= 463, solar   , zout=65.3, eup=  192.60 +- 0.702639115
                                            [WORKER  4] ia= 458, thermal , zout=65.3, eup=  240.64 +- 0.330853967
     Process 4 started calculating ia=477
                                            [WORKER 10] ia= 466, solar   , zout=65.3, eup=  193.40 +- 0.703188321
                                            [WORKER  8] ia= 465, solar   , zout=65.3, eup=  194.53 +- 0.696825952
                                            [WORKER  5] ia= 469, solar   , zout=65.3, eup=  194.01 +- 0.707825568
                                            [WORKER 17] ia= 467, solar   , zout=65.3, eup=  194.04 +- 0.703664679
                                            [WORKER 14] ia= 468, solar   , zout=65.3, eup=  193.46 +- 0.70618485
                                            [WORKER 16] ia= 459, thermal , zout=65.3, eup=  241.08 +- 0.326793923
                                            [WORKER  6] ia= 460, thermal , zout=65.3, eup=  240.08 +- 0.339723719
                                            [WORKER  2] ia= 470, solar   , zout=65.3, eup=  193.73 +- 0.706139397
     Process 16 started calculating ia=478
                                            [WORKER  7] ia= 471, solar   , zout=65.3, eup=  192.99 +- 0.696322447
                                            [WORKER 18] ia= 472, solar   , zout=65.3, eup=  193.10 +- 0.691157258
     Process 6 started calculating ia=479
                                            [WORKER  3] ia= 474, solar   , zout=65.3, eup=  192.39 +- 0.706843293
                                            [WORKER  9] ia= 473, solar   , zout=65.3, eup=  193.13 +- 0.703388292
                                            [WORKER  1] ia= 475, solar   , zout=65.3, eup=  193.20 +- 0.71108039
                                            [WORKER 13] ia= 476, solar   , zout=65.3, eup=  193.14 +- 0.706129078
                                            [WORKER 19] ia= 461, thermal , zout=65.3, eup=  241.40 +- 0.31221848
                                            [WORKER 15] ia= 462, thermal , zout=65.3, eup=  241.48 +- 0.31029732
                                            [WORKER 12] ia= 464, thermal , zout=65.3, eup=  239.30 +- 0.332170188
                                            [WORKER 11] ia= 463, thermal , zout=65.3, eup=  239.95 +- 0.327147117
     Process 19 started calculating ia=480
     Process 15 started calculating ia=481
     Process 11 started calculating ia=482
     Process 12 started calculating ia=483
                                            [WORKER  4] ia= 477, solar   , zout=65.3, eup=  192.83 +- 0.71063381
                                            [WORKER 10] ia= 466, thermal , zout=65.3, eup=  237.95 +- 0.335792444
                                            [WORKER  8] ia= 465, thermal , zout=65.3, eup=  240.27 +- 0.320638897
                                            [WORKER  5] ia= 469, thermal , zout=65.3, eup=  237.59 +- 0.332949043
     Process 10 started calculating ia=484
                                            [WORKER 17] ia= 467, thermal , zout=65.3, eup=  238.69 +- 0.335389566
     Process 8 started calculating ia=485
     Process 5 started calculating ia=486
                                            [WORKER 14] ia= 468, thermal , zout=65.3, eup=  238.09 +- 0.322014404
     Process 17 started calculating ia=487
     Process 14 started calculating ia=488
                                            [WORKER  2] ia= 470, thermal , zout=65.3, eup=  237.48 +- 0.323363878
                                            [WORKER 16] ia= 478, solar   , zout=65.3, eup=  193.19 +- 0.717122557
     Process 2 started calculating ia=489
                                            [WORKER 18] ia= 472, thermal , zout=65.3, eup=  235.94 +- 0.33211606
                                            [WORKER  7] ia= 471, thermal , zout=65.3, eup=  235.66 +- 0.336661324
                                            [WORKER  6] ia= 479, solar   , zout=65.3, eup=  191.84 +- 0.722156703
                                            [WORKER  3] ia= 474, thermal , zout=65.3, eup=  236.33 +- 0.321069927
     Process 18 started calculating ia=490
     Process 7 started calculating ia=491
                                            [WORKER  9] ia= 473, thermal , zout=65.3, eup=  236.17 +- 0.336163766
     Process 3 started calculating ia=492
     Process 9 started calculating ia=493
                                            [WORKER  1] ia= 475, thermal , zout=65.3, eup=  236.65 +- 0.316584466
                                            [WORKER 13] ia= 476, thermal , zout=65.3, eup=  236.55 +- 0.31161524
     Process 1 started calculating ia=494
     Process 13 started calculating ia=495
                                            [WORKER 19] ia= 480, solar   , zout=65.3, eup=  191.37 +- 0.726730737
                                            [WORKER 12] ia= 483, solar   , zout=65.3, eup=  191.08 +- 0.726722208
                                            [WORKER 11] ia= 482, solar   , zout=65.3, eup=  190.89 +- 0.722663302
                                            [WORKER 15] ia= 481, solar   , zout=65.3, eup=  190.14 +- 0.713919788
                                            [WORKER  4] ia= 477, thermal , zout=65.3, eup=  236.93 +- 0.313531092
     Process 4 started calculating ia=496
                                            [WORKER 10] ia= 484, solar   , zout=65.3, eup=  191.91 +- 0.729584184
                                            [WORKER  8] ia= 485, solar   , zout=65.3, eup=  193.58 +- 0.724685747
                                            [WORKER  5] ia= 486, solar   , zout=65.3, eup=  194.41 +- 0.72088939
                                            [WORKER 14] ia= 488, solar   , zout=65.3, eup=  196.11 +- 0.725818663
                                            [WORKER 17] ia= 487, solar   , zout=65.3, eup=  195.02 +- 0.721756081
                                            [WORKER 16] ia= 478, thermal , zout=65.3, eup=  237.03 +- 0.300281469
                                            [WORKER  6] ia= 479, thermal , zout=65.3, eup=  237.30 +- 0.293055852
                                            [WORKER  2] ia= 489, solar   , zout=65.3, eup=  198.95 +- 0.713689779
     Process 16 started calculating ia=497
     Process 6 started calculating ia=498
                                            [WORKER  7] ia= 491, solar   , zout=65.3, eup=  199.09 +- 0.720919238
                                            [WORKER 18] ia= 490, solar   , zout=65.3, eup=  197.06 +- 0.727524193
                                            [WORKER  3] ia= 492, solar   , zout=65.3, eup=  199.01 +- 0.723380226
                                            [WORKER  9] ia= 493, solar   , zout=65.3, eup=  199.19 +- 0.730925514
                                            [WORKER  1] ia= 494, solar   , zout=65.3, eup=  199.89 +- 0.715752946
                                            [WORKER 13] ia= 495, solar   , zout=65.3, eup=  198.93 +- 0.728607336
                                            [WORKER 12] ia= 483, thermal , zout=65.3, eup=  236.34 +- 0.285756485
                                            [WORKER 19] ia= 480, thermal , zout=65.3, eup=  237.02 +- 0.304438918
                                            [WORKER 15] ia= 481, thermal , zout=65.3, eup=  237.10 +- 0.260079059
                                            [WORKER 11] ia= 482, thermal , zout=65.3, eup=  237.30 +- 0.279797725
     Process 12 started calculating ia=499
     Process 19 started calculating ia=500
     Process 11 started calculating ia=501
     Process 15 started calculating ia=502
                                            [WORKER  4] ia= 496, solar   , zout=65.3, eup=  200.86 +- 0.719195518
                                            [WORKER 10] ia= 484, thermal , zout=65.3, eup=  237.04 +- 0.260541446
                                            [WORKER  5] ia= 486, thermal , zout=65.3, eup=  235.54 +- 0.271087576
                                            [WORKER  8] ia= 485, thermal , zout=65.3, eup=  236.39 +- 0.277502028
                                            [WORKER 17] ia= 487, thermal , zout=65.3, eup=  235.37 +- 0.275988491
                                            [WORKER 14] ia= 488, thermal , zout=65.3, eup=  235.00 +- 0.26405606
     Process 10 started calculating ia=503
     Process 5 started calculating ia=504
     Process 8 started calculating ia=505
                                            [WORKER  2] ia= 489, thermal , zout=65.3, eup=  228.07 +- 0.343153935
     Process 17 started calculating ia=506
     Process 14 started calculating ia=507
                                            [WORKER 16] ia= 497, solar   , zout=65.3, eup=  200.03 +- 0.721605145
                                            [WORKER  6] ia= 498, solar   , zout=65.3, eup=  198.45 +- 0.728057554
                                            [WORKER  3] ia= 492, thermal , zout=65.3, eup=  233.16 +- 0.272065796
                                            [WORKER  7] ia= 491, thermal , zout=65.3, eup=  232.16 +- 0.28556721
                                            [WORKER 18] ia= 490, thermal , zout=65.3, eup=  234.18 +- 0.251127799
     Process 2 started calculating ia=508
                                            [WORKER  9] ia= 493, thermal , zout=65.3, eup=  228.82 +- 0.314582336
                                            [WORKER  1] ia= 494, thermal , zout=65.3, eup=  233.30 +- 0.270289336
                                            [WORKER 13] ia= 495, thermal , zout=65.3, eup=  233.17 +- 0.267979231
     Process 3 started calculating ia=509
     Process 7 started calculating ia=510
     Process 18 started calculating ia=511
     Process 9 started calculating ia=512
     Process 1 started calculating ia=513
     Process 13 started calculating ia=514
                                            [WORKER  4] ia= 496, thermal , zout=65.3, eup=  233.51 +- 0.251592541
                                            [WORKER 12] ia= 499, solar   , zout=65.3, eup=  199.80 +- 0.726611802
                                            [WORKER 11] ia= 501, solar   , zout=65.3, eup=  200.45 +- 0.726965475
                                            [WORKER 19] ia= 500, solar   , zout=65.3, eup=  198.87 +- 0.731447961
     Process 4 started calculating ia=515
                                            [WORKER 15] ia= 502, solar   , zout=65.3, eup=  201.74 +- 0.716971145
                                            [WORKER 10] ia= 503, solar   , zout=65.3, eup=  202.75 +- 0.723293003
                                            [WORKER  5] ia= 504, solar   , zout=65.3, eup=  204.15 +- 0.71356913
                                            [WORKER  8] ia= 505, solar   , zout=65.3, eup=  203.89 +- 0.720100792
                                            [WORKER 17] ia= 506, solar   , zout=65.3, eup=  204.03 +- 0.720913492
                                            [WORKER 14] ia= 507, solar   , zout=65.3, eup=  204.03 +- 0.715622608
                                            [WORKER 16] ia= 497, thermal , zout=65.3, eup=  233.42 +- 0.245934594
                                            [WORKER  6] ia= 498, thermal , zout=65.3, eup=  233.27 +- 0.274874725
                                            [WORKER  2] ia= 508, solar   , zout=65.3, eup=  202.74 +- 0.723418622
     Process 16 started calculating ia=516
     Process 6 started calculating ia=517
                                            [WORKER  3] ia= 509, solar   , zout=65.3, eup=  203.40 +- 0.716852836
                                            [WORKER  7] ia= 510, solar   , zout=65.3, eup=  201.81 +- 0.728418093
                                            [WORKER 18] ia= 511, solar   , zout=65.3, eup=  201.15 +- 0.725399974
                                            [WORKER  1] ia= 513, solar   , zout=65.3, eup=  197.13 +- 0.737526604
                                            [WORKER 13] ia= 514, solar   , zout=65.3, eup=  195.41 +- 0.742776537
                                            [WORKER  9] ia= 512, solar   , zout=65.3, eup=  198.64 +- 0.734365828
                                            [WORKER 12] ia= 499, thermal , zout=65.3, eup=  233.19 +- 0.261027006
                                            [WORKER 11] ia= 501, thermal , zout=65.3, eup=  233.29 +- 0.259089026
                                            [WORKER 19] ia= 500, thermal , zout=65.3, eup=  233.17 +- 0.257412282
                                            [WORKER 15] ia= 502, thermal , zout=65.3, eup=  233.03 +- 0.246776119
                                            [WORKER  4] ia= 515, solar   , zout=65.3, eup=  193.14 +- 0.746037786
     Process 12 started calculating ia=518
     Process 11 started calculating ia=519
     Process 19 started calculating ia=520
     Process 15 started calculating ia=521
                                            [WORKER  5] ia= 504, thermal , zout=65.3, eup=  232.21 +- 0.277620312
                                            [WORKER 10] ia= 503, thermal , zout=65.3, eup=  232.68 +- 0.250465258
                                            [WORKER  8] ia= 505, thermal , zout=65.3, eup=  232.33 +- 0.257190445
                                            [WORKER 17] ia= 506, thermal , zout=65.3, eup=  232.62 +- 0.250678513
                                            [WORKER 14] ia= 507, thermal , zout=65.3, eup=  232.56 +- 0.254792969
     Process 5 started calculating ia=522
     Process 10 started calculating ia=523
     Process 8 started calculating ia=524
     Process 17 started calculating ia=525
     Process 14 started calculating ia=526
                                            [WORKER  2] ia= 508, thermal , zout=65.3, eup=  233.71 +- 0.233166384
                                            [WORKER  3] ia= 509, thermal , zout=65.3, eup=  233.48 +- 0.247963035
                                            [WORKER 16] ia= 516, solar   , zout=65.3, eup=  193.23 +- 0.747108927
                                            [WORKER  6] ia= 517, solar   , zout=65.3, eup=  193.75 +- 0.755571887
     Process 2 started calculating ia=527
                                            [WORKER 18] ia= 511, thermal , zout=65.3, eup=  233.80 +- 0.268765758
                                            [WORKER  7] ia= 510, thermal , zout=65.3, eup=  233.50 +- 0.281277496
     Process 3 started calculating ia=528
     Process 18 started calculating ia=529
     Process 7 started calculating ia=530
                                            [WORKER  1] ia= 513, thermal , zout=65.3, eup=  234.88 +- 0.269467208
                                            [WORKER 13] ia= 514, thermal , zout=65.3, eup=  235.28 +- 0.287634933
                                            [WORKER  9] ia= 512, thermal , zout=65.3, eup=  234.32 +- 0.271444153
     Process 1 started calculating ia=531
     Process 13 started calculating ia=532
     Process 9 started calculating ia=533
                                            [WORKER  4] ia= 515, thermal , zout=65.3, eup=  235.07 +- 0.286943349
     Process 4 started calculating ia=534
                                            [WORKER 12] ia= 518, solar   , zout=65.3, eup=  195.46 +- 0.744150157
                                            [WORKER 11] ia= 519, solar   , zout=65.3, eup=  195.86 +- 0.745091149
                                            [WORKER 19] ia= 520, solar   , zout=65.3, eup=  197.66 +- 0.736509832
                                            [WORKER 15] ia= 521, solar   , zout=65.3, eup=  199.61 +- 0.733837499
                                            [WORKER  5] ia= 522, solar   , zout=65.3, eup=  198.33 +- 0.744715751
                                            [WORKER 10] ia= 523, solar   , zout=65.3, eup=  199.58 +- 0.741214717
                                            [WORKER 14] ia= 526, solar   , zout=65.3, eup=  200.06 +- 0.736557983
                                            [WORKER 17] ia= 525, solar   , zout=65.3, eup=  200.58 +- 0.733800176
                                            [WORKER  8] ia= 524, solar   , zout=65.3, eup=  199.76 +- 0.740691756
                                            [WORKER 16] ia= 516, thermal , zout=65.3, eup=  235.08 +- 0.27247394
                                            [WORKER  6] ia= 517, thermal , zout=65.3, eup=  235.69 +- 0.267333538
                                            [WORKER  2] ia= 527, solar   , zout=65.3, eup=  198.62 +- 0.746321638
                                            [WORKER  3] ia= 528, solar   , zout=65.3, eup=  197.30 +- 0.746657473
     Process 16 started calculating ia=535
     Process 6 started calculating ia=536
                                            [WORKER 18] ia= 529, solar   , zout=65.3, eup=  198.93 +- 0.741623674
                                            [WORKER  7] ia= 530, solar   , zout=65.3, eup=  198.77 +- 0.743998316
                                            [WORKER  1] ia= 531, solar   , zout=65.3, eup=  196.45 +- 0.756157316
                                            [WORKER 13] ia= 532, solar   , zout=65.3, eup=  196.00 +- 0.754486454
                                            [WORKER  9] ia= 533, solar   , zout=65.3, eup=  198.19 +- 0.751690668
                                            [WORKER  4] ia= 534, solar   , zout=65.3, eup=  199.17 +- 0.750561663
                                            [WORKER 12] ia= 518, thermal , zout=65.3, eup=  235.55 +- 0.269709252
                                            [WORKER 11] ia= 519, thermal , zout=65.3, eup=  235.68 +- 0.269515148
                                            [WORKER 19] ia= 520, thermal , zout=65.3, eup=  235.55 +- 0.266664211
                                            [WORKER 15] ia= 521, thermal , zout=65.3, eup=  235.67 +- 0.264964207
     Process 12 started calculating ia=537
     Process 11 started calculating ia=538
     Process 19 started calculating ia=539
     Process 15 started calculating ia=540
                                            [WORKER  5] ia= 522, thermal , zout=65.3, eup=  235.26 +- 0.261986766
                                            [WORKER 10] ia= 523, thermal , zout=65.3, eup=  234.88 +- 0.273257932
                                            [WORKER 14] ia= 526, thermal , zout=65.3, eup=  234.73 +- 0.27853816
                                            [WORKER  8] ia= 524, thermal , zout=65.3, eup=  234.44 +- 0.273324289
                                            [WORKER 17] ia= 525, thermal , zout=65.3, eup=  234.34 +- 0.293880075
     Process 5 started calculating ia=541
     Process 10 started calculating ia=542
     Process 14 started calculating ia=543
     Process 8 started calculating ia=544
     Process 17 started calculating ia=545
                                            [WORKER  2] ia= 527, thermal , zout=65.3, eup=  234.61 +- 0.275589053
                                            [WORKER  3] ia= 528, thermal , zout=65.3, eup=  234.72 +- 0.2804449
     Process 2 started calculating ia=546
                                            [WORKER 16] ia= 535, solar   , zout=65.3, eup=  198.82 +- 0.752634824
                                            [WORKER  6] ia= 536, solar   , zout=65.3, eup=  199.95 +- 0.743445124
     Process 3 started calculating ia=547
                                            [WORKER  7] ia= 530, thermal , zout=65.3, eup=  235.17 +- 0.270000988
                                            [WORKER 18] ia= 529, thermal , zout=65.3, eup=  234.71 +- 0.278845456
                                            [WORKER  1] ia= 531, thermal , zout=65.3, eup=  234.56 +- 0.289047215
                                            [WORKER 13] ia= 532, thermal , zout=65.3, eup=  234.96 +- 0.280657396
                                            [WORKER  9] ia= 533, thermal , zout=65.3, eup=  234.73 +- 0.275057679
     Process 7 started calculating ia=548
     Process 18 started calculating ia=549
     Process 1 started calculating ia=550
     Process 13 started calculating ia=551
                                            [WORKER  4] ia= 534, thermal , zout=65.3, eup=  234.38 +- 0.258938009
     Process 9 started calculating ia=552
     Process 4 started calculating ia=553
                                            [WORKER 11] ia= 538, solar   , zout=65.3, eup=  199.53 +- 0.75132773
                                            [WORKER 12] ia= 537, solar   , zout=65.3, eup=  200.51 +- 0.744179071
                                            [WORKER 19] ia= 539, solar   , zout=65.3, eup=  200.71 +- 0.746111285
                                            [WORKER 15] ia= 540, solar   , zout=65.3, eup=  199.26 +- 0.750750841
                                            [WORKER  5] ia= 541, solar   , zout=65.3, eup=  197.77 +- 0.752095791
                                            [WORKER 10] ia= 542, solar   , zout=65.3, eup=  196.18 +- 0.754679585
                                            [WORKER 14] ia= 543, solar   , zout=65.3, eup=  195.75 +- 0.751545625
                                            [WORKER  8] ia= 544, solar   , zout=65.3, eup=  191.98 +- 0.768685937
                                            [WORKER 17] ia= 545, solar   , zout=65.3, eup=  190.98 +- 0.765484233
                                            [WORKER  2] ia= 546, solar   , zout=65.3, eup=  188.33 +- 0.772472203
                                            [WORKER 16] ia= 535, thermal , zout=65.3, eup=  234.46 +- 0.294085764
                                            [WORKER  6] ia= 536, thermal , zout=65.3, eup=  234.78 +- 0.278683583
                                            [WORKER  3] ia= 547, solar   , zout=65.3, eup=  186.63 +- 0.775266738
     Process 16 started calculating ia=554
     Process 6 started calculating ia=555
                                            [WORKER 18] ia= 549, solar   , zout=65.3, eup=  179.88 +- 0.786523871
                                            [WORKER  7] ia= 548, solar   , zout=65.3, eup=  183.09 +- 0.782127384
                                            [WORKER 13] ia= 551, solar   , zout=65.3, eup=  173.78 +- 0.795178833
                                            [WORKER  1] ia= 550, solar   , zout=65.3, eup=  178.26 +- 0.785428166
                                            [WORKER  9] ia= 552, solar   , zout=65.3, eup=  170.84 +- 0.796104582
                                            [WORKER  4] ia= 553, solar   , zout=65.3, eup=  168.72 +- 0.797093679
                                            [WORKER 11] ia= 538, thermal , zout=65.3, eup=  234.12 +- 0.288203523
                                            [WORKER 12] ia= 537, thermal , zout=65.3, eup=  234.75 +- 0.269456964
                                            [WORKER 19] ia= 539, thermal , zout=65.3, eup=  234.41 +- 0.281153543
                                            [WORKER 15] ia= 540, thermal , zout=65.3, eup=  234.50 +- 0.269705384
     Process 11 started calculating ia=556
     Process 12 started calculating ia=557
     Process 19 started calculating ia=558
     Process 15 started calculating ia=559
                                            [WORKER  5] ia= 541, thermal , zout=65.3, eup=  234.87 +- 0.281219454
                                            [WORKER 10] ia= 542, thermal , zout=65.3, eup=  235.24 +- 0.276985528
                                            [WORKER  8] ia= 544, thermal , zout=65.3, eup=  236.15 +- 0.28711498
                                            [WORKER 14] ia= 543, thermal , zout=65.3, eup=  234.68 +- 0.29527687
                                            [WORKER 17] ia= 545, thermal , zout=65.3, eup=  236.01 +- 0.300382635
                                            [WORKER  2] ia= 546, thermal , zout=65.3, eup=  236.91 +- 0.297945477
                                            [WORKER  3] ia= 547, thermal , zout=65.3, eup=  236.80 +- 0.316837053
     Process 5 started calculating ia=560
     Process 10 started calculating ia=561
     Process 14 started calculating ia=562
     Process 8 started calculating ia=563
     Process 17 started calculating ia=564
     Process 2 started calculating ia=565
     Process 3 started calculating ia=566
                                            [WORKER 16] ia= 554, solar   , zout=65.3, eup=  164.80 +- 0.800768299
                                            [WORKER  6] ia= 555, solar   , zout=65.3, eup=  161.55 +- 0.804037813
                                            [WORKER 18] ia= 549, thermal , zout=65.3, eup=  239.08 +- 0.297688386
                                            [WORKER  7] ia= 548, thermal , zout=65.3, eup=  237.13 +- 0.312945823
                                            [WORKER 13] ia= 551, thermal , zout=65.3, eup=  239.70 +- 0.309847795
                                            [WORKER  1] ia= 550, thermal , zout=65.3, eup=  239.13 +- 0.317209907
     Process 7 started calculating ia=567
     Process 18 started calculating ia=568
     Process 13 started calculating ia=569
     Process 1 started calculating ia=570
                                            [WORKER  4] ia= 553, thermal , zout=65.3, eup=  240.93 +- 0.339527641
     Process 4 started calculating ia=571
                                            [WORKER  9] ia= 552, thermal , zout=65.3, eup=  240.77 +- 0.322714649
     Process 9 started calculating ia=572
                                            [WORKER 11] ia= 556, solar   , zout=65.3, eup=  160.58 +- 0.803155125
                                            [WORKER 19] ia= 558, solar   , zout=65.3, eup=  155.95 +- 0.786012742
                                            [WORKER 15] ia= 559, solar   , zout=65.3, eup=  151.96 +- 0.808769539
                                            [WORKER 12] ia= 557, solar   , zout=65.3, eup=  157.45 +- 0.802050966
                                            [WORKER  5] ia= 560, solar   , zout=65.3, eup=  152.09 +- 0.808897689
                                            [WORKER 10] ia= 561, solar   , zout=65.3, eup=  149.41 +- 0.805419219
                                            [WORKER  8] ia= 563, solar   , zout=65.3, eup=  147.91 +- 0.809818943
                                            [WORKER 14] ia= 562, solar   , zout=65.3, eup=  148.81 +- 0.801419595
                                            [WORKER 17] ia= 564, solar   , zout=65.3, eup=  145.72 +- 0.803335851
                                            [WORKER 16] ia= 554, thermal , zout=65.3, eup=  241.22 +- 0.333119774
                                            [WORKER  6] ia= 555, thermal , zout=65.3, eup=  242.19 +- 0.351582633
                                            [WORKER  3] ia= 566, solar   , zout=65.3, eup=  140.31 +- 0.810322337
                                            [WORKER  2] ia= 565, solar   , zout=65.3, eup=  140.80 +- 0.812361632
     Process 6 started calculating ia=573
     Process 16 started calculating ia=574
                                            [WORKER 18] ia= 568, solar   , zout=65.3, eup=  134.64 +- 0.811841514
                                            [WORKER  7] ia= 567, solar   , zout=65.3, eup=  141.04 +- 0.803131414
                                            [WORKER 13] ia= 569, solar   , zout=65.3, eup=  138.25 +- 0.810086039
                                            [WORKER  1] ia= 570, solar   , zout=65.3, eup=  132.10 +- 0.813515542
                                            [WORKER  4] ia= 571, solar   , zout=65.3, eup=  132.36 +- 0.814337779
                                            [WORKER 11] ia= 556, thermal , zout=65.3, eup=  242.41 +- 0.350068776
                                            [WORKER  9] ia= 572, solar   , zout=65.3, eup=  132.85 +- 0.814819546
     Process 11 started calculating ia=575
                                            [WORKER 19] ia= 558, thermal , zout=65.3, eup=  240.01 +- 0.336325466
                                            [WORKER 12] ia= 557, thermal , zout=65.3, eup=  242.17 +- 0.349123399
                                            [WORKER 15] ia= 559, thermal , zout=65.3, eup=  242.76 +- 0.358529568
     Process 19 started calculating ia=576
     Process 12 started calculating ia=577
     Process 15 started calculating ia=578
                                            [WORKER  5] ia= 560, thermal , zout=65.3, eup=  243.49 +- 0.343291595
                                            [WORKER 10] ia= 561, thermal , zout=65.3, eup=  242.50 +- 0.353759197
     Process 5 started calculating ia=579
                                            [WORKER  8] ia= 563, thermal , zout=65.3, eup=  244.58 +- 0.360242956
                                            [WORKER 14] ia= 562, thermal , zout=65.3, eup=  242.36 +- 0.35357164
                                            [WORKER 17] ia= 564, thermal , zout=65.3, eup=  242.85 +- 0.364993684
     Process 10 started calculating ia=580
                                            [WORKER  3] ia= 566, thermal , zout=65.3, eup=  244.81 +- 0.381221189
     Process 8 started calculating ia=581
                                            [WORKER  2] ia= 565, thermal , zout=65.3, eup=  244.33 +- 0.385310509
     Process 14 started calculating ia=582
     Process 17 started calculating ia=583
     Process 3 started calculating ia=584
                                            [WORKER 16] ia= 574, solar   , zout=65.3, eup=  139.10 +- 0.817105774
                                            [WORKER  6] ia= 573, solar   , zout=65.3, eup=  134.68 +- 0.817009443
     Process 2 started calculating ia=585
                                            [WORKER 13] ia= 569, thermal , zout=65.3, eup=  244.65 +- 0.372631581
                                            [WORKER  1] ia= 570, thermal , zout=65.3, eup=  244.29 +- 0.38529413
                                            [WORKER 18] ia= 568, thermal , zout=65.3, eup=  244.34 +- 0.369665126
                                            [WORKER  7] ia= 567, thermal , zout=65.3, eup=  243.85 +- 0.354135108
                                            [WORKER  4] ia= 571, thermal , zout=65.3, eup=  244.96 +- 0.37184647
     Process 13 started calculating ia=586
     Process 1 started calculating ia=587
     Process 18 started calculating ia=588
     Process 7 started calculating ia=589
                                            [WORKER  9] ia= 572, thermal , zout=65.3, eup=  243.63 +- 0.385714991
                                            [WORKER 11] ia= 575, solar   , zout=65.3, eup=  139.92 +- 0.817756449
     Process 4 started calculating ia=590
     Process 9 started calculating ia=591
                                            [WORKER 19] ia= 576, solar   , zout=65.3, eup=  144.42 +- 0.818188961
                                            [WORKER 12] ia= 577, solar   , zout=65.3, eup=  147.04 +- 0.818464104
                                            [WORKER 15] ia= 578, solar   , zout=65.3, eup=  151.39 +- 0.817100048
                                            [WORKER  5] ia= 579, solar   , zout=65.3, eup=  153.47 +- 0.818354277
                                            [WORKER 10] ia= 580, solar   , zout=65.3, eup=  156.29 +- 0.817068279
                                            [WORKER  8] ia= 581, solar   , zout=65.3, eup=  158.38 +- 0.816120006
                                            [WORKER 14] ia= 582, solar   , zout=65.3, eup=  159.12 +- 0.816271063
                                            [WORKER 17] ia= 583, solar   , zout=65.3, eup=  159.60 +- 0.819548042
                                            [WORKER  3] ia= 584, solar   , zout=65.3, eup=  160.89 +- 0.81912487
                                            [WORKER 16] ia= 574, thermal , zout=65.3, eup=  243.29 +- 0.370676589
                                            [WORKER  6] ia= 573, thermal , zout=65.3, eup=  243.26 +- 0.388226604
                                            [WORKER  2] ia= 585, solar   , zout=65.3, eup=  163.31 +- 0.815865917
     Process 16 started calculating ia=592
     Process 6 started calculating ia=593
                                            [WORKER 11] ia= 575, thermal , zout=65.3, eup=  242.35 +- 0.369901509
                                            [WORKER 13] ia= 586, solar   , zout=65.3, eup=  164.34 +- 0.815750041
                                            [WORKER  1] ia= 587, solar   , zout=65.3, eup=  166.87 +- 0.813567048
                                            [WORKER 18] ia= 588, solar   , zout=65.3, eup=  166.56 +- 0.815859598
                                            [WORKER  7] ia= 589, solar   , zout=65.3, eup=  167.61 +- 0.814369838
                                            [WORKER  4] ia= 590, solar   , zout=65.3, eup=  170.47 +- 0.812319699
     Process 11 started calculating ia=594
                                            [WORKER 19] ia= 576, thermal , zout=65.3, eup=  242.31 +- 0.352830212
                                            [WORKER 12] ia= 577, thermal , zout=65.3, eup=  241.26 +- 0.369010579
                                            [WORKER 15] ia= 578, thermal , zout=65.3, eup=  240.36 +- 0.339862308
                                            [WORKER  9] ia= 591, solar   , zout=65.3, eup=  172.20 +- 0.812426784
                                            [WORKER  5] ia= 579, thermal , zout=65.3, eup=  239.24 +- 0.356110967
                                            [WORKER 10] ia= 580, thermal , zout=65.3, eup=  238.58 +- 0.373667196
     Process 19 started calculating ia=595
     Process 12 started calculating ia=596
     Process 15 started calculating ia=597
                                            [WORKER  8] ia= 581, thermal , zout=65.3, eup=  238.71 +- 0.344542219
     Process 5 started calculating ia=598
                                            [WORKER 14] ia= 582, thermal , zout=65.3, eup=  238.57 +- 0.345448815
                                            [WORKER 17] ia= 583, thermal , zout=65.3, eup=  238.79 +- 0.338593518
                                            [WORKER  3] ia= 584, thermal , zout=65.3, eup=  238.42 +- 0.334949482
     Process 10 started calculating ia=599
     Process 8 started calculating ia=600
                                            [WORKER  2] ia= 585, thermal , zout=65.3, eup=  238.46 +- 0.348782643
     Process 14 started calculating ia=601
     Process 17 started calculating ia=602
     Process 3 started calculating ia=603
                                            [WORKER  6] ia= 593, solar   , zout=65.3, eup=  172.76 +- 0.808138881
                                            [WORKER 16] ia= 592, solar   , zout=65.3, eup=  172.27 +- 0.811730754
     Process 2 started calculating ia=604
                                            [WORKER 13] ia= 586, thermal , zout=65.3, eup=  238.15 +- 0.335170569
     Process 13 started calculating ia=605
                                            [WORKER  1] ia= 587, thermal , zout=65.3, eup=  237.57 +- 0.336913775
                                            [WORKER 11] ia= 594, solar   , zout=65.3, eup=  173.92 +- 0.807220103
                                            [WORKER 18] ia= 588, thermal , zout=65.3, eup=  236.95 +- 0.323473868
                                            [WORKER  7] ia= 589, thermal , zout=65.3, eup=  236.77 +- 0.31485701
     Process 1 started calculating ia=606
                                            [WORKER  4] ia= 590, thermal , zout=65.3, eup=  236.63 +- 0.32788679
     Process 18 started calculating ia=607
     Process 7 started calculating ia=608
     Process 4 started calculating ia=609
                                            [WORKER  9] ia= 591, thermal , zout=65.3, eup=  235.88 +- 0.31403579
                                            [WORKER 19] ia= 595, solar   , zout=65.3, eup=  174.50 +- 0.810584598
                                            [WORKER 12] ia= 596, solar   , zout=65.3, eup=  175.81 +- 0.805918151
     Process 9 started calculating ia=610
                                            [WORKER 15] ia= 597, solar   , zout=65.3, eup=  170.41 +- 0.817565897
                                            [WORKER  5] ia= 598, solar   , zout=65.3, eup=  174.73 +- 0.809174739
                                            [WORKER 10] ia= 599, solar   , zout=65.3, eup=  172.33 +- 0.810917046
                                            [WORKER  8] ia= 600, solar   , zout=65.3, eup=  171.27 +- 0.815237495
                                            [WORKER  3] ia= 603, solar   , zout=65.3, eup=  168.23 +- 0.819134293
                                            [WORKER 14] ia= 601, solar   , zout=65.3, eup=  169.70 +- 0.818164957
                                            [WORKER 17] ia= 602, solar   , zout=65.3, eup=  167.64 +- 0.821655337
                                            [WORKER 16] ia= 592, thermal , zout=65.3, eup=  236.82 +- 0.318145188
                                            [WORKER  6] ia= 593, thermal , zout=65.3, eup=  236.48 +- 0.314299256
                                            [WORKER  2] ia= 604, solar   , zout=65.3, eup=  165.35 +- 0.809812834
     Process 16 started calculating ia=611
     Process 6 started calculating ia=612
                                            [WORKER 13] ia= 605, solar   , zout=65.3, eup=  163.06 +- 0.826749451
                                            [WORKER 11] ia= 594, thermal , zout=65.3, eup=  236.53 +- 0.30497855
     Process 11 started calculating ia=613
                                            [WORKER  1] ia= 606, solar   , zout=65.3, eup=  165.09 +- 0.823891887
                                            [WORKER 18] ia= 607, solar   , zout=65.3, eup=  167.71 +- 0.818114979
                                            [WORKER  7] ia= 608, solar   , zout=65.3, eup=  168.06 +- 0.81795264
                                            [WORKER  4] ia= 609, solar   , zout=65.3, eup=  167.06 +- 0.819929597
                                            [WORKER 19] ia= 595, thermal , zout=65.3, eup=  236.65 +- 0.286772693
                                            [WORKER 12] ia= 596, thermal , zout=65.3, eup=  235.84 +- 0.328853922
                                            [WORKER 15] ia= 597, thermal , zout=65.3, eup=  236.03 +- 0.305419678
                                            [WORKER  9] ia= 610, solar   , zout=65.3, eup=  165.12 +- 0.823916375
     Process 19 started calculating ia=614
                                            [WORKER  5] ia= 598, thermal , zout=65.3, eup=  236.72 +- 0.316182293
     Process 12 started calculating ia=615
     Process 15 started calculating ia=616
                                            [WORKER 10] ia= 599, thermal , zout=65.3, eup=  236.48 +- 0.306583144
     Process 5 started calculating ia=617
                                            [WORKER  8] ia= 600, thermal , zout=65.3, eup=  236.96 +- 0.304072076
                                            [WORKER  3] ia= 603, thermal , zout=65.3, eup=  237.18 +- 0.308007807
     Process 10 started calculating ia=618
                                            [WORKER 17] ia= 602, thermal , zout=65.3, eup=  236.66 +- 0.319551879
                                            [WORKER 14] ia= 601, thermal , zout=65.3, eup=  235.82 +- 0.326828119
     Process 8 started calculating ia=619
                                            [WORKER  2] ia= 604, thermal , zout=65.3, eup=  235.79 +- 0.310462172
     Process 3 started calculating ia=620
     Process 17 started calculating ia=621
     Process 14 started calculating ia=622
                                            [WORKER 16] ia= 611, solar   , zout=65.3, eup=  162.57 +- 0.827555515
                                            [WORKER  6] ia= 612, solar   , zout=65.3, eup=  163.42 +- 0.822647151
                                            [WORKER 13] ia= 605, thermal , zout=65.3, eup=  237.02 +- 0.330442453
     Process 2 started calculating ia=623
     Process 13 started calculating ia=624
                                            [WORKER  1] ia= 606, thermal , zout=65.3, eup=  236.99 +- 0.336806084
                                            [WORKER 11] ia= 613, solar   , zout=65.3, eup=  163.12 +- 0.829362916
                                            [WORKER 18] ia= 607, thermal , zout=65.3, eup=  237.16 +- 0.319026354
                                            [WORKER  4] ia= 609, thermal , zout=65.3, eup=  237.42 +- 0.304333946
                                            [WORKER  7] ia= 608, thermal , zout=65.3, eup=  237.32 +- 0.311904136
     Process 1 started calculating ia=625
     Process 18 started calculating ia=626
     Process 4 started calculating ia=627
     Process 7 started calculating ia=628
                                            [WORKER  9] ia= 610, thermal , zout=65.3, eup=  236.71 +- 0.318293301
                                            [WORKER 19] ia= 614, solar   , zout=65.3, eup=  161.04 +- 0.832364906
                                            [WORKER 12] ia= 615, solar   , zout=65.3, eup=  161.51 +- 0.832702151
     Process 9 started calculating ia=629
                                            [WORKER 15] ia= 616, solar   , zout=65.3, eup=  161.09 +- 0.832417645
                                            [WORKER  5] ia= 617, solar   , zout=65.3, eup=  162.41 +- 0.830702998
                                            [WORKER 10] ia= 618, solar   , zout=65.3, eup=  161.81 +- 0.830810439
                                            [WORKER  8] ia= 619, solar   , zout=65.3, eup=  161.51 +- 0.832076022
                                            [WORKER  3] ia= 620, solar   , zout=65.3, eup=  160.95 +- 0.834670917
                                            [WORKER 14] ia= 622, solar   , zout=65.3, eup=  162.90 +- 0.835076432
                                            [WORKER 17] ia= 621, solar   , zout=65.3, eup=  161.37 +- 0.835308088
                                            [WORKER 16] ia= 611, thermal , zout=65.3, eup=  237.24 +- 0.330573314
                                            [WORKER  6] ia= 612, thermal , zout=65.3, eup=  236.97 +- 0.319545549
                                            [WORKER  2] ia= 623, solar   , zout=65.3, eup=  164.23 +- 0.832235392
     Process 16 started calculating ia=630
     Process 6 started calculating ia=631
                                            [WORKER 11] ia= 613, thermal , zout=65.3, eup=  237.73 +- 0.309492974
                                            [WORKER 13] ia= 624, solar   , zout=65.3, eup=  163.73 +- 0.832992929
                                            [WORKER  1] ia= 625, solar   , zout=65.3, eup=  163.77 +- 0.836477693
                                            [WORKER  4] ia= 627, solar   , zout=65.3, eup=  164.99 +- 0.832856964
                                            [WORKER 18] ia= 626, solar   , zout=65.3, eup=  163.90 +- 0.834741253
                                            [WORKER  7] ia= 628, solar   , zout=65.3, eup=  163.49 +- 0.838301302
     Process 11 started calculating ia=632
                                            [WORKER 19] ia= 614, thermal , zout=65.3, eup=  237.41 +- 0.310672411
                                            [WORKER 12] ia= 615, thermal , zout=65.3, eup=  237.77 +- 0.317889458
                                            [WORKER  9] ia= 629, solar   , zout=65.3, eup=  168.82 +- 0.828599974
                                            [WORKER 15] ia= 616, thermal , zout=65.3, eup=  237.91 +- 0.319724695
                                            [WORKER  5] ia= 617, thermal , zout=65.3, eup=  238.02 +- 0.315561745
     Process 19 started calculating ia=633
     Process 12 started calculating ia=634
                                            [WORKER 10] ia= 618, thermal , zout=65.3, eup=  238.04 +- 0.314481746
                                            [WORKER  8] ia= 619, thermal , zout=65.3, eup=  237.83 +- 0.324086702
     Process 15 started calculating ia=635
     Process 5 started calculating ia=636
     Process 10 started calculating ia=637
                                            [WORKER  3] ia= 620, thermal , zout=65.3, eup=  237.31 +- 0.324858333
     Process 8 started calculating ia=638
     Process 3 started calculating ia=639
                                            [WORKER 17] ia= 621, thermal , zout=65.3, eup=  237.39 +- 0.323803682
                                            [WORKER 14] ia= 622, thermal , zout=65.3, eup=  236.95 +- 0.328165483
     Process 17 started calculating ia=640
     Process 14 started calculating ia=641
                                            [WORKER  2] ia= 623, thermal , zout=65.3, eup=  237.68 +- 0.324536593
     Process 2 started calculating ia=642
                                            [WORKER 13] ia= 624, thermal , zout=65.3, eup=  237.91 +- 0.313230388
                                            [WORKER  6] ia= 631, solar   , zout=65.3, eup=  165.15 +- 0.836186737
                                            [WORKER 16] ia= 630, solar   , zout=65.3, eup=  165.29 +- 0.834497191
     Process 13 started calculating ia=643
                                            [WORKER 11] ia= 632, solar   , zout=65.3, eup=  165.50 +- 0.836503132
                                            [WORKER  1] ia= 625, thermal , zout=65.3, eup=  236.72 +- 0.322562422
                                            [WORKER  4] ia= 627, thermal , zout=65.3, eup=  238.32 +- 0.320940762
     Process 1 started calculating ia=644
                                            [WORKER 18] ia= 626, thermal , zout=65.3, eup=  237.02 +- 0.310278182
                                            [WORKER  7] ia= 628, thermal , zout=65.3, eup=  237.05 +- 0.312417115
     Process 4 started calculating ia=645
     Process 18 started calculating ia=646
     Process 7 started calculating ia=647
                                            [WORKER  9] ia= 629, thermal , zout=65.3, eup=  236.50 +- 0.309454177
                                            [WORKER 19] ia= 633, solar   , zout=65.3, eup=  165.75 +- 0.838791014
     Process 9 started calculating ia=648
                                            [WORKER 12] ia= 634, solar   , zout=65.3, eup=  166.20 +- 0.837452843
                                            [WORKER 15] ia= 635, solar   , zout=65.3, eup=  165.78 +- 0.837369672
                                            [WORKER  5] ia= 636, solar   , zout=65.3, eup=  169.10 +- 0.832154422
                                            [WORKER 10] ia= 637, solar   , zout=65.3, eup=  167.54 +- 0.839788284
                                            [WORKER  8] ia= 638, solar   , zout=65.3, eup=  171.23 +- 0.83292613
                                            [WORKER  3] ia= 639, solar   , zout=65.3, eup=  170.03 +- 0.837471028
                                            [WORKER 17] ia= 640, solar   , zout=65.3, eup=  169.55 +- 0.839505043
                                            [WORKER 14] ia= 641, solar   , zout=65.3, eup=  169.44 +- 0.835921457
                                            [WORKER  6] ia= 631, thermal , zout=65.3, eup=  235.64 +- 0.31068096
                                            [WORKER  2] ia= 642, solar   , zout=65.3, eup=  168.14 +- 0.841519303
                                            [WORKER 16] ia= 630, thermal , zout=65.3, eup=  236.73 +- 0.315568734
                                            [WORKER 13] ia= 643, solar   , zout=65.3, eup=  166.62 +- 0.84157207
     Process 6 started calculating ia=649
     Process 16 started calculating ia=650
                                            [WORKER 11] ia= 632, thermal , zout=65.3, eup=  236.86 +- 0.32285245
     Process 11 started calculating ia=651
                                            [WORKER  1] ia= 644, solar   , zout=65.3, eup=  166.07 +- 0.841076607
                                            [WORKER  4] ia= 645, solar   , zout=65.3, eup=  164.29 +- 0.840632649
                                            [WORKER 18] ia= 646, solar   , zout=65.3, eup=  159.67 +- 0.847081671
                                            [WORKER  7] ia= 647, solar   , zout=65.3, eup=  156.54 +- 0.849681246
                                            [WORKER 19] ia= 633, thermal , zout=65.3, eup=  237.18 +- 0.324017313
                                            [WORKER 12] ia= 634, thermal , zout=65.3, eup=  237.66 +- 0.311394106
     Process 19 started calculating ia=652
                                            [WORKER  9] ia= 648, solar   , zout=65.3, eup=  155.63 +- 0.847996832
     Process 12 started calculating ia=653
                                            [WORKER  5] ia= 636, thermal , zout=65.3, eup=  236.67 +- 0.315371552
                                            [WORKER 15] ia= 635, thermal , zout=65.3, eup=  236.70 +- 0.336249129
                                            [WORKER 10] ia= 637, thermal , zout=65.3, eup=  236.22 +- 0.331144101
                                            [WORKER  3] ia= 639, thermal , zout=65.3, eup=  235.85 +- 0.321638352
                                            [WORKER  8] ia= 638, thermal , zout=65.3, eup=  236.30 +- 0.323706003
     Process 5 started calculating ia=654
     Process 15 started calculating ia=655
     Process 10 started calculating ia=656
     Process 3 started calculating ia=657
     Process 8 started calculating ia=658
                                            [WORKER 14] ia= 641, thermal , zout=65.3, eup=  237.10 +- 0.325846927
                                            [WORKER 17] ia= 640, thermal , zout=65.3, eup=  235.78 +- 0.321026762
                                            [WORKER  2] ia= 642, thermal , zout=65.3, eup=  237.01 +- 0.324073414
     Process 14 started calculating ia=659
     Process 17 started calculating ia=660
                                            [WORKER 13] ia= 643, thermal , zout=65.3, eup=  237.57 +- 0.325699047
     Process 2 started calculating ia=661
                                            [WORKER 16] ia= 650, solar   , zout=65.3, eup=  150.48 +- 0.850021157
                                            [WORKER  6] ia= 649, solar   , zout=65.3, eup=  153.84 +- 0.84862161
     Process 13 started calculating ia=662
                                            [WORKER  1] ia= 644, thermal , zout=65.3, eup=  238.18 +- 0.3291199
                                            [WORKER 11] ia= 651, solar   , zout=65.3, eup=  149.49 +- 0.851135287
     Process 1 started calculating ia=663
                                            [WORKER  4] ia= 645, thermal , zout=65.3, eup=  238.75 +- 0.335271108
                                            [WORKER 18] ia= 646, thermal , zout=65.3, eup=  238.65 +- 0.330273215
                                            [WORKER  7] ia= 647, thermal , zout=65.3, eup=  239.19 +- 0.348144071
     Process 4 started calculating ia=664
     Process 18 started calculating ia=665
     Process 7 started calculating ia=666
                                            [WORKER 19] ia= 652, solar   , zout=65.3, eup=  149.88 +- 0.849759775
                                            [WORKER  9] ia= 648, thermal , zout=65.3, eup=  239.48 +- 0.34785656
                                            [WORKER 12] ia= 653, solar   , zout=65.3, eup=  149.23 +- 0.848250221
     Process 9 started calculating ia=667
                                            [WORKER  5] ia= 654, solar   , zout=65.3, eup=  154.03 +- 0.822168267
                                            [WORKER 15] ia= 655, solar   , zout=65.3, eup=  155.00 +- 0.823673918
                                            [WORKER 10] ia= 656, solar   , zout=65.3, eup=  155.06 +- 0.83895227
                                            [WORKER  3] ia= 657, solar   , zout=65.3, eup=  158.36 +- 0.833653476
                                            [WORKER  8] ia= 658, solar   , zout=65.3, eup=  159.64 +- 0.829197783
                                            [WORKER 14] ia= 659, solar   , zout=65.3, eup=  161.62 +- 0.822677111
                                            [WORKER 17] ia= 660, solar   , zout=65.3, eup=  165.22 +- 0.815920379
                                            [WORKER 16] ia= 650, thermal , zout=65.3, eup=  240.00 +- 0.350924082
                                            [WORKER  6] ia= 649, thermal , zout=65.3, eup=  240.07 +- 0.339672868
                                            [WORKER  2] ia= 661, solar   , zout=65.3, eup=  169.53 +- 0.806885837
                                            [WORKER 13] ia= 662, solar   , zout=65.3, eup=  171.80 +- 0.79334716
     Process 16 started calculating ia=668
     Process 6 started calculating ia=669
                                            [WORKER 11] ia= 651, thermal , zout=65.3, eup=  240.09 +- 0.355549164
                                            [WORKER  1] ia= 663, solar   , zout=65.3, eup=  175.68 +- 0.784682515
     Process 11 started calculating ia=670
                                            [WORKER  4] ia= 664, solar   , zout=65.3, eup=  181.26 +- 0.767319303
                                            [WORKER 18] ia= 665, solar   , zout=65.3, eup=  184.08 +- 0.762267399
                                            [WORKER 19] ia= 652, thermal , zout=65.3, eup=  240.05 +- 0.359684956
                                            [WORKER 12] ia= 653, thermal , zout=65.3, eup=  241.92 +- 0.358534265
                                            [WORKER  7] ia= 666, solar   , zout=65.3, eup=  187.50 +- 0.756560205
     Process 19 started calculating ia=671
     Process 12 started calculating ia=672
                                            [WORKER  5] ia= 654, thermal , zout=65.3, eup=  242.15 +- 0.348530869
                                            [WORKER  9] ia= 667, solar   , zout=65.3, eup=  192.91 +- 0.738107166
     Process 5 started calculating ia=673
                                            [WORKER 15] ia= 655, thermal , zout=65.3, eup=  239.73 +- 0.308414721
                                            [WORKER 10] ia= 656, thermal , zout=65.3, eup=  242.94 +- 0.347381848
                                            [WORKER  3] ia= 657, thermal , zout=65.3, eup=  243.91 +- 0.347437125
                                            [WORKER  8] ia= 658, thermal , zout=65.3, eup=  240.23 +- 0.337885234
     Process 15 started calculating ia=674
     Process 10 started calculating ia=675
     Process 3 started calculating ia=676
     Process 8 started calculating ia=677
                                            [WORKER 14] ia= 659, thermal , zout=65.3, eup=  241.54 +- 0.321424276
                                            [WORKER 17] ia= 660, thermal , zout=65.3, eup=  244.60 +- 0.332362403
     Process 14 started calculating ia=678
     Process 17 started calculating ia=679
                                            [WORKER  2] ia= 661, thermal , zout=65.3, eup=  245.22 +- 0.343646023
     Process 2 started calculating ia=680
                                            [WORKER 13] ia= 662, thermal , zout=65.3, eup=  242.48 +- 0.303236268
     Process 13 started calculating ia=681
                                            [WORKER  6] ia= 669, solar   , zout=65.3, eup=  202.01 +- 0.714853047
                                            [WORKER 16] ia= 668, solar   , zout=65.3, eup=  197.17 +- 0.700584165
                                            [WORKER  1] ia= 663, thermal , zout=65.3, eup=  246.22 +- 0.327879076
                                            [WORKER 11] ia= 670, solar   , zout=65.3, eup=  207.20 +- 0.681184654
                                            [WORKER  4] ia= 664, thermal , zout=65.3, eup=  245.69 +- 0.314784308
                                            [WORKER 18] ia= 665, thermal , zout=65.3, eup=  245.16 +- 0.309645538
     Process 1 started calculating ia=682
                                            [WORKER  7] ia= 666, thermal , zout=65.3, eup=  244.89 +- 0.314596096
     Process 4 started calculating ia=683
     Process 18 started calculating ia=684
     Process 7 started calculating ia=685
                                            [WORKER 19] ia= 671, solar   , zout=65.3, eup=  211.86 +- 0.65867686
                                            [WORKER 12] ia= 672, solar   , zout=65.3, eup=  212.89 +- 0.64124431
                                            [WORKER  9] ia= 667, thermal , zout=65.3, eup=  244.54 +- 0.30038896
     Process 9 started calculating ia=686
                                            [WORKER  5] ia= 673, solar   , zout=65.3, eup=  223.69 +- 0.633081756
                                            [WORKER  3] ia= 676, solar   , zout=65.3, eup=  236.63 +- 0.558515076
                                            [WORKER 10] ia= 675, solar   , zout=65.3, eup=  231.85 +- 0.577342251
                                            [WORKER 15] ia= 674, solar   , zout=65.3, eup=  227.37 +- 0.614835337
                                            [WORKER  8] ia= 677, solar   , zout=65.3, eup=  235.94 +- 0.515731743
                                            [WORKER 14] ia= 678, solar   , zout=65.3, eup=  243.36 +- 0.514784127
                                            [WORKER 17] ia= 679, solar   , zout=65.3, eup=  240.54 +- 0.504875434
                                            [WORKER  6] ia= 669, thermal , zout=65.3, eup=  245.06 +- 0.295806556
                                            [WORKER 16] ia= 668, thermal , zout=65.3, eup=  244.87 +- 0.31168047
                                            [WORKER  2] ia= 680, solar   , zout=65.3, eup=  242.96 +- 0.504339431
                                            [WORKER 13] ia= 681, solar   , zout=65.3, eup=  243.24 +- 0.498862522
     Process 6 started calculating ia=687
     Process 16 started calculating ia=688
                                            [WORKER 11] ia= 670, thermal , zout=65.3, eup=  243.55 +- 0.287550179
                                            [WORKER  1] ia= 682, solar   , zout=65.3, eup=  243.15 +- 0.514334538
     Process 11 started calculating ia=689
                                            [WORKER  4] ia= 683, solar   , zout=65.3, eup=  247.25 +- 0.48514703
                                            [WORKER 18] ia= 684, solar   , zout=65.3, eup=  245.92 +- 0.519328314
                                            [WORKER 19] ia= 671, thermal , zout=65.3, eup=  242.80 +- 0.296100711
                                            [WORKER 12] ia= 672, thermal , zout=65.3, eup=  239.16 +- 0.265016771
                                            [WORKER  7] ia= 685, solar   , zout=65.3, eup=  248.02 +- 0.519332389
                                            [WORKER  5] ia= 673, thermal , zout=65.3, eup=  243.07 +- 0.291810122
     Process 19 started calculating ia=690
     Process 12 started calculating ia=691
                                            [WORKER  9] ia= 686, solar   , zout=65.3, eup=  248.72 +- 0.50416907
                                            [WORKER  3] ia= 676, thermal , zout=65.3, eup=  243.61 +- 0.2836161
                                            [WORKER 10] ia= 675, thermal , zout=65.3, eup=  243.30 +- 0.287127877
     Process 5 started calculating ia=692
                                            [WORKER 15] ia= 674, thermal , zout=65.3, eup=  243.42 +- 0.289203043
                                            [WORKER  8] ia= 677, thermal , zout=65.3, eup=  244.44 +- 0.267546882
     Process 3 started calculating ia=693
     Process 10 started calculating ia=694
     Process 15 started calculating ia=695
     Process 8 started calculating ia=696
                                            [WORKER 14] ia= 678, thermal , zout=65.3, eup=  243.36 +- 0.296910296
                                            [WORKER 17] ia= 679, thermal , zout=65.3, eup=  246.07 +- 0.305861766
                                            [WORKER  2] ia= 680, thermal , zout=65.3, eup=  246.13 +- 0.317917136
                                            [WORKER 13] ia= 681, thermal , zout=65.3, eup=  245.28 +- 0.307063097
                                            [WORKER  6] ia= 687, solar   , zout=65.3, eup=  245.92 +- 0.500931825
     Process 14 started calculating ia=697
     Process 17 started calculating ia=698
                                            [WORKER  1] ia= 682, thermal , zout=65.3, eup=  245.13 +- 0.289064201
                                            [WORKER 16] ia= 688, solar   , zout=65.3, eup=  245.89 +- 0.503917014
     Process 2 started calculating ia=699
     Process 13 started calculating ia=700
                                            [WORKER 11] ia= 689, solar   , zout=65.3, eup=  246.14 +- 0.524371779
     Process 1 started calculating ia=701
                                            [WORKER  4] ia= 683, thermal , zout=65.3, eup=  243.32 +- 0.29999782
                                            [WORKER 18] ia= 684, thermal , zout=65.3, eup=  244.13 +- 0.304528586
     Process 4 started calculating ia=702
     Process 18 started calculating ia=703
                                            [WORKER  7] ia= 685, thermal , zout=65.3, eup=  243.93 +- 0.285834655
     Process 7 started calculating ia=704
                                            [WORKER 19] ia= 690, solar   , zout=65.3, eup=  249.59 +- 0.519543182
                                            [WORKER 12] ia= 691, solar   , zout=65.3, eup=  246.06 +- 0.509160058
                                            [WORKER  5] ia= 692, solar   , zout=65.3, eup=  248.52 +- 0.51669553
                                            [WORKER  9] ia= 686, thermal , zout=65.3, eup=  243.13 +- 0.308716544
     Process 9 started calculating ia=705
                                            [WORKER  3] ia= 693, solar   , zout=65.3, eup=  248.70 +- 0.522053098
                                            [WORKER 10] ia= 694, solar   , zout=65.3, eup=  250.86 +- 0.48821606
                                            [WORKER 15] ia= 695, solar   , zout=65.3, eup=  249.09 +- 0.530265682
                                            [WORKER  8] ia= 696, solar   , zout=65.3, eup=  250.38 +- 0.510670148
                                            [WORKER  6] ia= 687, thermal , zout=65.3, eup=  243.67 +- 0.297616647
                                            [WORKER 16] ia= 688, thermal , zout=65.3, eup=  243.69 +- 0.318056267
                                            [WORKER 11] ia= 689, thermal , zout=65.3, eup=  243.30 +- 0.313995538
                                            [WORKER 14] ia= 697, solar   , zout=65.3, eup=  250.80 +- 0.510532752
                                            [WORKER 17] ia= 698, solar   , zout=65.3, eup=  250.55 +- 0.514028273
                                            [WORKER  2] ia= 699, solar   , zout=65.3, eup=  250.41 +- 0.489238959
                                            [WORKER 13] ia= 700, solar   , zout=65.3, eup=  250.72 +- 0.515536243
                                            [WORKER  1] ia= 701, solar   , zout=65.3, eup=  251.30 +- 0.516346023
     Process 6 started calculating ia=706
     Process 16 started calculating ia=707
                                            [WORKER  4] ia= 702, solar   , zout=65.3, eup=  250.29 +- 0.511764466
     Process 11 started calculating ia=708
                                            [WORKER 18] ia= 703, solar   , zout=65.3, eup=  247.23 +- 0.484465744
                                            [WORKER 19] ia= 690, thermal , zout=65.3, eup=  243.36 +- 0.311950427
                                            [WORKER 12] ia= 691, thermal , zout=65.3, eup=  243.29 +- 0.308153212
                                            [WORKER  7] ia= 704, solar   , zout=65.3, eup=  247.93 +- 0.50663024
                                            [WORKER  5] ia= 692, thermal , zout=65.3, eup=  244.40 +- 0.299124652
     Process 19 started calculating ia=709
     Process 12 started calculating ia=710
     Process 5 started calculating ia=711
                                            [WORKER  9] ia= 705, solar   , zout=65.3, eup=  249.01 +- 0.520990659
                                            [WORKER  3] ia= 693, thermal , zout=65.3, eup=  244.14 +- 0.308454373
                                            [WORKER 10] ia= 694, thermal , zout=65.3, eup=  244.95 +- 0.304449771
     Process 3 started calculating ia=712
                                            [WORKER 15] ia= 695, thermal , zout=65.3, eup=  244.69 +- 0.315013327
                                            [WORKER  8] ia= 696, thermal , zout=65.3, eup=  245.67 +- 0.282674401
     Process 10 started calculating ia=713
     Process 15 started calculating ia=714
     Process 8 started calculating ia=715
                                            [WORKER 14] ia= 697, thermal , zout=65.3, eup=  245.40 +- 0.300995107
                                            [WORKER 17] ia= 698, thermal , zout=65.3, eup=  244.96 +- 0.309445485
                                            [WORKER  2] ia= 699, thermal , zout=65.3, eup=  244.19 +- 0.317174039
                                            [WORKER 13] ia= 700, thermal , zout=65.3, eup=  244.23 +- 0.329869142
     Process 14 started calculating ia=716
     Process 17 started calculating ia=717
                                            [WORKER  6] ia= 706, solar   , zout=65.3, eup=  249.74 +- 0.542884134
     Process 2 started calculating ia=718
     Process 13 started calculating ia=719
                                            [WORKER 16] ia= 707, solar   , zout=65.3, eup=  246.95 +- 0.577520389
                                            [WORKER  1] ia= 701, thermal , zout=65.3, eup=  244.46 +- 0.311388626
                                            [WORKER  4] ia= 702, thermal , zout=65.3, eup=  236.31 +- 0.402226644
                                            [WORKER 11] ia= 708, solar   , zout=65.3, eup=  246.17 +- 0.59391549
                                            [WORKER 18] ia= 703, thermal , zout=65.3, eup=  243.98 +- 0.341036774
                                            [WORKER  7] ia= 704, thermal , zout=65.3, eup=  242.36 +- 0.340259013
     Process 1 started calculating ia=720
                                            [WORKER  9] ia= 705, thermal , zout=65.3, eup=  241.13 +- 0.337181052
     Process 4 started calculating ia=721
     Process 18 started calculating ia=722
                                            [WORKER 19] ia= 709, solar   , zout=65.3, eup=  245.71 +- 0.609825286
                                            [WORKER 12] ia= 710, solar   , zout=65.3, eup=  244.37 +- 0.604875385
                                            [WORKER  5] ia= 711, solar   , zout=65.3, eup=  242.78 +- 0.623546197
     Process 7 started calculating ia=723
     Process 9 started calculating ia=724
                                            [WORKER  3] ia= 712, solar   , zout=65.3, eup=  243.07 +- 0.624859198
                                            [WORKER 10] ia= 713, solar   , zout=65.3, eup=  241.56 +- 0.63733594
                                            [WORKER 15] ia= 714, solar   , zout=65.3, eup=  241.65 +- 0.629872474
                                            [WORKER  8] ia= 715, solar   , zout=65.3, eup=  241.12 +- 0.652968969
                                            [WORKER 14] ia= 716, solar   , zout=65.3, eup=  239.64 +- 0.67660567
                                            [WORKER 17] ia= 717, solar   , zout=65.3, eup=  239.92 +- 0.674584647
                                            [WORKER 13] ia= 719, solar   , zout=65.3, eup=  238.76 +- 0.686879181
                                            [WORKER  2] ia= 718, solar   , zout=65.3, eup=  239.03 +- 0.682411676
                                            [WORKER  6] ia= 706, thermal , zout=65.3, eup=  242.99 +- 0.332764254
                                            [WORKER 16] ia= 707, thermal , zout=65.3, eup=  242.45 +- 0.33086356
                                            [WORKER 11] ia= 708, thermal , zout=65.3, eup=  241.80 +- 0.336632996
     Process 6 started calculating ia=725
     Process 16 started calculating ia=726
                                            [WORKER  1] ia= 720, solar   , zout=65.3, eup=  239.42 +- 0.697133348
     Process 11 started calculating ia=727
                                            [WORKER  4] ia= 721, solar   , zout=65.3, eup=  238.25 +- 0.710235459
                                            [WORKER 18] ia= 722, solar   , zout=65.3, eup=  238.11 +- 0.718017827
                                            [WORKER 19] ia= 709, thermal , zout=65.3, eup=  240.95 +- 0.336107655
                                            [WORKER 12] ia= 710, thermal , zout=65.3, eup=  240.34 +- 0.356293926
                                            [WORKER  5] ia= 711, thermal , zout=65.3, eup=  240.89 +- 0.338193427
                                            [WORKER  7] ia= 723, solar   , zout=65.3, eup=  238.66 +- 0.715609739
                                            [WORKER  3] ia= 712, thermal , zout=65.3, eup=  240.39 +- 0.368061264
                                            [WORKER 10] ia= 713, thermal , zout=65.3, eup=  240.17 +- 0.352103823
     Process 19 started calculating ia=728
     Process 12 started calculating ia=729
     Process 5 started calculating ia=730
                                            [WORKER  8] ia= 715, thermal , zout=65.3, eup=  239.36 +- 0.364818581
                                            [WORKER  9] ia= 724, solar   , zout=65.3, eup=  237.52 +- 0.731005793
                                            [WORKER 15] ia= 714, thermal , zout=65.3, eup=  239.61 +- 0.375325141
                                            [WORKER 14] ia= 716, thermal , zout=65.3, eup=  238.97 +- 0.371936043
     Process 3 started calculating ia=731
     Process 10 started calculating ia=732
                                            [WORKER 17] ia= 717, thermal , zout=65.3, eup=  237.96 +- 0.392924332
     Process 8 started calculating ia=733
     Process 15 started calculating ia=734
     Process 14 started calculating ia=735
                                            [WORKER 13] ia= 719, thermal , zout=65.3, eup=  237.61 +- 0.384265827
                                            [WORKER  2] ia= 718, thermal , zout=65.3, eup=  238.46 +- 0.374351676
     Process 17 started calculating ia=736
     Process 13 started calculating ia=737
     Process 2 started calculating ia=738
                                            [WORKER  6] ia= 725, solar   , zout=65.3, eup=  238.21 +- 0.72796733
                                            [WORKER 16] ia= 726, solar   , zout=65.3, eup=  236.25 +- 0.742559159
                                            [WORKER 11] ia= 727, solar   , zout=65.3, eup=  235.87 +- 0.742091805
                                            [WORKER  1] ia= 720, thermal , zout=65.3, eup=  237.48 +- 0.387686799
                                            [WORKER  4] ia= 721, thermal , zout=65.3, eup=  237.04 +- 0.398707859
     Process 1 started calculating ia=739
     Process 4 started calculating ia=740
                                            [WORKER 18] ia= 722, thermal , zout=65.3, eup=  236.84 +- 0.397250652
     Process 18 started calculating ia=741
                                            [WORKER  7] ia= 723, thermal , zout=65.3, eup=  236.33 +- 0.39892537
                                            [WORKER 19] ia= 728, solar   , zout=65.3, eup=  234.22 +- 0.753496088
                                            [WORKER  5] ia= 730, solar   , zout=65.3, eup=  232.75 +- 0.774067093
     Process 7 started calculating ia=742
                                            [WORKER 12] ia= 729, solar   , zout=65.3, eup=  233.45 +- 0.767019326
                                            [WORKER  9] ia= 724, thermal , zout=65.3, eup=  235.87 +- 0.393625523
     Process 9 started calculating ia=743
                                            [WORKER  3] ia= 731, solar   , zout=65.3, eup=  231.00 +- 0.763900332
                                            [WORKER 10] ia= 732, solar   , zout=65.3, eup=  230.96 +- 0.767094117
                                            [WORKER  8] ia= 733, solar   , zout=65.3, eup=  232.06 +- 0.768405032
                                            [WORKER 15] ia= 734, solar   , zout=65.3, eup=  231.83 +- 0.765076382
                                            [WORKER 14] ia= 735, solar   , zout=65.3, eup=  230.18 +- 0.777468916
                                            [WORKER 17] ia= 736, solar   , zout=65.3, eup=  231.72 +- 0.769738881
                                            [WORKER 13] ia= 737, solar   , zout=65.3, eup=  231.95 +- 0.769053664
                                            [WORKER  2] ia= 738, solar   , zout=65.3, eup=  233.23 +- 0.76830341
                                            [WORKER  6] ia= 725, thermal , zout=65.3, eup=  236.24 +- 0.396981515
                                            [WORKER 16] ia= 726, thermal , zout=65.3, eup=  235.45 +- 0.399030954
                                            [WORKER 11] ia= 727, thermal , zout=65.3, eup=  235.22 +- 0.41163342
     Process 6 started calculating ia=744
     Process 16 started calculating ia=745
                                            [WORKER  4] ia= 740, solar   , zout=65.3, eup=  233.30 +- 0.766658164
     Process 11 started calculating ia=746
                                            [WORKER  1] ia= 739, solar   , zout=65.3, eup=  233.00 +- 0.761475744
                                            [WORKER 18] ia= 741, solar   , zout=65.3, eup=  233.27 +- 0.770515394
                                            [WORKER 19] ia= 728, thermal , zout=65.3, eup=  234.78 +- 0.401361581
                                            [WORKER  5] ia= 730, thermal , zout=65.3, eup=  235.03 +- 0.386199989
                                            [WORKER 12] ia= 729, thermal , zout=65.3, eup=  233.92 +- 0.413710913
                                            [WORKER  7] ia= 742, solar   , zout=65.3, eup=  235.51 +- 0.750030875
     Process 19 started calculating ia=747
     Process 5 started calculating ia=748
     Process 12 started calculating ia=749
                                            [WORKER  9] ia= 743, solar   , zout=65.3, eup=  233.33 +- 0.762349733
                                            [WORKER  3] ia= 731, thermal , zout=65.3, eup=  234.16 +- 0.388581347
     Process 3 started calculating ia=750
                                            [WORKER 10] ia= 732, thermal , zout=65.3, eup=  233.41 +- 0.398139749
     Process 10 started calculating ia=751
                                            [WORKER  8] ia= 733, thermal , zout=65.3, eup=  233.59 +- 0.393305887
                                            [WORKER 15] ia= 734, thermal , zout=65.3, eup=  233.04 +- 0.422467293
                                            [WORKER 14] ia= 735, thermal , zout=65.3, eup=  234.50 +- 0.379355764
     Process 8 started calculating ia=752
     Process 15 started calculating ia=753
     Process 14 started calculating ia=754
                                            [WORKER 13] ia= 737, thermal , zout=65.3, eup=  232.49 +- 0.412248434
                                            [WORKER 17] ia= 736, thermal , zout=65.3, eup=  233.78 +- 0.396095348
                                            [WORKER  2] ia= 738, thermal , zout=65.3, eup=  231.69 +- 0.426865187
     Process 17 started calculating ia=755
     Process 13 started calculating ia=756
     Process 2 started calculating ia=757
                                            [WORKER 16] ia= 745, solar   , zout=65.3, eup=  233.76 +- 0.763550654
                                            [WORKER  6] ia= 744, solar   , zout=65.3, eup=  234.83 +- 0.759636601
                                            [WORKER  4] ia= 740, thermal , zout=65.3, eup=  231.71 +- 0.409309512
                                            [WORKER  1] ia= 739, thermal , zout=65.3, eup=  233.02 +- 0.402534662
                                            [WORKER 11] ia= 746, solar   , zout=65.3, eup=  234.37 +- 0.753839124
                                            [WORKER 18] ia= 741, thermal , zout=65.3, eup=  231.78 +- 0.389883922
     Process 4 started calculating ia=758
     Process 1 started calculating ia=759
                                            [WORKER  7] ia= 742, thermal , zout=65.3, eup=  230.78 +- 0.407671167
     Process 18 started calculating ia=760
                                            [WORKER  5] ia= 748, solar   , zout=65.3, eup=  233.20 +- 0.76737791
                                            [WORKER 19] ia= 747, solar   , zout=65.3, eup=  233.43 +- 0.768008473
                                            [WORKER 12] ia= 749, solar   , zout=65.3, eup=  232.13 +- 0.782901392
                                            [WORKER  9] ia= 743, thermal , zout=65.3, eup=  231.21 +- 0.406108281
     Process 7 started calculating ia=761
                                            [WORKER  3] ia= 750, solar   , zout=65.3, eup=  231.23 +- 0.782350985
     Process 9 started calculating ia=762
                                            [WORKER 10] ia= 751, solar   , zout=65.3, eup=  228.81 +- 0.789930565
                                            [WORKER  8] ia= 752, solar   , zout=65.3, eup=  226.54 +- 0.79805358
                                            [WORKER 15] ia= 753, solar   , zout=65.3, eup=  224.77 +- 0.804073062
                                            [WORKER 14] ia= 754, solar   , zout=65.3, eup=  224.41 +- 0.802444368
                                            [WORKER 13] ia= 756, solar   , zout=65.3, eup=  221.34 +- 0.80747551
                                            [WORKER 17] ia= 755, solar   , zout=65.3, eup=  222.67 +- 0.813706822
                                            [WORKER  2] ia= 757, solar   , zout=65.3, eup=  221.59 +- 0.814298583
                                            [WORKER 16] ia= 745, thermal , zout=65.3, eup=  229.77 +- 0.397485999
                                            [WORKER  6] ia= 744, thermal , zout=65.3, eup=  231.36 +- 0.387322696
                                            [WORKER 11] ia= 746, thermal , zout=65.3, eup=  230.51 +- 0.401020448
     Process 16 started calculating ia=763
     Process 6 started calculating ia=764
     Process 11 started calculating ia=765
                                            [WORKER  4] ia= 758, solar   , zout=65.3, eup=  218.22 +- 0.825974642
                                            [WORKER  1] ia= 759, solar   , zout=65.3, eup=  218.59 +- 0.828653059
                                            [WORKER  5] ia= 748, thermal , zout=65.3, eup=  226.79 +- 0.402366045
                                            [WORKER 12] ia= 749, thermal , zout=65.3, eup=  225.22 +- 0.424955179
                                            [WORKER 19] ia= 747, thermal , zout=65.3, eup=  229.07 +- 0.406794367
                                            [WORKER 18] ia= 760, solar   , zout=65.3, eup=  217.01 +- 0.825605338
                                            [WORKER  3] ia= 750, thermal , zout=65.3, eup=  225.38 +- 0.426476008
                                            [WORKER  7] ia= 761, solar   , zout=65.3, eup=  219.43 +- 0.827830856
     Process 5 started calculating ia=766
     Process 12 started calculating ia=767
     Process 19 started calculating ia=768
                                            [WORKER 10] ia= 751, thermal , zout=65.3, eup=  225.95 +- 0.411231258
                                            [WORKER  9] ia= 762, solar   , zout=65.3, eup=  219.39 +- 0.825728855
     Process 3 started calculating ia=769
                                            [WORKER  8] ia= 752, thermal , zout=65.3, eup=  224.59 +- 0.425404163
                                            [WORKER 15] ia= 753, thermal , zout=65.3, eup=  223.50 +- 0.416924053
     Process 10 started calculating ia=770
                                            [WORKER 14] ia= 754, thermal , zout=65.3, eup=  222.62 +- 0.429327641
     Process 8 started calculating ia=771
     Process 15 started calculating ia=772
     Process 14 started calculating ia=773
                                            [WORKER 13] ia= 756, thermal , zout=65.3, eup=  219.71 +- 0.45586741
                                            [WORKER 17] ia= 755, thermal , zout=65.3, eup=  221.23 +- 0.432092387
                                            [WORKER  2] ia= 757, thermal , zout=65.3, eup=  216.48 +- 0.437478133
     Process 13 started calculating ia=774
     Process 17 started calculating ia=775
     Process 2 started calculating ia=776
                                            [WORKER 16] ia= 763, solar   , zout=65.3, eup=  218.58 +- 0.832359572
                                            [WORKER  6] ia= 764, solar   , zout=65.3, eup=  219.35 +- 0.834300997
                                            [WORKER 11] ia= 765, solar   , zout=65.3, eup=  222.58 +- 0.8267147
                                            [WORKER  4] ia= 758, thermal , zout=65.3, eup=  217.47 +- 0.441013026
                                            [WORKER  1] ia= 759, thermal , zout=65.3, eup=  214.84 +- 0.450081155
     Process 4 started calculating ia=777
     Process 1 started calculating ia=778
                                            [WORKER 18] ia= 760, thermal , zout=65.3, eup=  214.27 +- 0.441589284
     Process 18 started calculating ia=779
                                            [WORKER  5] ia= 766, solar   , zout=65.3, eup=  223.46 +- 0.830538418
                                            [WORKER  7] ia= 761, thermal , zout=65.3, eup=  212.30 +- 0.45241766
                                            [WORKER 12] ia= 767, solar   , zout=65.3, eup=  222.20 +- 0.83388256
                                            [WORKER 19] ia= 768, solar   , zout=65.3, eup=  225.47 +- 0.8183034
     Process 7 started calculating ia=780
                                            [WORKER  9] ia= 762, thermal , zout=65.3, eup=  212.80 +- 0.447273288
                                            [WORKER  3] ia= 769, solar   , zout=65.3, eup=  226.14 +- 0.828464438
                                            [WORKER 10] ia= 770, solar   , zout=65.3, eup=  229.90 +- 0.808891757
     Process 9 started calculating ia=781
                                            [WORKER  8] ia= 771, solar   , zout=65.3, eup=  233.51 +- 0.800772727
                                            [WORKER 15] ia= 772, solar   , zout=65.3, eup=  236.50 +- 0.800731043
                                            [WORKER 14] ia= 773, solar   , zout=65.3, eup=  241.46 +- 0.778813109
                                            [WORKER 13] ia= 774, solar   , zout=65.3, eup=  246.22 +- 0.751220703
                                            [WORKER  2] ia= 776, solar   , zout=65.3, eup=  253.46 +- 0.723916064
                                            [WORKER 17] ia= 775, solar   , zout=65.3, eup=  249.26 +- 0.756647926
                                            [WORKER 16] ia= 763, thermal , zout=65.3, eup=  210.71 +- 0.457770963
                                            [WORKER  6] ia= 764, thermal , zout=65.3, eup=  208.82 +- 0.460412211
                                            [WORKER 11] ia= 765, thermal , zout=65.3, eup=  206.56 +- 0.462840291
                                            [WORKER  4] ia= 777, solar   , zout=65.3, eup=  256.84 +- 0.718211553
     Process 16 started calculating ia=782
     Process 6 started calculating ia=783
     Process 11 started calculating ia=784
                                            [WORKER  1] ia= 778, solar   , zout=65.3, eup=  260.57 +- 0.691870367
                                            [WORKER  5] ia= 766, thermal , zout=65.3, eup=  205.30 +- 0.461479047
                                            [WORKER 18] ia= 779, solar   , zout=65.3, eup=  264.55 +- 0.662184157
                                            [WORKER 12] ia= 767, thermal , zout=65.3, eup=  204.88 +- 0.454950438
                                            [WORKER 19] ia= 768, thermal , zout=65.3, eup=  202.42 +- 0.461409053
                                            [WORKER  3] ia= 769, thermal , zout=65.3, eup=  202.83 +- 0.461569288
     Process 5 started calculating ia=785
                                            [WORKER 10] ia= 770, thermal , zout=65.3, eup=  202.49 +- 0.456606855
                                            [WORKER  7] ia= 780, solar   , zout=65.3, eup=  267.42 +- 0.645400392
     Process 12 started calculating ia=786
     Process 19 started calculating ia=787
     Process 3 started calculating ia=788
                                            [WORKER  9] ia= 781, solar   , zout=65.3, eup=  269.72 +- 0.634901437
     Process 10 started calculating ia=789
                                            [WORKER  8] ia= 771, thermal , zout=65.3, eup=  200.10 +- 0.454261817
                                            [WORKER 15] ia= 772, thermal , zout=65.3, eup=  199.77 +- 0.443981172
     Process 8 started calculating ia=790
     Process 15 started calculating ia=791
                                            [WORKER 13] ia= 774, thermal , zout=65.3, eup=  196.66 +- 0.43910848
                                            [WORKER 14] ia= 773, thermal , zout=65.3, eup=  197.33 +- 0.442127584
                                            [WORKER 17] ia= 775, thermal , zout=65.3, eup=  194.32 +- 0.431231482
                                            [WORKER  2] ia= 776, thermal , zout=65.3, eup=  192.48 +- 0.420380595
     Process 13 started calculating ia=792
     Process 14 started calculating ia=793
     Process 17 started calculating ia=794
     Process 2 started calculating ia=795
                                            [WORKER  4] ia= 777, thermal , zout=65.3, eup=  190.80 +- 0.43738643
                                            [WORKER 16] ia= 782, solar   , zout=65.3, eup=  273.13 +- 0.613017834
     Process 4 started calculating ia=796
                                            [WORKER  6] ia= 783, solar   , zout=65.3, eup=  274.45 +- 0.610178393
                                            [WORKER 11] ia= 784, solar   , zout=65.3, eup=  276.36 +- 0.574082547
                                            [WORKER  1] ia= 778, thermal , zout=65.3, eup=  191.94 +- 0.425252113
                                            [WORKER 18] ia= 779, thermal , zout=65.3, eup=  191.58 +- 0.419600501
     Process 1 started calculating ia=797
     Process 18 started calculating ia=798
                                            [WORKER  5] ia= 785, solar   , zout=65.3, eup=  274.54 +- 0.603960435
                                            [WORKER 12] ia= 786, solar   , zout=65.3, eup=  274.09 +- 0.617480414
                                            [WORKER 19] ia= 787, solar   , zout=65.3, eup=  272.73 +- 0.62561508
                                            [WORKER  7] ia= 780, thermal , zout=65.3, eup=  190.55 +- 0.42206578
                                            [WORKER  3] ia= 788, solar   , zout=65.3, eup=  271.94 +- 0.623947449
                                            [WORKER  9] ia= 781, thermal , zout=65.3, eup=  191.49 +- 0.41720322
     Process 7 started calculating ia=799
                                            [WORKER 10] ia= 789, solar   , zout=65.3, eup=  271.05 +- 0.63093838
     Process 9 started calculating ia=800
                                            [WORKER  8] ia= 790, solar   , zout=65.3, eup=  269.49 +- 0.645906126
                                            [WORKER 15] ia= 791, solar   , zout=65.3, eup=  267.87 +- 0.658855036
                                            [WORKER 13] ia= 792, solar   , zout=65.3, eup=  265.90 +- 0.67446869
                                            [WORKER 14] ia= 793, solar   , zout=65.3, eup=  263.65 +- 0.683466196
                                            [WORKER  2] ia= 795, solar   , zout=65.3, eup=  257.15 +- 0.732149119
                                            [WORKER 17] ia= 794, solar   , zout=65.3, eup=  260.60 +- 0.705480867
                                            [WORKER 16] ia= 782, thermal , zout=65.3, eup=  189.79 +- 0.417690434
                                            [WORKER  6] ia= 783, thermal , zout=65.3, eup=  189.44 +- 0.405258969
                                            [WORKER 11] ia= 784, thermal , zout=65.3, eup=  189.19 +- 0.415277821
                                            [WORKER  4] ia= 796, solar   , zout=65.3, eup=  254.58 +- 0.732431478
     Process 16 started calculating ia=801
     Process 6 started calculating ia=802
     Process 11 started calculating ia=803
                                            [WORKER  1] ia= 797, solar   , zout=65.3, eup=  247.99 +- 0.777919422
                                            [WORKER 18] ia= 798, solar   , zout=65.3, eup=  246.20 +- 0.781372747
                                            [WORKER  5] ia= 785, thermal , zout=65.3, eup=  187.53 +- 0.401362361
     Process 5 started calculating ia=804
                                            [WORKER 19] ia= 787, thermal , zout=65.3, eup=  195.14 +- 0.420531305
                                            [WORKER 12] ia= 786, thermal , zout=65.3, eup=  191.26 +- 0.40645464
                                            [WORKER  3] ia= 788, thermal , zout=65.3, eup=  194.02 +- 0.406867402
     Process 19 started calculating ia=805
     Process 12 started calculating ia=806
     Process 3 started calculating ia=807
                                            [WORKER  7] ia= 799, solar   , zout=65.3, eup=  240.91 +- 0.800556393
                                            [WORKER 10] ia= 789, thermal , zout=65.3, eup=  194.36 +- 0.40654654
     Process 10 started calculating ia=808
                                            [WORKER  9] ia= 800, solar   , zout=65.3, eup=  237.85 +- 0.808031412
                                            [WORKER  8] ia= 790, thermal , zout=65.3, eup=  195.13 +- 0.401124198
                                            [WORKER 15] ia= 791, thermal , zout=65.3, eup=  196.50 +- 0.411863932
     Process 8 started calculating ia=809
     Process 15 started calculating ia=810
                                            [WORKER  2] ia= 795, thermal , zout=65.3, eup=  194.19 +- 0.408075304
                                            [WORKER 17] ia= 794, thermal , zout=65.3, eup=  193.45 +- 0.416729686
                                            [WORKER 14] ia= 793, thermal , zout=65.3, eup=  194.61 +- 0.401094794
                                            [WORKER 13] ia= 792, thermal , zout=65.3, eup=  194.63 +- 0.410014464
                                            [WORKER  4] ia= 796, thermal , zout=65.3, eup=  194.35 +- 0.417425748
     Process 14 started calculating ia=811
     Process 17 started calculating ia=812
     Process 2 started calculating ia=813
     Process 13 started calculating ia=814
                                            [WORKER 16] ia= 801, solar   , zout=65.3, eup=  230.00 +- 0.820555224
     Process 4 started calculating ia=815
                                            [WORKER  6] ia= 802, solar   , zout=65.3, eup=  225.36 +- 0.841212838
                                            [WORKER 18] ia= 798, thermal , zout=65.3, eup=  195.43 +- 0.416554545
                                            [WORKER  1] ia= 797, thermal , zout=65.3, eup=  194.78 +- 0.420118224
                                            [WORKER 11] ia= 803, solar   , zout=65.3, eup=  221.34 +- 0.846314172
     Process 18 started calculating ia=816
     Process 1 started calculating ia=817
                                            [WORKER  5] ia= 804, solar   , zout=65.3, eup=  216.16 +- 0.862918795
                                            [WORKER  3] ia= 807, solar   , zout=65.3, eup=  201.95 +- 0.894225256
                                            [WORKER  7] ia= 799, thermal , zout=65.3, eup=  196.69 +- 0.415537761
                                            [WORKER 12] ia= 806, solar   , zout=65.3, eup=  206.00 +- 0.884990335
                                            [WORKER 19] ia= 805, solar   , zout=65.3, eup=  211.02 +- 0.873623549
     Process 7 started calculating ia=818
                                            [WORKER  9] ia= 800, thermal , zout=65.3, eup=  196.52 +- 0.415477207
                                            [WORKER 10] ia= 808, solar   , zout=65.3, eup=  196.52 +- 0.897231777
     Process 9 started calculating ia=819
                                            [WORKER  8] ia= 809, solar   , zout=65.3, eup=  193.72 +- 0.898510109
                                            [WORKER 15] ia= 810, solar   , zout=65.3, eup=  188.20 +- 0.90587628
                                            [WORKER 16] ia= 801, thermal , zout=65.3, eup=  202.20 +- 0.424964857
                                            [WORKER 13] ia= 814, solar   , zout=65.3, eup=  174.13 +- 0.896807843
                                            [WORKER 14] ia= 811, solar   , zout=65.3, eup=  181.97 +- 0.914256344
                                            [WORKER  2] ia= 813, solar   , zout=65.3, eup=  172.12 +- 0.916703379
                                            [WORKER 17] ia= 812, solar   , zout=65.3, eup=  180.56 +- 0.914025885
                                            [WORKER  4] ia= 815, solar   , zout=65.3, eup=  165.43 +- 0.914754589
     Process 16 started calculating ia=820
                                            [WORKER  6] ia= 802, thermal , zout=65.3, eup=  204.92 +- 0.433973078
                                            [WORKER 11] ia= 803, thermal , zout=65.3, eup=  204.26 +- 0.429966662
                                            [WORKER  5] ia= 804, thermal , zout=65.3, eup=  204.87 +- 0.43368598
                                            [WORKER  1] ia= 817, solar   , zout=65.3, eup=  152.65 +- 0.9190056
                                            [WORKER 18] ia= 816, solar   , zout=65.3, eup=  160.91 +- 0.917894661
     Process 6 started calculating ia=821
     Process 11 started calculating ia=822
                                            [WORKER  3] ia= 807, thermal , zout=65.3, eup=  204.64 +- 0.446640694
                                            [WORKER 19] ia= 805, thermal , zout=65.3, eup=  204.62 +- 0.442842308
                                            [WORKER 12] ia= 806, thermal , zout=65.3, eup=  204.98 +- 0.426410158
     Process 5 started calculating ia=823
                                            [WORKER 10] ia= 808, thermal , zout=65.3, eup=  207.80 +- 0.448393885
                                            [WORKER  7] ia= 818, solar   , zout=65.3, eup=  147.78 +- 0.917301829
     Process 3 started calculating ia=824
     Process 19 started calculating ia=825
     Process 12 started calculating ia=826
                                            [WORKER  8] ia= 809, thermal , zout=65.3, eup=  206.36 +- 0.449813101
     Process 10 started calculating ia=827
                                            [WORKER  9] ia= 819, solar   , zout=65.3, eup=  143.63 +- 0.915813757
                                            [WORKER 15] ia= 810, thermal , zout=65.3, eup=  207.69 +- 0.455914592
     Process 8 started calculating ia=828
     Process 15 started calculating ia=829
                                            [WORKER 13] ia= 814, thermal , zout=65.3, eup=  224.78 +- 0.450795533
                                            [WORKER 14] ia= 811, thermal , zout=65.3, eup=  210.09 +- 0.454977917
     Process 13 started calculating ia=830
                                            [WORKER  2] ia= 813, thermal , zout=65.3, eup=  218.49 +- 0.461645956
                                            [WORKER 17] ia= 812, thermal , zout=65.3, eup=  211.99 +- 0.451663043
     Process 14 started calculating ia=831
                                            [WORKER 16] ia= 820, solar   , zout=65.3, eup=  142.37 +- 0.914315115
     Process 17 started calculating ia=832
     Process 2 started calculating ia=833
                                            [WORKER  4] ia= 815, thermal , zout=65.3, eup=  226.95 +- 0.465243368
     Process 4 started calculating ia=834
                                            [WORKER 18] ia= 816, thermal , zout=65.3, eup=  225.90 +- 0.443530482
                                            [WORKER  1] ia= 817, thermal , zout=65.3, eup=  230.13 +- 0.450747633
     Process 18 started calculating ia=835
                                            [WORKER  6] ia= 821, solar   , zout=65.3, eup=  139.78 +- 0.914326687
     Process 1 started calculating ia=836
                                            [WORKER 11] ia= 822, solar   , zout=65.3, eup=  139.90 +- 0.913604752
                                            [WORKER  5] ia= 823, solar   , zout=65.3, eup=  138.25 +- 0.911600759
                                            [WORKER  3] ia= 824, solar   , zout=65.3, eup=  140.57 +- 0.913566455
                                            [WORKER  7] ia= 818, thermal , zout=65.3, eup=  231.09 +- 0.448152288
                                            [WORKER 12] ia= 826, solar   , zout=65.3, eup=  138.52 +- 0.91541093
                                            [WORKER 19] ia= 825, solar   , zout=65.3, eup=  140.13 +- 0.913073012
                                            [WORKER  9] ia= 819, thermal , zout=65.3, eup=  232.14 +- 0.447288613
                                            [WORKER 10] ia= 827, solar   , zout=65.3, eup=  139.94 +- 0.912380039
     Process 7 started calculating ia=837
                                            [WORKER 15] ia= 829, solar   , zout=65.3, eup=  141.05 +- 0.914559189
                                            [WORKER  8] ia= 828, solar   , zout=65.3, eup=  139.39 +- 0.912144662
     Process 9 started calculating ia=838
                                            [WORKER 13] ia= 830, solar   , zout=65.3, eup=  140.14 +- 0.914142964
                                            [WORKER 16] ia= 820, thermal , zout=65.3, eup=  234.01 +- 0.444672493
                                            [WORKER 14] ia= 831, solar   , zout=65.3, eup=  145.03 +- 0.913039001
                                            [WORKER  2] ia= 833, solar   , zout=65.3, eup=  142.90 +- 0.914654532
                                            [WORKER 17] ia= 832, solar   , zout=65.3, eup=  144.91 +- 0.917854789
                                            [WORKER  4] ia= 834, solar   , zout=65.3, eup=  143.01 +- 0.914496914
     Process 16 started calculating ia=839
                                            [WORKER  6] ia= 821, thermal , zout=65.3, eup=  234.85 +- 0.443368231
                                            [WORKER 11] ia= 822, thermal , zout=65.3, eup=  236.00 +- 0.438198877
                                            [WORKER  5] ia= 823, thermal , zout=65.3, eup=  236.33 +- 0.424624718
                                            [WORKER  1] ia= 836, solar   , zout=65.3, eup=  141.41 +- 0.913328218
                                            [WORKER 18] ia= 835, solar   , zout=65.3, eup=  142.97 +- 0.912582112
     Process 6 started calculating ia=840
     Process 11 started calculating ia=841
     Process 5 started calculating ia=842
                                            [WORKER  3] ia= 824, thermal , zout=65.3, eup=  237.51 +- 0.4348632
     Process 3 started calculating ia=843
                                            [WORKER 12] ia= 826, thermal , zout=65.3, eup=  233.00 +- 0.4165253
                                            [WORKER 19] ia= 825, thermal , zout=65.3, eup=  235.09 +- 0.41871998
     Process 12 started calculating ia=844
                                            [WORKER  7] ia= 837, solar   , zout=65.3, eup=  141.37 +- 0.916540488
     Process 19 started calculating ia=845
                                            [WORKER 10] ia= 827, thermal , zout=65.3, eup=  235.53 +- 0.418907822
     Process 10 started calculating ia=846
                                            [WORKER 15] ia= 829, thermal , zout=65.3, eup=  238.39 +- 0.409609221
                                            [WORKER  8] ia= 828, thermal , zout=65.3, eup=  237.18 +- 0.418349796
                                            [WORKER  9] ia= 838, solar   , zout=65.3, eup=  140.70 +- 0.915706037
     Process 15 started calculating ia=847
     Process 8 started calculating ia=848
                                            [WORKER 13] ia= 830, thermal , zout=65.3, eup=  239.94 +- 0.404477176
                                            [WORKER 14] ia= 831, thermal , zout=65.3, eup=  238.91 +- 0.417545443
                                            [WORKER 17] ia= 832, thermal , zout=65.3, eup=  238.86 +- 0.406297516
                                            [WORKER  4] ia= 834, thermal , zout=65.3, eup=  241.00 +- 0.406550461
                                            [WORKER  2] ia= 833, thermal , zout=65.3, eup=  241.65 +- 0.399054909
     Process 13 started calculating ia=849
                                            [WORKER 16] ia= 839, solar   , zout=65.3, eup=  138.59 +- 0.913035509
     Process 14 started calculating ia=850
     Process 17 started calculating ia=851
                                            [WORKER 18] ia= 835, thermal , zout=65.3, eup=  242.13 +- 0.39853136
     Process 4 started calculating ia=852
                                            [WORKER  1] ia= 836, thermal , zout=65.3, eup=  239.37 +- 0.411554858
     Process 2 started calculating ia=853
                                            [WORKER  6] ia= 840, solar   , zout=65.3, eup=  138.17 +- 0.915269886
                                            [WORKER 11] ia= 841, solar   , zout=65.3, eup=  136.94 +- 0.913328806
                                            [WORKER  5] ia= 842, solar   , zout=65.3, eup=  134.99 +- 0.911057088
                                            [WORKER  3] ia= 843, solar   , zout=65.3, eup=  140.52 +- 0.909001744
     Process 18 started calculating ia=854
     Process 1 started calculating ia=855
                                            [WORKER  7] ia= 837, thermal , zout=65.3, eup=  237.64 +- 0.369205691
                                            [WORKER 12] ia= 844, solar   , zout=65.3, eup=  142.57 +- 0.907833229
                                            [WORKER 19] ia= 845, solar   , zout=65.3, eup=  150.46 +- 0.899319987
                                            [WORKER 10] ia= 846, solar   , zout=65.3, eup=  143.46 +- 0.906999673
     Process 7 started calculating ia=856
                                            [WORKER  9] ia= 838, thermal , zout=65.3, eup=  239.49 +- 0.375066692
                                            [WORKER 15] ia= 847, solar   , zout=65.3, eup=  141.23 +- 0.908183567
     Process 9 started calculating ia=857
                                            [WORKER  8] ia= 848, solar   , zout=65.3, eup=  143.98 +- 0.909301586
                                            [WORKER 13] ia= 849, solar   , zout=65.3, eup=  143.26 +- 0.910510309
                                            [WORKER 16] ia= 839, thermal , zout=65.3, eup=  240.46 +- 0.386252209
                                            [WORKER 14] ia= 850, solar   , zout=65.3, eup=  145.47 +- 0.909245014
     Process 16 started calculating ia=858
                                            [WORKER  4] ia= 852, solar   , zout=65.3, eup=  151.06 +- 0.914369352
                                            [WORKER 17] ia= 851, solar   , zout=65.3, eup=  145.90 +- 0.914709107
                                            [WORKER  2] ia= 853, solar   , zout=65.3, eup=  152.28 +- 0.912530153
                                            [WORKER  6] ia= 840, thermal , zout=65.3, eup=  242.52 +- 0.385343631
                                            [WORKER 11] ia= 841, thermal , zout=65.3, eup=  243.71 +- 0.371938026
                                            [WORKER  5] ia= 842, thermal , zout=65.3, eup=  245.62 +- 0.376774938
                                            [WORKER  3] ia= 843, thermal , zout=65.3, eup=  245.35 +- 0.380761276
                                            [WORKER 18] ia= 854, solar   , zout=65.3, eup=  151.70 +- 0.918043612
                                            [WORKER  1] ia= 855, solar   , zout=65.3, eup=  154.07 +- 0.919633889
     Process 6 started calculating ia=859
     Process 11 started calculating ia=860
     Process 5 started calculating ia=861
     Process 3 started calculating ia=862
                                            [WORKER 12] ia= 844, thermal , zout=65.3, eup=  241.01 +- 0.349749936
                                            [WORKER 19] ia= 845, thermal , zout=65.3, eup=  241.03 +- 0.368610648
                                            [WORKER 10] ia= 846, thermal , zout=65.3, eup=  242.17 +- 0.378357027
                                            [WORKER  7] ia= 856, solar   , zout=65.3, eup=  156.18 +- 0.917719933
     Process 12 started calculating ia=863
     Process 19 started calculating ia=864
                                            [WORKER 15] ia= 847, thermal , zout=65.3, eup=  246.74 +- 0.365510765
     Process 10 started calculating ia=865
                                            [WORKER  8] ia= 848, thermal , zout=65.3, eup=  246.18 +- 0.373071979
     Process 15 started calculating ia=866
                                            [WORKER  9] ia= 857, solar   , zout=65.3, eup=  159.00 +- 0.914403575
                                            [WORKER 13] ia= 849, thermal , zout=65.3, eup=  246.57 +- 0.35693017
     Process 8 started calculating ia=867
     Process 13 started calculating ia=868
                                            [WORKER 14] ia= 850, thermal , zout=65.3, eup=  246.70 +- 0.351567904
     Process 14 started calculating ia=869
                                            [WORKER  4] ia= 852, thermal , zout=65.3, eup=  247.81 +- 0.339846633
                                            [WORKER 16] ia= 858, solar   , zout=65.3, eup=  163.78 +- 0.918365458
                                            [WORKER 17] ia= 851, thermal , zout=65.3, eup=  247.83 +- 0.359045852
                                            [WORKER  2] ia= 853, thermal , zout=65.3, eup=  247.38 +- 0.378860156
     Process 4 started calculating ia=870
     Process 17 started calculating ia=871
     Process 2 started calculating ia=872
                                            [WORKER  1] ia= 855, thermal , zout=65.3, eup=  250.44 +- 0.349411722
                                            [WORKER 18] ia= 854, thermal , zout=65.3, eup=  249.27 +- 0.363832875
     Process 1 started calculating ia=873
     Process 18 started calculating ia=874
                                            [WORKER  6] ia= 859, solar   , zout=65.3, eup=  167.93 +- 0.920671939
                                            [WORKER  3] ia= 862, solar   , zout=65.3, eup=  177.30 +- 0.917377785
                                            [WORKER 11] ia= 860, solar   , zout=65.3, eup=  173.22 +- 0.914949134
                                            [WORKER  5] ia= 861, solar   , zout=65.3, eup=  178.28 +- 0.903103331
                                            [WORKER  7] ia= 856, thermal , zout=65.3, eup=  249.71 +- 0.353335424
                                            [WORKER 19] ia= 864, solar   , zout=65.3, eup=  184.08 +- 0.912406955
                                            [WORKER 12] ia= 863, solar   , zout=65.3, eup=  182.77 +- 0.903868704
                                            [WORKER 10] ia= 865, solar   , zout=65.3, eup=  189.57 +- 0.897589872
     Process 7 started calculating ia=875
                                            [WORKER  9] ia= 857, thermal , zout=65.3, eup=  251.29 +- 0.337257663
                                            [WORKER 15] ia= 866, solar   , zout=65.3, eup=  193.53 +- 0.89546721
                                            [WORKER  8] ia= 867, solar   , zout=65.3, eup=  192.69 +- 0.878493589
                                            [WORKER 13] ia= 868, solar   , zout=65.3, eup=  199.65 +- 0.883768054
     Process 9 started calculating ia=876
                                            [WORKER 16] ia= 858, thermal , zout=65.3, eup=  250.20 +- 0.328044825
                                            [WORKER 14] ia= 869, solar   , zout=65.3, eup=  199.57 +- 0.874545149
     Process 16 started calculating ia=877
                                            [WORKER  4] ia= 870, solar   , zout=65.3, eup=  202.41 +- 0.868310184
                                            [WORKER 17] ia= 871, solar   , zout=65.3, eup=  205.29 +- 0.864773837
                                            [WORKER  2] ia= 872, solar   , zout=65.3, eup=  208.49 +- 0.861702489
                                            [WORKER  1] ia= 873, solar   , zout=65.3, eup=  212.11 +- 0.845966959
                                            [WORKER 18] ia= 874, solar   , zout=65.3, eup=  215.33 +- 0.83623478
                                            [WORKER  6] ia= 859, thermal , zout=65.3, eup=  248.97 +- 0.325123742
                                            [WORKER  3] ia= 862, thermal , zout=65.3, eup=  249.22 +- 0.341413632
                                            [WORKER 11] ia= 860, thermal , zout=65.3, eup=  248.53 +- 0.310027618
                                            [WORKER  5] ia= 861, thermal , zout=65.3, eup=  248.73 +- 0.326086421
     Process 6 started calculating ia=878
     Process 3 started calculating ia=879
     Process 11 started calculating ia=880
     Process 5 started calculating ia=881
                                            [WORKER 19] ia= 864, thermal , zout=65.3, eup=  246.90 +- 0.326373969
                                            [WORKER 12] ia= 863, thermal , zout=65.3, eup=  241.90 +- 0.357240933
                                            [WORKER 10] ia= 865, thermal , zout=65.3, eup=  242.45 +- 0.411384614
                                            [WORKER  7] ia= 875, solar   , zout=65.3, eup=  217.49 +- 0.830994009
     Process 19 started calculating ia=882
     Process 12 started calculating ia=883
     Process 10 started calculating ia=884
                                            [WORKER 15] ia= 866, thermal , zout=65.3, eup=  248.92 +- 0.324015657
                                            [WORKER  8] ia= 867, thermal , zout=65.3, eup=  244.03 +- 0.42346904
                                            [WORKER 13] ia= 868, thermal , zout=65.3, eup=  235.08 +- 0.498267495
     Process 15 started calculating ia=885
     Process 8 started calculating ia=886
                                            [WORKER  9] ia= 876, solar   , zout=65.3, eup=  220.04 +- 0.828600765
     Process 13 started calculating ia=887
                                            [WORKER 14] ia= 869, thermal , zout=65.3, eup=  249.21 +- 0.351659814
                                            [WORKER  4] ia= 870, thermal , zout=65.3, eup=  249.22 +- 0.350265718
                                            [WORKER 17] ia= 871, thermal , zout=65.3, eup=  249.04 +- 0.349862865
                                            [WORKER 16] ia= 877, solar   , zout=65.3, eup=  221.93 +- 0.81052691
                                            [WORKER  2] ia= 872, thermal , zout=65.3, eup=  248.74 +- 0.355662408
     Process 14 started calculating ia=888
     Process 4 started calculating ia=889
     Process 17 started calculating ia=890
                                            [WORKER 18] ia= 874, thermal , zout=65.3, eup=  247.07 +- 0.38280452
                                            [WORKER  1] ia= 873, thermal , zout=65.3, eup=  243.34 +- 0.413609959
     Process 2 started calculating ia=891
     Process 18 started calculating ia=892
                                            [WORKER  3] ia= 879, solar   , zout=65.3, eup=  227.76 +- 0.797916667
     Process 1 started calculating ia=893
                                            [WORKER  6] ia= 878, solar   , zout=65.3, eup=  224.39 +- 0.814080718
                                            [WORKER 11] ia= 880, solar   , zout=65.3, eup=  228.72 +- 0.793169907
                                            [WORKER  5] ia= 881, solar   , zout=65.3, eup=  231.96 +- 0.772006512
                                            [WORKER  7] ia= 875, thermal , zout=65.3, eup=  249.65 +- 0.328317563
                                            [WORKER 10] ia= 884, solar   , zout=65.3, eup=  233.30 +- 0.677041175
                                            [WORKER 12] ia= 883, solar   , zout=65.3, eup=  237.23 +- 0.74098562
                                            [WORKER 19] ia= 882, solar   , zout=65.3, eup=  236.55 +- 0.771424303
     Process 7 started calculating ia=894
                                            [WORKER  8] ia= 886, solar   , zout=65.3, eup=  248.38 +- 0.712169125
                                            [WORKER 15] ia= 885, solar   , zout=65.3, eup=  240.85 +- 0.714075478
                                            [WORKER 13] ia= 887, solar   , zout=65.3, eup=  253.36 +- 0.683708029
                                            [WORKER  9] ia= 876, thermal , zout=65.3, eup=  249.61 +- 0.345261469
     Process 9 started calculating ia=895
                                            [WORKER 16] ia= 877, thermal , zout=65.3, eup=  249.76 +- 0.357737001
                                            [WORKER 14] ia= 888, solar   , zout=65.3, eup=  251.49 +- 0.650324363
                                            [WORKER  4] ia= 889, solar   , zout=65.3, eup=  259.23 +- 0.655834316
     Process 16 started calculating ia=896
                                            [WORKER 17] ia= 890, solar   , zout=65.3, eup=  253.57 +- 0.637261914
                                            [WORKER  2] ia= 891, solar   , zout=65.3, eup=  261.27 +- 0.646721327
                                            [WORKER  3] ia= 879, thermal , zout=65.3, eup=  250.09 +- 0.351405819
                                            [WORKER  6] ia= 878, thermal , zout=65.3, eup=  249.64 +- 0.345458176
                                            [WORKER  1] ia= 893, solar   , zout=65.3, eup=  266.65 +- 0.593729797
                                            [WORKER 18] ia= 892, solar   , zout=65.3, eup=  263.57 +- 0.624769216
                                            [WORKER 11] ia= 880, thermal , zout=65.3, eup=  250.84 +- 0.337473618
     Process 3 started calculating ia=897
     Process 6 started calculating ia=898
                                            [WORKER  5] ia= 881, thermal , zout=65.3, eup=  250.15 +- 0.352568311
     Process 11 started calculating ia=899
                                            [WORKER 10] ia= 884, thermal , zout=65.3, eup=  250.16 +- 0.355077276
                                            [WORKER 19] ia= 882, thermal , zout=65.3, eup=  250.68 +- 0.351562892
                                            [WORKER 12] ia= 883, thermal , zout=65.3, eup=  250.22 +- 0.364589775
     Process 5 started calculating ia=900
     Process 10 started calculating ia=901
     Process 19 started calculating ia=902
     Process 12 started calculating ia=903
                                            [WORKER  7] ia= 894, solar   , zout=65.3, eup=  267.20 +- 0.587184571
                                            [WORKER  8] ia= 886, thermal , zout=65.3, eup=  249.75 +- 0.362937375
                                            [WORKER 15] ia= 885, thermal , zout=65.3, eup=  246.45 +- 0.364799445
                                            [WORKER 13] ia= 887, thermal , zout=65.3, eup=  249.34 +- 0.347068955
     Process 8 started calculating ia=904
     Process 15 started calculating ia=905
     Process 13 started calculating ia=906
                                            [WORKER 14] ia= 888, thermal , zout=65.3, eup=  246.43 +- 0.326970408
                                            [WORKER  4] ia= 889, thermal , zout=65.3, eup=  243.22 +- 0.340324062
     Process 14 started calculating ia=907
                                            [WORKER 17] ia= 890, thermal , zout=65.3, eup=  245.84 +- 0.337725582
                                            [WORKER  9] ia= 895, solar   , zout=65.3, eup=  268.58 +- 0.585707123
     Process 4 started calculating ia=908
                                            [WORKER  2] ia= 891, thermal , zout=65.3, eup=  246.42 +- 0.33783233
                                            [WORKER 16] ia= 896, solar   , zout=65.3, eup=  269.73 +- 0.577173249
     Process 17 started calculating ia=909
     Process 2 started calculating ia=910
                                            [WORKER  1] ia= 893, thermal , zout=65.3, eup=  245.24 +- 0.338950452
                                            [WORKER 18] ia= 892, thermal , zout=65.3, eup=  244.80 +- 0.338344589
     Process 1 started calculating ia=911
     Process 18 started calculating ia=912
                                            [WORKER  3] ia= 897, solar   , zout=65.3, eup=  269.20 +- 0.584076023
                                            [WORKER  6] ia= 898, solar   , zout=65.3, eup=  270.12 +- 0.567930132
                                            [WORKER 11] ia= 899, solar   , zout=65.3, eup=  270.65 +- 0.573158323
                                            [WORKER  5] ia= 900, solar   , zout=65.3, eup=  271.61 +- 0.574500086
                                            [WORKER 19] ia= 902, solar   , zout=65.3, eup=  271.21 +- 0.588754014
                                            [WORKER 12] ia= 903, solar   , zout=65.3, eup=  269.03 +- 0.612718214
                                            [WORKER 10] ia= 901, solar   , zout=65.3, eup=  271.74 +- 0.565609997
                                            [WORKER  7] ia= 894, thermal , zout=65.3, eup=  242.31 +- 0.353769011
     Process 7 started calculating ia=913
                                            [WORKER  8] ia= 904, solar   , zout=65.3, eup=  269.62 +- 0.589500808
                                            [WORKER 13] ia= 906, solar   , zout=65.3, eup=  269.94 +- 0.615955548
                                            [WORKER 15] ia= 905, solar   , zout=65.3, eup=  267.94 +- 0.580709352
                                            [WORKER 16] ia= 896, thermal , zout=65.3, eup=  244.83 +- 0.33164044
                                            [WORKER  9] ia= 895, thermal , zout=65.3, eup=  245.84 +- 0.331178063
                                            [WORKER 14] ia= 907, solar   , zout=65.3, eup=  265.26 +- 0.625383545
                                            [WORKER  4] ia= 908, solar   , zout=65.3, eup=  264.08 +- 0.659321432
     Process 16 started calculating ia=914
     Process 9 started calculating ia=915
                                            [WORKER 17] ia= 909, solar   , zout=65.3, eup=  263.40 +- 0.69206338
                                            [WORKER  2] ia= 910, solar   , zout=65.3, eup=  255.02 +- 0.714340325
                                            [WORKER  3] ia= 897, thermal , zout=65.3, eup=  245.93 +- 0.319080005
                                            [WORKER  6] ia= 898, thermal , zout=65.3, eup=  244.86 +- 0.314724278
                                            [WORKER  1] ia= 911, solar   , zout=65.3, eup=  256.23 +- 0.737624063
                                            [WORKER 18] ia= 912, solar   , zout=65.3, eup=  251.13 +- 0.746900033
                                            [WORKER 11] ia= 899, thermal , zout=65.3, eup=  244.76 +- 0.337185891
     Process 3 started calculating ia=916
     Process 6 started calculating ia=917
                                            [WORKER  5] ia= 900, thermal , zout=65.3, eup=  244.20 +- 0.322452295
     Process 11 started calculating ia=918
     Process 5 started calculating ia=919
                                            [WORKER 19] ia= 902, thermal , zout=65.3, eup=  243.84 +- 0.315410732
                                            [WORKER 10] ia= 901, thermal , zout=65.3, eup=  244.09 +- 0.319821062
                                            [WORKER 12] ia= 903, thermal , zout=65.3, eup=  244.50 +- 0.304246351
     Process 19 started calculating ia=920
     Process 10 started calculating ia=921
     Process 12 started calculating ia=922
                                            [WORKER  8] ia= 904, thermal , zout=65.3, eup=  244.53 +- 0.320606388
                                            [WORKER 13] ia= 906, thermal , zout=65.3, eup=  242.73 +- 0.319008534
                                            [WORKER  7] ia= 913, solar   , zout=65.3, eup=  249.64 +- 0.774692134
                                            [WORKER 15] ia= 905, thermal , zout=65.3, eup=  241.50 +- 0.308544155
     Process 8 started calculating ia=923
     Process 13 started calculating ia=924
     Process 15 started calculating ia=925
                                            [WORKER 14] ia= 907, thermal , zout=65.3, eup=  241.12 +- 0.306760679
                                            [WORKER  4] ia= 908, thermal , zout=65.3, eup=  241.11 +- 0.314259689
                                            [WORKER 16] ia= 914, solar   , zout=65.3, eup=  247.65 +- 0.78552818
     Process 14 started calculating ia=926
     Process 4 started calculating ia=927
                                            [WORKER  9] ia= 915, solar   , zout=65.3, eup=  244.53 +- 0.800891887
                                            [WORKER 17] ia= 909, thermal , zout=65.3, eup=  240.81 +- 0.31007694
                                            [WORKER  2] ia= 910, thermal , zout=65.3, eup=  239.03 +- 0.31068409
     Process 17 started calculating ia=928
     Process 2 started calculating ia=929
                                            [WORKER  3] ia= 916, solar   , zout=65.3, eup=  237.52 +- 0.808887226
                                            [WORKER  1] ia= 911, thermal , zout=65.3, eup=  239.84 +- 0.306329837
                                            [WORKER 18] ia= 912, thermal , zout=65.3, eup=  239.69 +- 0.315595093
                                            [WORKER  6] ia= 917, solar   , zout=65.3, eup=  233.85 +- 0.842297859
     Process 1 started calculating ia=930
     Process 18 started calculating ia=931
                                            [WORKER 11] ia= 918, solar   , zout=65.3, eup=  230.78 +- 0.855508638
                                            [WORKER  5] ia= 919, solar   , zout=65.3, eup=  227.35 +- 0.865933689
                                            [WORKER 19] ia= 920, solar   , zout=65.3, eup=  222.31 +- 0.890424137
                                            [WORKER 10] ia= 921, solar   , zout=65.3, eup=  221.91 +- 0.885839724
                                            [WORKER 12] ia= 922, solar   , zout=65.3, eup=  218.98 +- 0.899197464
                                            [WORKER  7] ia= 913, thermal , zout=65.3, eup=  241.11 +- 0.317590534
                                            [WORKER  8] ia= 923, solar   , zout=65.3, eup=  216.04 +- 0.906062732
                                            [WORKER 13] ia= 924, solar   , zout=65.3, eup=  212.70 +- 0.916233289
     Process 7 started calculating ia=932
                                            [WORKER 15] ia= 925, solar   , zout=65.3, eup=  212.23 +- 0.914098527
                                            [WORKER 16] ia= 914, thermal , zout=65.3, eup=  241.47 +- 0.298718189
                                            [WORKER  9] ia= 915, thermal , zout=65.3, eup=  242.71 +- 0.301860224
                                            [WORKER  4] ia= 927, solar   , zout=65.3, eup=  209.48 +- 0.921093173
                                            [WORKER 14] ia= 926, solar   , zout=65.3, eup=  208.74 +- 0.922524207
     Process 16 started calculating ia=933
     Process 9 started calculating ia=934
                                            [WORKER 17] ia= 928, solar   , zout=65.3, eup=  209.26 +- 0.924530794
                                            [WORKER  2] ia= 929, solar   , zout=65.3, eup=  206.20 +- 0.933522337
                                            [WORKER  3] ia= 916, thermal , zout=65.3, eup=  241.23 +- 0.287408491
                                            [WORKER  6] ia= 917, thermal , zout=65.3, eup=  241.68 +- 0.308007662
                                            [WORKER  5] ia= 919, thermal , zout=65.3, eup=  241.67 +- 0.296245887
                                            [WORKER 11] ia= 918, thermal , zout=65.3, eup=  241.07 +- 0.306133665
     Process 3 started calculating ia=935
                                            [WORKER 18] ia= 931, solar   , zout=65.3, eup=  204.04 +- 0.941351545
                                            [WORKER  1] ia= 930, solar   , zout=65.3, eup=  204.41 +- 0.937148919
     Process 6 started calculating ia=936
     Process 5 started calculating ia=937
     Process 11 started calculating ia=938
                                            [WORKER 19] ia= 920, thermal , zout=65.3, eup=  241.72 +- 0.312674867
                                            [WORKER 10] ia= 921, thermal , zout=65.3, eup=  242.46 +- 0.304489756
                                            [WORKER 12] ia= 922, thermal , zout=65.3, eup=  242.05 +- 0.317348701
     Process 19 started calculating ia=939
     Process 10 started calculating ia=940
     Process 12 started calculating ia=941
                                            [WORKER  8] ia= 923, thermal , zout=65.3, eup=  242.30 +- 0.322091778
                                            [WORKER 13] ia= 924, thermal , zout=65.3, eup=  242.30 +- 0.32425655
                                            [WORKER  7] ia= 932, solar   , zout=65.3, eup=  204.19 +- 0.94043555
                                            [WORKER 15] ia= 925, thermal , zout=65.3, eup=  241.32 +- 0.315753169
     Process 8 started calculating ia=942
     Process 13 started calculating ia=943
     Process 15 started calculating ia=944
                                            [WORKER  4] ia= 927, thermal , zout=65.3, eup=  241.46 +- 0.3148802
                                            [WORKER 14] ia= 926, thermal , zout=65.3, eup=  241.89 +- 0.301007966
                                            [WORKER 16] ia= 933, solar   , zout=65.3, eup=  204.35 +- 0.939804012
                                            [WORKER  2] ia= 929, thermal , zout=65.3, eup=  240.70 +- 0.317173217
                                            [WORKER 17] ia= 928, thermal , zout=65.3, eup=  240.71 +- 0.303057271
     Process 4 started calculating ia=945
     Process 14 started calculating ia=946
                                            [WORKER  9] ia= 934, solar   , zout=65.3, eup=  209.01 +- 0.933859751
     Process 2 started calculating ia=947
     Process 17 started calculating ia=948
                                            [WORKER  3] ia= 935, solar   , zout=65.3, eup=  210.44 +- 0.932521348
                                            [WORKER  6] ia= 936, solar   , zout=65.3, eup=  212.94 +- 0.937380274
                                            [WORKER  1] ia= 930, thermal , zout=65.3, eup=  240.66 +- 0.301986164
                                            [WORKER 18] ia= 931, thermal , zout=65.3, eup=  240.54 +- 0.323375582
                                            [WORKER  5] ia= 937, solar   , zout=65.3, eup=  214.57 +- 0.933114763
                                            [WORKER 11] ia= 938, solar   , zout=65.3, eup=  215.75 +- 0.93296579
     Process 1 started calculating ia=949
     Process 18 started calculating ia=950
                                            [WORKER 19] ia= 939, solar   , zout=65.3, eup=  218.40 +- 0.928807235
                                            [WORKER 12] ia= 941, solar   , zout=65.3, eup=  220.73 +- 0.929941768
                                            [WORKER 10] ia= 940, solar   , zout=65.3, eup=  221.80 +- 0.91850129
                                            [WORKER  7] ia= 932, thermal , zout=65.3, eup=  240.24 +- 0.317344581
                                            [WORKER  8] ia= 942, solar   , zout=65.3, eup=  224.45 +- 0.915928037
     Process 7 started calculating ia=951
                                            [WORKER 13] ia= 943, solar   , zout=65.3, eup=  222.62 +- 0.921467643
                                            [WORKER 15] ia= 944, solar   , zout=65.3, eup=  223.42 +- 0.912985991
                                            [WORKER 16] ia= 933, thermal , zout=65.3, eup=  239.68 +- 0.31931845
                                            [WORKER  4] ia= 945, solar   , zout=65.3, eup=  223.34 +- 0.921466284
     Process 16 started calculating ia=952
                                            [WORKER 14] ia= 946, solar   , zout=65.3, eup=  224.34 +- 0.920208508
                                            [WORKER  9] ia= 934, thermal , zout=65.3, eup=  239.46 +- 0.299444722
                                            [WORKER  2] ia= 947, solar   , zout=65.3, eup=  227.64 +- 0.90807271
                                            [WORKER 17] ia= 948, solar   , zout=65.3, eup=  229.18 +- 0.910472537
                                            [WORKER  3] ia= 935, thermal , zout=65.3, eup=  240.04 +- 0.291148981
     Process 9 started calculating ia=953
                                            [WORKER  6] ia= 936, thermal , zout=65.3, eup=  238.49 +- 0.317167673
     Process 3 started calculating ia=954
     Process 6 started calculating ia=955
                                            [WORKER  5] ia= 937, thermal , zout=65.3, eup=  238.38 +- 0.310256318
                                            [WORKER 11] ia= 938, thermal , zout=65.3, eup=  238.22 +- 0.304137639
                                            [WORKER  1] ia= 949, solar   , zout=65.3, eup=  227.22 +- 0.912150282
                                            [WORKER 18] ia= 950, solar   , zout=65.3, eup=  230.37 +- 0.909317776
     Process 5 started calculating ia=956
     Process 11 started calculating ia=957
                                            [WORKER 19] ia= 939, thermal , zout=65.3, eup=  238.00 +- 0.293291512
                                            [WORKER 12] ia= 941, thermal , zout=65.3, eup=  236.73 +- 0.292432612
                                            [WORKER 10] ia= 940, thermal , zout=65.3, eup=  237.24 +- 0.280065373
     Process 19 started calculating ia=958
     Process 12 started calculating ia=959
     Process 10 started calculating ia=960
                                            [WORKER  8] ia= 942, thermal , zout=65.3, eup=  235.70 +- 0.297755317
                                            [WORKER 13] ia= 943, thermal , zout=65.3, eup=  237.01 +- 0.288745513
                                            [WORKER 15] ia= 944, thermal , zout=65.3, eup=  232.50 +- 0.343043392
                                            [WORKER  7] ia= 951, solar   , zout=65.3, eup=  231.91 +- 0.898865208
     Process 8 started calculating ia=961
     Process 13 started calculating ia=962
     Process 15 started calculating ia=963
                                            [WORKER  4] ia= 945, thermal , zout=65.3, eup=  236.59 +- 0.285639249
                                            [WORKER 14] ia= 946, thermal , zout=65.3, eup=  236.44 +- 0.28737698
                                            [WORKER 16] ia= 952, solar   , zout=65.3, eup=  227.99 +- 0.86563993
                                            [WORKER  2] ia= 947, thermal , zout=65.3, eup=  236.34 +- 0.278278883
                                            [WORKER 17] ia= 948, thermal , zout=65.3, eup=  236.17 +- 0.300263864
     Process 4 started calculating ia=964
     Process 14 started calculating ia=965
     Process 2 started calculating ia=966
     Process 17 started calculating ia=967
                                            [WORKER  9] ia= 953, solar   , zout=65.3, eup=  234.39 +- 0.897472527
                                            [WORKER  3] ia= 954, solar   , zout=65.3, eup=  235.86 +- 0.895010474
                                            [WORKER  6] ia= 955, solar   , zout=65.3, eup=  236.16 +- 0.899160575
                                            [WORKER  1] ia= 949, thermal , zout=65.3, eup=  231.90 +- 0.345248381
                                            [WORKER 18] ia= 950, thermal , zout=65.3, eup=  235.80 +- 0.295452676
     Process 1 started calculating ia=968
     Process 18 started calculating ia=969
                                            [WORKER  5] ia= 956, solar   , zout=65.3, eup=  237.12 +- 0.884461576
                                            [WORKER 11] ia= 957, solar   , zout=65.3, eup=  235.35 +- 0.900560739
                                            [WORKER 19] ia= 958, solar   , zout=65.3, eup=  236.16 +- 0.901515333
                                            [WORKER 12] ia= 959, solar   , zout=65.3, eup=  235.97 +- 0.904628652
                                            [WORKER 10] ia= 960, solar   , zout=65.3, eup=  238.35 +- 0.895580193
                                            [WORKER  7] ia= 951, thermal , zout=65.3, eup=  231.97 +- 0.347106381
                                            [WORKER 16] ia= 952, thermal , zout=65.3, eup=  214.46 +- 0.455936082
     Process 7 started calculating ia=970
                                            [WORKER 13] ia= 962, solar   , zout=65.3, eup=  236.83 +- 0.887790486
                                            [WORKER  8] ia= 961, solar   , zout=65.3, eup=  239.21 +- 0.887584549
                                            [WORKER 15] ia= 963, solar   , zout=65.3, eup=  240.06 +- 0.888900828
                                            [WORKER  4] ia= 964, solar   , zout=65.3, eup=  239.13 +- 0.896041628
                                            [WORKER 14] ia= 965, solar   , zout=65.3, eup=  241.25 +- 0.88691689
     Process 16 started calculating ia=971
                                            [WORKER 17] ia= 967, solar   , zout=65.3, eup=  244.26 +- 0.877327446
                                            [WORKER  2] ia= 966, solar   , zout=65.3, eup=  242.79 +- 0.883149479
                                            [WORKER  3] ia= 954, thermal , zout=65.3, eup=  235.54 +- 0.294700527
                                            [WORKER  9] ia= 953, thermal , zout=65.3, eup=  235.40 +- 0.303713317
                                            [WORKER  6] ia= 955, thermal , zout=65.3, eup=  235.14 +- 0.290340472
     Process 3 started calculating ia=972
     Process 9 started calculating ia=973
     Process 6 started calculating ia=974
                                            [WORKER  5] ia= 956, thermal , zout=65.3, eup=  235.22 +- 0.294214512
                                            [WORKER 11] ia= 957, thermal , zout=65.3, eup=  235.26 +- 0.290341063
                                            [WORKER  1] ia= 968, solar   , zout=65.3, eup=  245.16 +- 0.867946911
                                            [WORKER 18] ia= 969, solar   , zout=65.3, eup=  245.15 +- 0.87357845
                                            [WORKER 19] ia= 958, thermal , zout=65.3, eup=  234.82 +- 0.282870986
     Process 5 started calculating ia=975
     Process 11 started calculating ia=976
                                            [WORKER 10] ia= 960, thermal , zout=65.3, eup=  234.36 +- 0.281722334
                                            [WORKER 12] ia= 959, thermal , zout=65.3, eup=  234.44 +- 0.283176329
     Process 19 started calculating ia=977
     Process 10 started calculating ia=978
     Process 12 started calculating ia=979
                                            [WORKER  7] ia= 970, solar   , zout=65.3, eup=  242.73 +- 0.867827789
                                            [WORKER 13] ia= 962, thermal , zout=65.3, eup=  228.23 +- 0.354673145
                                            [WORKER  8] ia= 961, thermal , zout=65.3, eup=  234.41 +- 0.279236727
                                            [WORKER 15] ia= 963, thermal , zout=65.3, eup=  233.86 +- 0.289707508
     Process 8 started calculating ia=980
     Process 13 started calculating ia=981
                                            [WORKER  4] ia= 964, thermal , zout=65.3, eup=  233.87 +- 0.299598897
                                            [WORKER 14] ia= 965, thermal , zout=65.3, eup=  233.30 +- 0.293346302
                                            [WORKER 16] ia= 971, solar   , zout=65.3, eup=  246.30 +- 0.86200371
     Process 15 started calculating ia=982
                                            [WORKER 17] ia= 967, thermal , zout=65.3, eup=  232.63 +- 0.273125689
                                            [WORKER  2] ia= 966, thermal , zout=65.3, eup=  233.38 +- 0.288400562
     Process 4 started calculating ia=983
     Process 14 started calculating ia=984
     Process 17 started calculating ia=985
     Process 2 started calculating ia=986
                                            [WORKER  3] ia= 972, solar   , zout=65.3, eup=  247.73 +- 0.869891513
                                            [WORKER  9] ia= 973, solar   , zout=65.3, eup=  248.22 +- 0.874849886
                                            [WORKER  6] ia= 974, solar   , zout=65.3, eup=  252.04 +- 0.85681235
                                            [WORKER  1] ia= 968, thermal , zout=65.3, eup=  232.34 +- 0.288949442
                                            [WORKER 18] ia= 969, thermal , zout=65.3, eup=  229.89 +- 0.306051867
     Process 1 started calculating ia=987
     Process 18 started calculating ia=988
                                            [WORKER  5] ia= 975, solar   , zout=65.3, eup=  247.20 +- 0.847254539
                                            [WORKER 11] ia= 976, solar   , zout=65.3, eup=  250.78 +- 0.86881797
                                            [WORKER 19] ia= 977, solar   , zout=65.3, eup=  251.24 +- 0.864580825
                                            [WORKER 12] ia= 979, solar   , zout=65.3, eup=  253.66 +- 0.86079404
                                            [WORKER 10] ia= 978, solar   , zout=65.3, eup=  254.08 +- 0.853391905
                                            [WORKER  7] ia= 970, thermal , zout=65.3, eup=  223.16 +- 0.368438497
     Process 7 started calculating ia=989
                                            [WORKER 13] ia= 981, solar   , zout=65.3, eup=  255.29 +- 0.850033919
                                            [WORKER  8] ia= 980, solar   , zout=65.3, eup=  254.21 +- 0.854731063
                                            [WORKER 16] ia= 971, thermal , zout=65.3, eup=  222.69 +- 0.381653842
                                            [WORKER 15] ia= 982, solar   , zout=65.3, eup=  254.25 +- 0.855423495
     Process 16 started calculating ia=990
                                            [WORKER  4] ia= 983, solar   , zout=65.3, eup=  253.23 +- 0.868408203
                                            [WORKER 14] ia= 984, solar   , zout=65.3, eup=  254.07 +- 0.855874475
                                            [WORKER  3] ia= 972, thermal , zout=65.3, eup=  230.45 +- 0.295952455
                                            [WORKER  6] ia= 974, thermal , zout=65.3, eup=  229.02 +- 0.317206254
                                            [WORKER  9] ia= 973, thermal , zout=65.3, eup=  229.48 +- 0.31444937
                                            [WORKER 17] ia= 985, solar   , zout=65.3, eup=  256.35 +- 0.842860389
     Process 3 started calculating ia=991
                                            [WORKER  2] ia= 986, solar   , zout=65.3, eup=  256.06 +- 0.861617959
     Process 6 started calculating ia=992
     Process 9 started calculating ia=993
                                            [WORKER  5] ia= 975, thermal , zout=65.3, eup=  224.00 +- 0.33265214
                                            [WORKER 11] ia= 976, thermal , zout=65.3, eup=  229.52 +- 0.29923653
                                            [WORKER  1] ia= 987, solar   , zout=65.3, eup=  255.89 +- 0.861479316
                                            [WORKER 18] ia= 988, solar   , zout=65.3, eup=  256.44 +- 0.8558127
                                            [WORKER 12] ia= 979, thermal , zout=65.3, eup=  228.46 +- 0.311202299
     Process 5 started calculating ia=994
                                            [WORKER 19] ia= 977, thermal , zout=65.3, eup=  224.82 +- 0.345979892
     Process 11 started calculating ia=995
                                            [WORKER 10] ia= 978, thermal , zout=65.3, eup=  229.29 +- 0.298636331
     Process 12 started calculating ia=996
     Process 19 started calculating ia=997
                                            [WORKER 13] ia= 981, thermal , zout=65.3, eup=  228.61 +- 0.312594328
     Process 10 started calculating ia=998
                                            [WORKER  8] ia= 980, thermal , zout=65.3, eup=  229.30 +- 0.297757018
                                            [WORKER  7] ia= 989, solar   , zout=65.3, eup=  256.01 +- 0.853780849
                                            [WORKER 15] ia= 982, thermal , zout=65.3, eup=  229.58 +- 0.295423624
     Process 13 started calculating ia=999
     Process 8 started calculating ia=1000
     Process 15 started calculating ia=1001
                                            [WORKER  4] ia= 983, thermal , zout=65.3, eup=  229.51 +- 0.294054613
                                            [WORKER 16] ia= 990, solar   , zout=65.3, eup=  255.06 +- 0.862361159
                                            [WORKER 14] ia= 984, thermal , zout=65.3, eup=  229.45 +- 0.293806937
     Process 4 started calculating ia=1002
     Process 14 started calculating ia=1003
                                            [WORKER 17] ia= 985, thermal , zout=65.3, eup=  229.59 +- 0.2969247
                                            [WORKER  3] ia= 991, solar   , zout=65.3, eup=  255.32 +- 0.85467604
                                            [WORKER  2] ia= 986, thermal , zout=65.3, eup=  228.97 +- 0.296921513
     Process 17 started calculating ia=1004
     Process 2 started calculating ia=1005
                                            [WORKER  6] ia= 992, solar   , zout=65.3, eup=  253.90 +- 0.865000984
                                            [WORKER  9] ia= 993, solar   , zout=65.3, eup=  253.63 +- 0.871206576
                                            [WORKER 18] ia= 988, thermal , zout=65.3, eup=  229.38 +- 0.303559097
                                            [WORKER  1] ia= 987, thermal , zout=65.3, eup=  228.95 +- 0.304838388
                                            [WORKER  5] ia= 994, solar   , zout=65.3, eup=  253.62 +- 0.870751318
                                            [WORKER 11] ia= 995, solar   , zout=65.3, eup=  252.72 +- 0.873909305
     Process 18 started calculating ia=1006
     Process 1 started calculating ia=1007
                                            [WORKER  7] ia= 989, thermal , zout=65.3, eup=  228.90 +- 0.306619243
                                            [WORKER 12] ia= 996, solar   , zout=65.3, eup=  251.81 +- 0.880314661
                                            [WORKER 19] ia= 997, solar   , zout=65.3, eup=  252.87 +- 0.870107597
                                            [WORKER 10] ia= 998, solar   , zout=65.3, eup=  252.88 +- 0.876325251
     Process 7 started calculating ia=1008
                                            [WORKER 16] ia= 990, thermal , zout=65.3, eup=  226.58 +- 0.33673604
                                            [WORKER 13] ia= 999, solar   , zout=65.3, eup=  255.06 +- 0.868988092
                                            [WORKER  8] ia=1000, solar   , zout=65.3, eup=  252.42 +- 0.88458277
                                            [WORKER 15] ia=1001, solar   , zout=65.3, eup=  253.98 +- 0.87573688
                                            [WORKER  4] ia=1002, solar   , zout=65.3, eup=  253.01 +- 0.880165656
                                            [WORKER  3] ia= 991, thermal , zout=65.3, eup=  228.65 +- 0.314747643
                                            [WORKER 14] ia=1003, solar   , zout=65.3, eup=  251.75 +- 0.894522988
     Process 16 started calculating ia=1009
                                            [WORKER  6] ia= 992, thermal , zout=65.3, eup=  228.77 +- 0.310174275
                                            [WORKER 17] ia=1004, solar   , zout=65.3, eup=  252.43 +- 0.891777698
                                            [WORKER  9] ia= 993, thermal , zout=65.3, eup=  229.10 +- 0.310015325
     Process 3 started calculating ia=1010
                                            [WORKER  2] ia=1005, solar   , zout=65.3, eup=  251.36 +- 0.895406536
     Process 6 started calculating ia=1011
                                            [WORKER  5] ia= 994, thermal , zout=65.3, eup=  228.79 +- 0.309062361
     Process 9 started calculating ia=1012
                                            [WORKER 11] ia= 995, thermal , zout=65.3, eup=  228.62 +- 0.314976121
                                            [WORKER  1] ia=1007, solar   , zout=65.3, eup=  252.32 +- 0.896511501
                                            [WORKER 18] ia=1006, solar   , zout=65.3, eup=  250.35 +- 0.898666054
     Process 5 started calculating ia=1013
     Process 11 started calculating ia=1014
                                            [WORKER 12] ia= 996, thermal , zout=65.3, eup=  227.39 +- 0.331536047
     Process 12 started calculating ia=1015
                                            [WORKER 19] ia= 997, thermal , zout=65.3, eup=  226.54 +- 0.338447421
                                            [WORKER 10] ia= 998, thermal , zout=65.3, eup=  227.91 +- 0.31892199
     Process 19 started calculating ia=1016
     Process 10 started calculating ia=1017
                                            [WORKER  7] ia=1008, solar   , zout=65.3, eup=  252.17 +- 0.892582299
                                            [WORKER 13] ia= 999, thermal , zout=65.3, eup=  227.48 +- 0.331056375
                                            [WORKER  8] ia=1000, thermal , zout=65.3, eup=  225.29 +- 0.337340828
                                            [WORKER 15] ia=1001, thermal , zout=65.3, eup=  225.85 +- 0.334341594
     Process 13 started calculating ia=1018
     Process 8 started calculating ia=1019
                                            [WORKER  4] ia=1002, thermal , zout=65.3, eup=  224.58 +- 0.349399536
     Process 15 started calculating ia=1020
                                            [WORKER 14] ia=1003, thermal , zout=65.3, eup=  224.53 +- 0.345921593
                                            [WORKER 16] ia=1009, solar   , zout=65.3, eup=  252.62 +- 0.89534466
                                            [WORKER 17] ia=1004, thermal , zout=65.3, eup=  223.18 +- 0.348661715
     Process 4 started calculating ia=1021
                                            [WORKER  2] ia=1005, thermal , zout=65.3, eup=  222.79 +- 0.356895163
     Process 14 started calculating ia=1022
                                            [WORKER  3] ia=1010, solar   , zout=65.3, eup=  249.68 +- 0.89141583
                                            [WORKER  6] ia=1011, solar   , zout=65.3, eup=  253.52 +- 0.900833286
     Process 17 started calculating ia=1023
                                            [WORKER 18] ia=1006, thermal , zout=65.3, eup=  221.87 +- 0.350983907
                                            [WORKER  1] ia=1007, thermal , zout=65.3, eup=  221.57 +- 0.359109801
     Process 2 started calculating ia=1024
                                            [WORKER  9] ia=1012, solar   , zout=65.3, eup=  253.51 +- 0.908732861
                                            [WORKER  5] ia=1013, solar   , zout=65.3, eup=  254.30 +- 0.90362049
                                            [WORKER 11] ia=1014, solar   , zout=65.3, eup=  254.91 +- 0.900464566
     Process 18 started calculating ia=1025
     Process 1 started calculating ia=1026
                                            [WORKER 12] ia=1015, solar   , zout=65.3, eup=  253.57 +- 0.881287667
                                            [WORKER 19] ia=1016, solar   , zout=65.3, eup=  255.09 +- 0.904946673
                                            [WORKER 10] ia=1017, solar   , zout=65.3, eup=  255.94 +- 0.909287656
                                            [WORKER  7] ia=1008, thermal , zout=65.3, eup=  220.94 +- 0.355487173
     Process 7 started calculating ia=1027
                                            [WORKER 13] ia=1018, solar   , zout=65.3, eup=  259.00 +- 0.897854989
                                            [WORKER  8] ia=1019, solar   , zout=65.3, eup=  260.09 +- 0.900569377
                                            [WORKER 15] ia=1020, solar   , zout=65.3, eup=  263.82 +- 0.88988166
                                            [WORKER 16] ia=1009, thermal , zout=65.3, eup=  220.63 +- 0.360990728
                                            [WORKER  4] ia=1021, solar   , zout=65.3, eup=  266.77 +- 0.880313306
                                            [WORKER 14] ia=1022, solar   , zout=65.3, eup=  267.41 +- 0.8853075
     Process 16 started calculating ia=1028
                                            [WORKER  3] ia=1010, thermal , zout=65.3, eup=  217.25 +- 0.359264191
     Process 3 started calculating ia=1029
                                            [WORKER 17] ia=1023, solar   , zout=65.3, eup=  268.19 +- 0.888745315
                                            [WORKER  6] ia=1011, thermal , zout=65.3, eup=  218.67 +- 0.375056302
                                            [WORKER  2] ia=1024, solar   , zout=65.3, eup=  272.07 +- 0.87710203
     Process 6 started calculating ia=1030
                                            [WORKER  9] ia=1012, thermal , zout=65.3, eup=  217.91 +- 0.366965917
                                            [WORKER  5] ia=1013, thermal , zout=65.3, eup=  216.76 +- 0.367413411
                                            [WORKER 11] ia=1014, thermal , zout=65.3, eup=  215.15 +- 0.376245774
                                            [WORKER  1] ia=1026, solar   , zout=65.3, eup=  272.85 +- 0.879695453
                                            [WORKER 18] ia=1025, solar   , zout=65.3, eup=  271.65 +- 0.885718971
                                            [WORKER 12] ia=1015, thermal , zout=65.3, eup=  213.74 +- 0.359979101
     Process 9 started calculating ia=1031
                                            [WORKER 19] ia=1016, thermal , zout=65.3, eup=  211.67 +- 0.371140066
                                            [WORKER 10] ia=1017, thermal , zout=65.3, eup=  210.28 +- 0.370529267
     Process 5 started calculating ia=1032
     Process 11 started calculating ia=1033
                                            [WORKER 13] ia=1018, thermal , zout=65.3, eup=  208.65 +- 0.370323587
                                            [WORKER  8] ia=1019, thermal , zout=65.3, eup=  207.42 +- 0.372241444
                                            [WORKER 15] ia=1020, thermal , zout=65.3, eup=  205.57 +- 0.360989056
                                            [WORKER  7] ia=1027, solar   , zout=65.3, eup=  276.22 +- 0.871836803
     Process 12 started calculating ia=1034
     Process 10 started calculating ia=1035
     Process 19 started calculating ia=1036
                                            [WORKER  4] ia=1021, thermal , zout=65.3, eup=  205.13 +- 0.364120519
                                            [WORKER 14] ia=1022, thermal , zout=65.3, eup=  203.55 +- 0.350556513
     Process 13 started calculating ia=1037
     Process 8 started calculating ia=1038
     Process 15 started calculating ia=1039
                                            [WORKER 16] ia=1028, solar   , zout=65.3, eup=  277.98 +- 0.870996581
                                            [WORKER 17] ia=1023, thermal , zout=65.3, eup=  202.47 +- 0.350579211
     Process 4 started calculating ia=1040
     Process 14 started calculating ia=1041
                                            [WORKER  3] ia=1029, solar   , zout=65.3, eup=  281.44 +- 0.857400255
     Process 17 started calculating ia=1042
                                            [WORKER  6] ia=1030, solar   , zout=65.3, eup=  281.14 +- 0.872710605
                                            [WORKER  2] ia=1024, thermal , zout=65.3, eup=  201.34 +- 0.33818673
     Process 2 started calculating ia=1043
                                            [WORKER  1] ia=1026, thermal , zout=65.3, eup=  200.09 +- 0.335353899
                                            [WORKER 18] ia=1025, thermal , zout=65.3, eup=  200.40 +- 0.331261787
     Process 1 started calculating ia=1044
                                            [WORKER  9] ia=1031, solar   , zout=65.3, eup=  285.10 +- 0.837977514
                                            [WORKER  5] ia=1032, solar   , zout=65.3, eup=  284.97 +- 0.858460824
                                            [WORKER 11] ia=1033, solar   , zout=65.3, eup=  286.75 +- 0.853601238
     Process 18 started calculating ia=1045
                                            [WORKER  7] ia=1027, thermal , zout=65.3, eup=  198.64 +- 0.323119103
                                            [WORKER 12] ia=1034, solar   , zout=65.3, eup=  290.38 +- 0.835698388
                                            [WORKER 10] ia=1035, solar   , zout=65.3, eup=  289.79 +- 0.83779117
                                            [WORKER 19] ia=1036, solar   , zout=65.3, eup=  292.16 +- 0.833230493
                                            [WORKER 16] ia=1028, thermal , zout=65.3, eup=  198.06 +- 0.322666416
                                            [WORKER  3] ia=1029, thermal , zout=65.3, eup=  196.68 +- 0.317654244
     Process 7 started calculating ia=1046
                                            [WORKER  6] ia=1030, thermal , zout=65.3, eup=  196.24 +- 0.312120219
     Process 16 started calculating ia=1047
                                            [WORKER 13] ia=1037, solar   , zout=65.3, eup=  291.88 +- 0.834640852
                                            [WORKER  8] ia=1038, solar   , zout=65.3, eup=  291.69 +- 0.833799963
                                            [WORKER 15] ia=1039, solar   , zout=65.3, eup=  292.36 +- 0.821311161
                                            [WORKER  4] ia=1040, solar   , zout=65.3, eup=  290.61 +- 0.835391856
     Process 3 started calculating ia=1048
                                            [WORKER 14] ia=1041, solar   , zout=65.3, eup=  285.68 +- 0.835756514
                                            [WORKER 17] ia=1042, solar   , zout=65.3, eup=  287.72 +- 0.841015765
     Process 6 started calculating ia=1049
                                            [WORKER  2] ia=1043, solar   , zout=65.3, eup=  288.62 +- 0.835730946
                                            [WORKER  5] ia=1032, thermal , zout=65.3, eup=  194.45 +- 0.295571817
                                            [WORKER 11] ia=1033, thermal , zout=65.3, eup=  193.72 +- 0.293682678
                                            [WORKER  9] ia=1031, thermal , zout=65.3, eup=  195.25 +- 0.308524196
     Process 5 started calculating ia=1050
     Process 11 started calculating ia=1051
     Process 9 started calculating ia=1052
                                            [WORKER  1] ia=1044, solar   , zout=65.3, eup=  285.09 +- 0.846072039
                                            [WORKER 18] ia=1045, solar   , zout=65.3, eup=  282.95 +- 0.855442587
                                            [WORKER 12] ia=1034, thermal , zout=65.3, eup=  193.87 +- 0.296223515
                                            [WORKER 10] ia=1035, thermal , zout=65.3, eup=  193.38 +- 0.291186289
                                            [WORKER 19] ia=1036, thermal , zout=65.3, eup=  193.28 +- 0.281775606
     Process 12 started calculating ia=1053
     Process 10 started calculating ia=1054
     Process 19 started calculating ia=1055
                                            [WORKER  7] ia=1046, solar   , zout=65.3, eup=  281.28 +- 0.86313773
                                            [WORKER 16] ia=1047, solar   , zout=65.3, eup=  281.51 +- 0.853834848
                                            [WORKER 13] ia=1037, thermal , zout=65.3, eup=  192.27 +- 0.284173579
                                            [WORKER  3] ia=1048, solar   , zout=65.3, eup=  280.43 +- 0.858389445
                                            [WORKER 15] ia=1039, thermal , zout=65.3, eup=  193.83 +- 0.303551967
                                            [WORKER  8] ia=1038, thermal , zout=65.3, eup=  192.81 +- 0.293375382
                                            [WORKER  4] ia=1040, thermal , zout=65.3, eup=  193.78 +- 0.308883832
                                            [WORKER 14] ia=1041, thermal , zout=65.3, eup=  192.08 +- 0.312368508
                                            [WORKER 17] ia=1042, thermal , zout=65.3, eup=  195.67 +- 0.33105112
     Process 13 started calculating ia=1056
                                            [WORKER  2] ia=1043, thermal , zout=65.3, eup=  196.51 +- 0.333082387
     Process 15 started calculating ia=1057
     Process 8 started calculating ia=1058
     Process 4 started calculating ia=1059
                                            [WORKER  6] ia=1049, solar   , zout=65.3, eup=  280.77 +- 0.848914518
     Process 14 started calculating ia=1060
     Process 17 started calculating ia=1061
                                            [WORKER  1] ia=1044, thermal , zout=65.3, eup=  197.50 +- 0.349590674
     Process 2 started calculating ia=1062
                                            [WORKER 18] ia=1045, thermal , zout=65.3, eup=  198.64 +- 0.357819841
                                            [WORKER  5] ia=1050, solar   , zout=65.3, eup=  280.22 +- 0.860349415
                                            [WORKER 11] ia=1051, solar   , zout=65.3, eup=  278.29 +- 0.869281646
                                            [WORKER  9] ia=1052, solar   , zout=65.3, eup=  281.66 +- 0.848954538
     Process 1 started calculating ia=1063
     Process 18 started calculating ia=1064
                                            [WORKER  7] ia=1046, thermal , zout=65.3, eup=  199.83 +- 0.366413193
                                            [WORKER 12] ia=1053, solar   , zout=65.3, eup=  280.28 +- 0.858891889
                                            [WORKER 19] ia=1055, solar   , zout=65.3, eup=  282.31 +- 0.834375723
                                            [WORKER 10] ia=1054, solar   , zout=65.3, eup=  281.14 +- 0.843864786
     Process 7 started calculating ia=1065
                                            [WORKER 16] ia=1047, thermal , zout=65.3, eup=  201.20 +- 0.369486551
                                            [WORKER  3] ia=1048, thermal , zout=65.3, eup=  202.47 +- 0.384212755
     Process 16 started calculating ia=1066
     Process 3 started calculating ia=1067
                                            [WORKER 13] ia=1056, solar   , zout=65.3, eup=  280.58 +- 0.853029091
                                            [WORKER 15] ia=1057, solar   , zout=65.3, eup=  280.97 +- 0.847349331
                                            [WORKER  8] ia=1058, solar   , zout=65.3, eup=  281.17 +- 0.846386675
                                            [WORKER  4] ia=1059, solar   , zout=65.3, eup=  281.71 +- 0.8385922
                                            [WORKER  6] ia=1049, thermal , zout=65.3, eup=  203.45 +- 0.379562203
                                            [WORKER 14] ia=1060, solar   , zout=65.3, eup=  282.44 +- 0.830649756
     Process 6 started calculating ia=1068
                                            [WORKER 17] ia=1061, solar   , zout=65.3, eup=  280.95 +- 0.849995703
                                            [WORKER  5] ia=1050, thermal , zout=65.3, eup=  204.47 +- 0.395373475
                                            [WORKER  2] ia=1062, solar   , zout=65.3, eup=  280.65 +- 0.843608032
                                            [WORKER 11] ia=1051, thermal , zout=65.3, eup=  205.81 +- 0.401325419
                                            [WORKER  9] ia=1052, thermal , zout=65.3, eup=  206.65 +- 0.399176305
     Process 5 started calculating ia=1069
     Process 11 started calculating ia=1070
                                            [WORKER  1] ia=1063, solar   , zout=65.3, eup=  278.81 +- 0.849739012
     Process 9 started calculating ia=1071
                                            [WORKER 18] ia=1064, solar   , zout=65.3, eup=  278.40 +- 0.830618254
                                            [WORKER 12] ia=1053, thermal , zout=65.3, eup=  207.55 +- 0.397925646
                                            [WORKER 10] ia=1054, thermal , zout=65.3, eup=  208.74 +- 0.410078241
                                            [WORKER 19] ia=1055, thermal , zout=65.3, eup=  207.40 +- 0.404193828
     Process 12 started calculating ia=1072
     Process 10 started calculating ia=1073
     Process 19 started calculating ia=1074
                                            [WORKER  7] ia=1065, solar   , zout=65.3, eup=  279.83 +- 0.83669336
                                            [WORKER 13] ia=1056, thermal , zout=65.3, eup=  209.17 +- 0.401052551
                                            [WORKER 16] ia=1066, solar   , zout=65.3, eup=  277.64 +- 0.848585226
                                            [WORKER  3] ia=1067, solar   , zout=65.3, eup=  279.93 +- 0.832853171
     Process 13 started calculating ia=1075
                                            [WORKER 15] ia=1057, thermal , zout=65.3, eup=  207.44 +- 0.411546766
                                            [WORKER  8] ia=1058, thermal , zout=65.3, eup=  209.17 +- 0.416933578
                                            [WORKER  4] ia=1059, thermal , zout=65.3, eup=  209.57 +- 0.415066599
                                            [WORKER 14] ia=1060, thermal , zout=65.3, eup=  210.62 +- 0.408853478
                                            [WORKER 17] ia=1061, thermal , zout=65.3, eup=  210.60 +- 0.414356775
     Process 15 started calculating ia=1076
     Process 8 started calculating ia=1077
     Process 4 started calculating ia=1078
     Process 14 started calculating ia=1079
                                            [WORKER  6] ia=1068, solar   , zout=65.3, eup=  279.02 +- 0.840320434
                                            [WORKER  2] ia=1062, thermal , zout=65.3, eup=  211.16 +- 0.414986766
     Process 17 started calculating ia=1080
                                            [WORKER  5] ia=1069, solar   , zout=65.3, eup=  277.54 +- 0.853636395
     Process 2 started calculating ia=1081
                                            [WORKER 11] ia=1070, solar   , zout=65.3, eup=  279.85 +- 0.832918795
                                            [WORKER  1] ia=1063, thermal , zout=65.3, eup=  210.67 +- 0.410421467
                                            [WORKER  9] ia=1071, solar   , zout=65.3, eup=  280.06 +- 0.842466473
                                            [WORKER 18] ia=1064, thermal , zout=65.3, eup=  208.79 +- 0.412496448
     Process 1 started calculating ia=1082
     Process 18 started calculating ia=1083
                                            [WORKER 12] ia=1072, solar   , zout=65.3, eup=  279.29 +- 0.843804534
                                            [WORKER  7] ia=1065, thermal , zout=65.3, eup=  211.83 +- 0.414663868
                                            [WORKER 10] ia=1073, solar   , zout=65.3, eup=  278.09 +- 0.850595608
                                            [WORKER 19] ia=1074, solar   , zout=65.3, eup=  277.78 +- 0.856336076
                                            [WORKER  3] ia=1067, thermal , zout=65.3, eup=  212.62 +- 0.405570654
                                            [WORKER 16] ia=1066, thermal , zout=65.3, eup=  210.38 +- 0.411955041
     Process 7 started calculating ia=1084
                                            [WORKER 13] ia=1075, solar   , zout=65.3, eup=  277.22 +- 0.854561521
     Process 3 started calculating ia=1085
     Process 16 started calculating ia=1086
                                            [WORKER 15] ia=1076, solar   , zout=65.3, eup=  276.73 +- 0.857571739
                                            [WORKER  8] ia=1077, solar   , zout=65.3, eup=  276.23 +- 0.856832593
                                            [WORKER  4] ia=1078, solar   , zout=65.3, eup=  275.58 +- 0.860385994
                                            [WORKER  6] ia=1068, thermal , zout=65.3, eup=  213.31 +- 0.405000415
                                            [WORKER 14] ia=1079, solar   , zout=65.3, eup=  273.94 +- 0.866760149
                                            [WORKER  5] ia=1069, thermal , zout=65.3, eup=  213.43 +- 0.400905557
                                            [WORKER 17] ia=1080, solar   , zout=65.3, eup=  275.91 +- 0.850344811
     Process 6 started calculating ia=1087
                                            [WORKER 11] ia=1070, thermal , zout=65.3, eup=  210.83 +- 0.402599624
                                            [WORKER  2] ia=1081, solar   , zout=65.3, eup=  274.03 +- 0.865124629
                                            [WORKER  9] ia=1071, thermal , zout=65.3, eup=  211.22 +- 0.405300314
     Process 5 started calculating ia=1088
     Process 11 started calculating ia=1089
     Process 9 started calculating ia=1090
                                            [WORKER  1] ia=1082, solar   , zout=65.3, eup=  274.77 +- 0.859229023
                                            [WORKER 18] ia=1083, solar   , zout=65.3, eup=  275.48 +- 0.858993446
                                            [WORKER 12] ia=1072, thermal , zout=65.3, eup=  212.57 +- 0.392735938
                                            [WORKER 10] ia=1073, thermal , zout=65.3, eup=  213.64 +- 0.386571914
                                            [WORKER 19] ia=1074, thermal , zout=65.3, eup=  213.28 +- 0.391958878
     Process 12 started calculating ia=1091
     Process 10 started calculating ia=1092
     Process 19 started calculating ia=1093
                                            [WORKER 13] ia=1075, thermal , zout=65.3, eup=  211.40 +- 0.388668865
                                            [WORKER  7] ia=1084, solar   , zout=65.3, eup=  272.73 +- 0.856903858
     Process 13 started calculating ia=1094
                                            [WORKER  3] ia=1085, solar   , zout=65.3, eup=  274.03 +- 0.87297761
                                            [WORKER 16] ia=1086, solar   , zout=65.3, eup=  275.40 +- 0.858740173
                                            [WORKER  4] ia=1078, thermal , zout=65.3, eup=  213.20 +- 0.369336515
                                            [WORKER 15] ia=1076, thermal , zout=65.3, eup=  213.04 +- 0.373511001
                                            [WORKER  8] ia=1077, thermal , zout=65.3, eup=  213.69 +- 0.379977335
                                            [WORKER 14] ia=1079, thermal , zout=65.3, eup=  212.67 +- 0.378248883
     Process 4 started calculating ia=1095
     Process 15 started calculating ia=1096
     Process 8 started calculating ia=1097
                                            [WORKER 17] ia=1080, thermal , zout=65.3, eup=  212.77 +- 0.371164677
     Process 14 started calculating ia=1098
                                            [WORKER  2] ia=1081, thermal , zout=65.3, eup=  212.51 +- 0.362991279
                                            [WORKER  6] ia=1087, solar   , zout=65.3, eup=  275.91 +- 0.862439846
                                            [WORKER  1] ia=1082, thermal , zout=65.3, eup=  212.53 +- 0.362662722
                                            [WORKER 18] ia=1083, thermal , zout=65.3, eup=  212.25 +- 0.369724921
     Process 17 started calculating ia=1099
                                            [WORKER  5] ia=1088, solar   , zout=65.3, eup=  277.49 +- 0.850478506
     Process 2 started calculating ia=1100
                                            [WORKER 11] ia=1089, solar   , zout=65.3, eup=  277.86 +- 0.849496803
                                            [WORKER  9] ia=1090, solar   , zout=65.3, eup=  277.38 +- 0.862208982
     Process 1 started calculating ia=1101
     Process 18 started calculating ia=1102
                                            [WORKER 12] ia=1091, solar   , zout=65.3, eup=  281.29 +- 0.851187737
                                            [WORKER 10] ia=1092, solar   , zout=65.3, eup=  279.33 +- 0.849060056
                                            [WORKER 19] ia=1093, solar   , zout=65.3, eup=  281.70 +- 0.831574901
                                            [WORKER  7] ia=1084, thermal , zout=65.3, eup=  210.72 +- 0.362845108
                                            [WORKER  3] ia=1085, thermal , zout=65.3, eup=  211.67 +- 0.373023487
                                            [WORKER 13] ia=1094, solar   , zout=65.3, eup=  280.44 +- 0.850908291
                                            [WORKER 16] ia=1086, thermal , zout=65.3, eup=  211.71 +- 0.367824813
     Process 7 started calculating ia=1103
     Process 3 started calculating ia=1104
     Process 16 started calculating ia=1105
                                            [WORKER  4] ia=1095, solar   , zout=65.3, eup=  283.86 +- 0.815898208
                                            [WORKER 15] ia=1096, solar   , zout=65.3, eup=  281.69 +- 0.847291578
                                            [WORKER  8] ia=1097, solar   , zout=65.3, eup=  284.20 +- 0.829332263
                                            [WORKER 14] ia=1098, solar   , zout=65.3, eup=  282.06 +- 0.845278274
                                            [WORKER  6] ia=1087, thermal , zout=65.3, eup=  210.89 +- 0.359957265
                                            [WORKER  5] ia=1088, thermal , zout=65.3, eup=  210.97 +- 0.357730878
                                            [WORKER 11] ia=1089, thermal , zout=65.3, eup=  208.95 +- 0.347300326
     Process 6 started calculating ia=1106
                                            [WORKER 17] ia=1099, solar   , zout=65.3, eup=  283.82 +- 0.833916512
                                            [WORKER  9] ia=1090, thermal , zout=65.3, eup=  209.05 +- 0.34803553
                                            [WORKER  2] ia=1100, solar   , zout=65.3, eup=  282.26 +- 0.845019304
     Process 5 started calculating ia=1107
     Process 11 started calculating ia=1108
                                            [WORKER  1] ia=1101, solar   , zout=65.3, eup=  283.55 +- 0.840446752
                                            [WORKER 18] ia=1102, solar   , zout=65.3, eup=  285.91 +- 0.817372312
     Process 9 started calculating ia=1109
                                            [WORKER 12] ia=1091, thermal , zout=65.3, eup=  208.02 +- 0.33336914
                                            [WORKER 10] ia=1092, thermal , zout=65.3, eup=  205.64 +- 0.336104784
                                            [WORKER 19] ia=1093, thermal , zout=65.3, eup=  206.89 +- 0.333907224
                                            [WORKER 13] ia=1094, thermal , zout=65.3, eup=  207.44 +- 0.327375749
     Process 12 started calculating ia=1110
     Process 10 started calculating ia=1111
     Process 19 started calculating ia=1112
                                            [WORKER  3] ia=1104, solar   , zout=65.3, eup=  283.94 +- 0.829766069
                                            [WORKER  7] ia=1103, solar   , zout=65.3, eup=  283.98 +- 0.838047431
     Process 13 started calculating ia=1113
                                            [WORKER  4] ia=1095, thermal , zout=65.3, eup=  207.57 +- 0.327304154
                                            [WORKER 16] ia=1105, solar   , zout=65.3, eup=  286.13 +- 0.819037182
                                            [WORKER 15] ia=1096, thermal , zout=65.3, eup=  207.35 +- 0.327959689
                                            [WORKER  8] ia=1097, thermal , zout=65.3, eup=  207.78 +- 0.329100861
                                            [WORKER 14] ia=1098, thermal , zout=65.3, eup=  208.36 +- 0.332897593
     Process 4 started calculating ia=1114
     Process 15 started calculating ia=1115
     Process 8 started calculating ia=1116
     Process 14 started calculating ia=1117
                                            [WORKER  6] ia=1106, solar   , zout=65.3, eup=  282.55 +- 0.856519811
                                            [WORKER 17] ia=1099, thermal , zout=65.3, eup=  208.45 +- 0.328658828
     Process 17 started calculating ia=1118
                                            [WORKER  2] ia=1100, thermal , zout=65.3, eup=  208.67 +- 0.319460363
                                            [WORKER  5] ia=1107, solar   , zout=65.3, eup=  283.21 +- 0.850358549
                                            [WORKER 11] ia=1108, solar   , zout=65.3, eup=  283.46 +- 0.843703622
     Process 2 started calculating ia=1119
                                            [WORKER  1] ia=1101, thermal , zout=65.3, eup=  208.32 +- 0.342101109
                                            [WORKER 18] ia=1102, thermal , zout=65.3, eup=  209.13 +- 0.334858537
                                            [WORKER  9] ia=1109, solar   , zout=65.3, eup=  281.77 +- 0.850284738
     Process 1 started calculating ia=1120
     Process 18 started calculating ia=1121
                                            [WORKER  3] ia=1104, thermal , zout=65.3, eup=  209.08 +- 0.338766759
                                            [WORKER 12] ia=1110, solar   , zout=65.3, eup=  283.98 +- 0.848016653
                                            [WORKER 10] ia=1111, solar   , zout=65.3, eup=  284.32 +- 0.849333514
                                            [WORKER 19] ia=1112, solar   , zout=65.3, eup=  284.35 +- 0.852798894
     Process 3 started calculating ia=1122
                                            [WORKER  7] ia=1103, thermal , zout=65.3, eup=  209.19 +- 0.32832967
                                            [WORKER 16] ia=1105, thermal , zout=65.3, eup=  209.43 +- 0.331292396
                                            [WORKER 13] ia=1113, solar   , zout=65.3, eup=  282.96 +- 0.854972347
     Process 7 started calculating ia=1123
                                            [WORKER  6] ia=1106, thermal , zout=65.3, eup=  209.50 +- 0.335177949
     Process 16 started calculating ia=1124
                                            [WORKER  4] ia=1114, solar   , zout=65.3, eup=  281.58 +- 0.863641552
                                            [WORKER 15] ia=1115, solar   , zout=65.3, eup=  284.31 +- 0.842637777
                                            [WORKER  8] ia=1116, solar   , zout=65.3, eup=  280.52 +- 0.878694534
                                            [WORKER 14] ia=1117, solar   , zout=65.3, eup=  282.88 +- 0.856435882
                                            [WORKER 17] ia=1118, solar   , zout=65.3, eup=  281.72 +- 0.865749163
     Process 6 started calculating ia=1125
                                            [WORKER  5] ia=1107, thermal , zout=65.3, eup=  209.81 +- 0.326209711
                                            [WORKER 11] ia=1108, thermal , zout=65.3, eup=  209.22 +- 0.341534694
                                            [WORKER  2] ia=1119, solar   , zout=65.3, eup=  281.39 +- 0.869197338
                                            [WORKER  9] ia=1109, thermal , zout=65.3, eup=  206.56 +- 0.343923536
     Process 5 started calculating ia=1126
     Process 11 started calculating ia=1127
                                            [WORKER 18] ia=1121, solar   , zout=65.3, eup=  280.94 +- 0.856236362
                                            [WORKER  1] ia=1120, solar   , zout=65.3, eup=  280.05 +- 0.882912352
     Process 9 started calculating ia=1128
                                            [WORKER 12] ia=1110, thermal , zout=65.3, eup=  209.75 +- 0.335064252
                                            [WORKER 10] ia=1111, thermal , zout=65.3, eup=  210.29 +- 0.343707147
                                            [WORKER 19] ia=1112, thermal , zout=65.3, eup=  210.43 +- 0.328859393
     Process 12 started calculating ia=1129
     Process 10 started calculating ia=1130
                                            [WORKER  3] ia=1122, solar   , zout=65.3, eup=  279.50 +- 0.876739238
     Process 19 started calculating ia=1131
                                            [WORKER 13] ia=1113, thermal , zout=65.3, eup=  210.37 +- 0.329608515
     Process 13 started calculating ia=1132
                                            [WORKER  7] ia=1123, solar   , zout=65.3, eup=  280.47 +- 0.877831136
                                            [WORKER 16] ia=1124, solar   , zout=65.3, eup=  279.70 +- 0.875840839
                                            [WORKER  4] ia=1114, thermal , zout=65.3, eup=  210.27 +- 0.348478577
                                            [WORKER 15] ia=1115, thermal , zout=65.3, eup=  210.49 +- 0.333102104
                                            [WORKER  8] ia=1116, thermal , zout=65.3, eup=  210.83 +- 0.3213305
                                            [WORKER 14] ia=1117, thermal , zout=65.3, eup=  210.68 +- 0.327411944
     Process 4 started calculating ia=1133
                                            [WORKER 17] ia=1118, thermal , zout=65.3, eup=  210.12 +- 0.3377669
                                            [WORKER  6] ia=1125, solar   , zout=65.3, eup=  281.40 +- 0.860163691
     Process 15 started calculating ia=1134
     Process 8 started calculating ia=1135
                                            [WORKER  2] ia=1119, thermal , zout=65.3, eup=  209.67 +- 0.332693192
     Process 14 started calculating ia=1136
                                            [WORKER 18] ia=1121, thermal , zout=65.3, eup=  208.90 +- 0.329752248
                                            [WORKER  1] ia=1120, thermal , zout=65.3, eup=  210.55 +- 0.331531833
     Process 17 started calculating ia=1137
                                            [WORKER  5] ia=1126, solar   , zout=65.3, eup=  280.06 +- 0.881883385
                                            [WORKER 11] ia=1127, solar   , zout=65.3, eup=  278.32 +- 0.885492292
                                            [WORKER  9] ia=1128, solar   , zout=65.3, eup=  278.77 +- 0.88481039
     Process 2 started calculating ia=1138
     Process 1 started calculating ia=1139
     Process 18 started calculating ia=1140
                                            [WORKER 12] ia=1129, solar   , zout=65.3, eup=  279.60 +- 0.885095935
                                            [WORKER  3] ia=1122, thermal , zout=65.3, eup=  208.89 +- 0.327372335
                                            [WORKER 10] ia=1130, solar   , zout=65.3, eup=  278.24 +- 0.881433473
                                            [WORKER 19] ia=1131, solar   , zout=65.3, eup=  279.87 +- 0.879072419
                                            [WORKER  7] ia=1123, thermal , zout=65.3, eup=  208.84 +- 0.32292419
     Process 3 started calculating ia=1141
                                            [WORKER 13] ia=1132, solar   , zout=65.3, eup=  279.65 +- 0.874840483
     Process 7 started calculating ia=1142
                                            [WORKER 16] ia=1124, thermal , zout=65.3, eup=  208.53 +- 0.321586599
     Process 16 started calculating ia=1143
                                            [WORKER  4] ia=1133, solar   , zout=65.3, eup=  279.13 +- 0.892559627
                                            [WORKER  6] ia=1125, thermal , zout=65.3, eup=  208.22 +- 0.322295159
     Process 6 started calculating ia=1144
                                            [WORKER  8] ia=1135, solar   , zout=65.3, eup=  283.20 +- 0.867476441
                                            [WORKER 15] ia=1134, solar   , zout=65.3, eup=  280.48 +- 0.884184893
                                            [WORKER 14] ia=1136, solar   , zout=65.3, eup=  281.60 +- 0.883262891
                                            [WORKER 17] ia=1137, solar   , zout=65.3, eup=  285.04 +- 0.854356644
                                            [WORKER  5] ia=1126, thermal , zout=65.3, eup=  208.14 +- 0.320796276
                                            [WORKER 11] ia=1127, thermal , zout=65.3, eup=  208.05 +- 0.319079643
                                            [WORKER  9] ia=1128, thermal , zout=65.3, eup=  207.47 +- 0.312989852
                                            [WORKER  1] ia=1139, solar   , zout=65.3, eup=  282.91 +- 0.889278029
                                            [WORKER  2] ia=1138, solar   , zout=65.3, eup=  283.45 +- 0.880135994
                                            [WORKER 18] ia=1140, solar   , zout=65.3, eup=  285.13 +- 0.877153573
     Process 5 started calculating ia=1145
     Process 11 started calculating ia=1146
                                            [WORKER 12] ia=1129, thermal , zout=65.3, eup=  206.87 +- 0.316641661
                                            [WORKER 10] ia=1130, thermal , zout=65.3, eup=  205.48 +- 0.310109292
     Process 9 started calculating ia=1147
                                            [WORKER 19] ia=1131, thermal , zout=65.3, eup=  206.79 +- 0.312807135
                                            [WORKER 13] ia=1132, thermal , zout=65.3, eup=  205.29 +- 0.312127404
                                            [WORKER  3] ia=1141, solar   , zout=65.3, eup=  284.05 +- 0.875977991
     Process 12 started calculating ia=1148
     Process 10 started calculating ia=1149
     Process 19 started calculating ia=1150
                                            [WORKER  4] ia=1133, thermal , zout=65.3, eup=  205.13 +- 0.316641108
                                            [WORKER  7] ia=1142, solar   , zout=65.3, eup=  285.25 +- 0.870220242
                                            [WORKER 16] ia=1143, solar   , zout=65.3, eup=  287.61 +- 0.86380324
     Process 13 started calculating ia=1151
     Process 4 started calculating ia=1152
                                            [WORKER  6] ia=1144, solar   , zout=65.3, eup=  287.53 +- 0.879927182
                                            [WORKER 15] ia=1134, thermal , zout=65.3, eup=  204.14 +- 0.309210957
                                            [WORKER 14] ia=1136, thermal , zout=65.3, eup=  202.91 +- 0.296883947
                                            [WORKER  8] ia=1135, thermal , zout=65.3, eup=  203.77 +- 0.303558557
                                            [WORKER 17] ia=1137, thermal , zout=65.3, eup=  202.62 +- 0.297586317
     Process 14 started calculating ia=1153
     Process 15 started calculating ia=1154
     Process 8 started calculating ia=1155
     Process 17 started calculating ia=1156
                                            [WORKER  5] ia=1145, solar   , zout=65.3, eup=  289.26 +- 0.869493871
                                            [WORKER 11] ia=1146, solar   , zout=65.3, eup=  289.44 +- 0.873085038
                                            [WORKER  1] ia=1139, thermal , zout=65.3, eup=  200.57 +- 0.300472051
                                            [WORKER  2] ia=1138, thermal , zout=65.3, eup=  201.17 +- 0.305099539
                                            [WORKER 18] ia=1140, thermal , zout=65.3, eup=  200.50 +- 0.285412751
                                            [WORKER  9] ia=1147, solar   , zout=65.3, eup=  292.93 +- 0.862741016
     Process 1 started calculating ia=1157
     Process 2 started calculating ia=1158
     Process 18 started calculating ia=1159
                                            [WORKER  3] ia=1141, thermal , zout=65.3, eup=  199.58 +- 0.291046589
                                            [WORKER 12] ia=1148, solar   , zout=65.3, eup=  292.75 +- 0.868430132
                                            [WORKER  7] ia=1142, thermal , zout=65.3, eup=  198.92 +- 0.3006682
                                            [WORKER 10] ia=1149, solar   , zout=65.3, eup=  294.85 +- 0.86092317
                                            [WORKER 16] ia=1143, thermal , zout=65.3, eup=  199.16 +- 0.292894519
     Process 3 started calculating ia=1160
                                            [WORKER 19] ia=1150, solar   , zout=65.3, eup=  297.71 +- 0.848294488
                                            [WORKER 13] ia=1151, solar   , zout=65.3, eup=  300.31 +- 0.825777902
     Process 7 started calculating ia=1161
                                            [WORKER  6] ia=1144, thermal , zout=65.3, eup=  198.05 +- 0.283013511
     Process 16 started calculating ia=1162
                                            [WORKER  4] ia=1152, solar   , zout=65.3, eup=  303.33 +- 0.818252629
     Process 6 started calculating ia=1163
                                            [WORKER 15] ia=1154, solar   , zout=65.3, eup=  306.73 +- 0.806006231
                                            [WORKER 14] ia=1153, solar   , zout=65.3, eup=  304.83 +- 0.811025014
                                            [WORKER  8] ia=1155, solar   , zout=65.3, eup=  308.78 +- 0.801780078
                                            [WORKER  5] ia=1145, thermal , zout=65.3, eup=  197.27 +- 0.27379982
                                            [WORKER 17] ia=1156, solar   , zout=65.3, eup=  309.49 +- 0.806409641
                                            [WORKER 11] ia=1146, thermal , zout=65.3, eup=  196.28 +- 0.275686768
     Process 5 started calculating ia=1164
     Process 11 started calculating ia=1165
                                            [WORKER  9] ia=1147, thermal , zout=65.3, eup=  195.09 +- 0.278817412
     Process 9 started calculating ia=1166
                                            [WORKER  1] ia=1157, solar   , zout=65.3, eup=  313.54 +- 0.783689125
                                            [WORKER  2] ia=1158, solar   , zout=65.3, eup=  316.71 +- 0.77292354
                                            [WORKER 18] ia=1159, solar   , zout=65.3, eup=  318.16 +- 0.767760083
                                            [WORKER 12] ia=1148, thermal , zout=65.3, eup=  194.39 +- 0.268706289
                                            [WORKER 10] ia=1149, thermal , zout=65.3, eup=  193.97 +- 0.269306352
     Process 12 started calculating ia=1167
     Process 10 started calculating ia=1168
                                            [WORKER 19] ia=1150, thermal , zout=65.3, eup=  193.21 +- 0.254756604
                                            [WORKER 13] ia=1151, thermal , zout=65.3, eup=  191.83 +- 0.251745582
                                            [WORKER  4] ia=1152, thermal , zout=65.3, eup=  191.68 +- 0.24538253
                                            [WORKER  3] ia=1160, solar   , zout=65.3, eup=  318.69 +- 0.769882587
                                            [WORKER  7] ia=1161, solar   , zout=65.3, eup=  320.08 +- 0.758721112
                                            [WORKER 16] ia=1162, solar   , zout=65.3, eup=  320.35 +- 0.757771206
     Process 19 started calculating ia=1169
     Process 13 started calculating ia=1170
     Process 4 started calculating ia=1171
                                            [WORKER 15] ia=1154, thermal , zout=65.3, eup=  190.77 +- 0.241677501
                                            [WORKER 14] ia=1153, thermal , zout=65.3, eup=  190.92 +- 0.246478167
                                            [WORKER  6] ia=1163, solar   , zout=65.3, eup=  322.32 +- 0.738278586
                                            [WORKER  8] ia=1155, thermal , zout=65.3, eup=  190.23 +- 0.236236862
                                            [WORKER 17] ia=1156, thermal , zout=65.3, eup=  188.94 +- 0.231951325
     Process 15 started calculating ia=1172
     Process 14 started calculating ia=1173
     Process 8 started calculating ia=1174
     Process 17 started calculating ia=1175
                                            [WORKER  5] ia=1164, solar   , zout=65.3, eup=  324.93 +- 0.702445359
                                            [WORKER  1] ia=1157, thermal , zout=65.3, eup=  188.43 +- 0.229404319
                                            [WORKER 11] ia=1165, solar   , zout=65.3, eup=  325.48 +- 0.717915258
                                            [WORKER  2] ia=1158, thermal , zout=65.3, eup=  188.20 +- 0.223379141
                                            [WORKER 18] ia=1159, thermal , zout=65.3, eup=  187.16 +- 0.225157542
                                            [WORKER  9] ia=1166, solar   , zout=65.3, eup=  327.60 +- 0.694941111
     Process 1 started calculating ia=1176
     Process 2 started calculating ia=1177
     Process 18 started calculating ia=1178
                                            [WORKER 12] ia=1167, solar   , zout=65.3, eup=  327.50 +- 0.715112396
                                            [WORKER  3] ia=1160, thermal , zout=65.3, eup=  187.40 +- 0.217399464
                                            [WORKER 10] ia=1168, solar   , zout=65.3, eup=  329.67 +- 0.692690546
     Process 3 started calculating ia=1179
                                            [WORKER 16] ia=1162, thermal , zout=65.3, eup=  187.58 +- 0.216238144
                                            [WORKER  7] ia=1161, thermal , zout=65.3, eup=  187.13 +- 0.207336758
                                            [WORKER 19] ia=1169, solar   , zout=65.3, eup=  329.90 +- 0.694714192
                                            [WORKER 13] ia=1170, solar   , zout=65.3, eup=  330.71 +- 0.694558817
     Process 16 started calculating ia=1180
     Process 7 started calculating ia=1181
                                            [WORKER  4] ia=1171, solar   , zout=65.3, eup=  331.09 +- 0.683476073
                                            [WORKER  6] ia=1163, thermal , zout=65.3, eup=  187.46 +- 0.215901959
     Process 6 started calculating ia=1182
                                            [WORKER 15] ia=1172, solar   , zout=65.3, eup=  331.98 +- 0.674424855
                                            [WORKER 14] ia=1173, solar   , zout=65.3, eup=  332.53 +- 0.685587325
                                            [WORKER  5] ia=1164, thermal , zout=65.3, eup=  187.50 +- 0.207695086
                                            [WORKER  8] ia=1174, solar   , zout=65.3, eup=  331.91 +- 0.680399664
                                            [WORKER 11] ia=1165, thermal , zout=65.3, eup=  187.22 +- 0.212928077
     Process 5 started calculating ia=1183
                                            [WORKER 17] ia=1175, solar   , zout=65.3, eup=  333.97 +- 0.66910158
                                            [WORKER  9] ia=1166, thermal , zout=65.3, eup=  187.47 +- 0.205239795
     Process 11 started calculating ia=1184
     Process 9 started calculating ia=1185
                                            [WORKER  1] ia=1176, solar   , zout=65.3, eup=  333.78 +- 0.667591479
                                            [WORKER 12] ia=1167, thermal , zout=65.3, eup=  186.97 +- 0.204476063
                                            [WORKER  2] ia=1177, solar   , zout=65.3, eup=  333.81 +- 0.673427429
                                            [WORKER 18] ia=1178, solar   , zout=65.3, eup=  335.72 +- 0.648758774
                                            [WORKER 10] ia=1168, thermal , zout=65.3, eup=  186.84 +- 0.199045368
     Process 12 started calculating ia=1186
     Process 10 started calculating ia=1187
                                            [WORKER  3] ia=1179, solar   , zout=65.3, eup=  335.59 +- 0.660281514
                                            [WORKER 19] ia=1169, thermal , zout=65.3, eup=  186.78 +- 0.189477418
                                            [WORKER 13] ia=1170, thermal , zout=65.3, eup=  186.42 +- 0.205476084
                                            [WORKER  4] ia=1171, thermal , zout=65.3, eup=  186.10 +- 0.204414001
     Process 19 started calculating ia=1188
     Process 13 started calculating ia=1189
     Process 4 started calculating ia=1190
                                            [WORKER 16] ia=1180, solar   , zout=65.3, eup=  336.56 +- 0.639071745
                                            [WORKER  7] ia=1181, solar   , zout=65.3, eup=  335.81 +- 0.676460322
                                            [WORKER 15] ia=1172, thermal , zout=65.3, eup=  186.29 +- 0.192208293
                                            [WORKER 14] ia=1173, thermal , zout=65.3, eup=  185.92 +- 0.193337931
                                            [WORKER  6] ia=1182, solar   , zout=65.3, eup=  335.26 +- 0.668564915
                                            [WORKER  8] ia=1174, thermal , zout=65.3, eup=  185.65 +- 0.200763287
     Process 15 started calculating ia=1191
                                            [WORKER 17] ia=1175, thermal , zout=65.3, eup=  185.30 +- 0.185562796
     Process 14 started calculating ia=1192
     Process 8 started calculating ia=1193
     Process 17 started calculating ia=1194
                                            [WORKER  5] ia=1183, solar   , zout=65.3, eup=  336.80 +- 0.647389979
                                            [WORKER 11] ia=1184, solar   , zout=65.3, eup=  335.95 +- 0.66325255
                                            [WORKER  1] ia=1176, thermal , zout=65.3, eup=  185.20 +- 0.189948457
                                            [WORKER  9] ia=1185, solar   , zout=65.3, eup=  336.15 +- 0.668642719
                                            [WORKER  2] ia=1177, thermal , zout=65.3, eup=  184.54 +- 0.181478695
                                            [WORKER 18] ia=1178, thermal , zout=65.3, eup=  184.40 +- 0.182319204
                                            [WORKER  3] ia=1179, thermal , zout=65.3, eup=  183.95 +- 0.182043275
     Process 1 started calculating ia=1195
     Process 2 started calculating ia=1196
     Process 18 started calculating ia=1197
                                            [WORKER 12] ia=1186, solar   , zout=65.3, eup=  337.22 +- 0.652930515
                                            [WORKER 10] ia=1187, solar   , zout=65.3, eup=  338.15 +- 0.644339169
     Process 3 started calculating ia=1198
                                            [WORKER 19] ia=1188, solar   , zout=65.3, eup=  338.34 +- 0.654435488
                                            [WORKER 13] ia=1189, solar   , zout=65.3, eup=  338.79 +- 0.654022114
                                            [WORKER 16] ia=1180, thermal , zout=65.3, eup=  183.79 +- 0.182652812
                                            [WORKER  4] ia=1190, solar   , zout=65.3, eup=  339.07 +- 0.655006388
                                            [WORKER  7] ia=1181, thermal , zout=65.3, eup=  183.58 +- 0.1831091
     Process 16 started calculating ia=1199
                                            [WORKER  6] ia=1182, thermal , zout=65.3, eup=  183.80 +- 0.17993163
     Process 7 started calculating ia=1200
                                            [WORKER 15] ia=1191, solar   , zout=65.3, eup=  338.47 +- 0.670773424
     Process 6 started calculating ia=1201
                                            [WORKER 14] ia=1192, solar   , zout=65.3, eup=  339.86 +- 0.642400607
                                            [WORKER  8] ia=1193, solar   , zout=65.3, eup=  339.90 +- 0.640278769
                                            [WORKER  5] ia=1183, thermal , zout=65.3, eup=  183.71 +- 0.175902039
                                            [WORKER 11] ia=1184, thermal , zout=65.3, eup=  183.74 +- 0.186839769
                                            [WORKER 17] ia=1194, solar   , zout=65.3, eup=  340.20 +- 0.650719889
                                            [WORKER  9] ia=1185, thermal , zout=65.3, eup=  183.77 +- 0.174622819
     Process 5 started calculating ia=1202
     Process 11 started calculating ia=1203
     Process 9 started calculating ia=1204
                                            [WORKER 12] ia=1186, thermal , zout=65.3, eup=  183.56 +- 0.173380296
                                            [WORKER  1] ia=1195, solar   , zout=65.3, eup=  341.46 +- 0.645489022
                                            [WORKER 10] ia=1187, thermal , zout=65.3, eup=  183.13 +- 0.178509281
                                            [WORKER  2] ia=1196, solar   , zout=65.3, eup=  341.11 +- 0.652585014
                                            [WORKER 18] ia=1197, solar   , zout=65.3, eup=  341.48 +- 0.647129256
     Process 12 started calculating ia=1205
     Process 10 started calculating ia=1206
                                            [WORKER  3] ia=1198, solar   , zout=65.3, eup=  341.31 +- 0.643277747
                                            [WORKER 19] ia=1188, thermal , zout=65.3, eup=  183.03 +- 0.177529521
                                            [WORKER 13] ia=1189, thermal , zout=65.3, eup=  182.73 +- 0.171551655
                                            [WORKER  4] ia=1190, thermal , zout=65.3, eup=  182.73 +- 0.168765126
                                            [WORKER 15] ia=1191, thermal , zout=65.3, eup=  182.03 +- 0.17594925
     Process 19 started calculating ia=1207
     Process 13 started calculating ia=1208
     Process 4 started calculating ia=1209
     Process 15 started calculating ia=1210
                                            [WORKER 14] ia=1192, thermal , zout=65.3, eup=  182.39 +- 0.168662667
                                            [WORKER 16] ia=1199, solar   , zout=65.3, eup=  342.38 +- 0.626984569
                                            [WORKER  8] ia=1193, thermal , zout=65.3, eup=  182.30 +- 0.171402596
                                            [WORKER  7] ia=1200, solar   , zout=65.3, eup=  342.83 +- 0.619301158
                                            [WORKER  6] ia=1201, solar   , zout=65.3, eup=  342.88 +- 0.617515091
     Process 14 started calculating ia=1211
     Process 8 started calculating ia=1212
                                            [WORKER 17] ia=1194, thermal , zout=65.3, eup=  182.41 +- 0.173890162
     Process 17 started calculating ia=1213
                                            [WORKER  5] ia=1202, solar   , zout=65.3, eup=  343.52 +- 0.62846928
                                            [WORKER 11] ia=1203, solar   , zout=65.3, eup=  343.76 +- 0.624413859
                                            [WORKER  9] ia=1204, solar   , zout=65.3, eup=  342.55 +- 0.620625661
                                            [WORKER  1] ia=1195, thermal , zout=65.3, eup=  182.43 +- 0.179089869
                                            [WORKER  2] ia=1196, thermal , zout=65.3, eup=  182.59 +- 0.167156718
     Process 1 started calculating ia=1214
                                            [WORKER 18] ia=1197, thermal , zout=65.3, eup=  182.66 +- 0.164416119
     Process 2 started calculating ia=1215
     Process 18 started calculating ia=1216
                                            [WORKER  3] ia=1198, thermal , zout=65.3, eup=  182.70 +- 0.166459416
                                            [WORKER 12] ia=1205, solar   , zout=65.3, eup=  344.84 +- 0.604087016
     Process 3 started calculating ia=1217
                                            [WORKER 10] ia=1206, solar   , zout=65.3, eup=  344.23 +- 0.614479013
                                            [WORKER 19] ia=1207, solar   , zout=65.3, eup=  344.02 +- 0.63093753
                                            [WORKER 13] ia=1208, solar   , zout=65.3, eup=  344.21 +- 0.628291357
                                            [WORKER  4] ia=1209, solar   , zout=65.3, eup=  345.78 +- 0.606296171
                                            [WORKER 16] ia=1199, thermal , zout=65.3, eup=  182.38 +- 0.169510392
                                            [WORKER  7] ia=1200, thermal , zout=65.3, eup=  182.35 +- 0.165722482
                                            [WORKER  6] ia=1201, thermal , zout=65.3, eup=  182.23 +- 0.169220227
     Process 16 started calculating ia=1218
                                            [WORKER 15] ia=1210, solar   , zout=65.3, eup=  345.24 +- 0.614793335
                                            [WORKER  5] ia=1202, thermal , zout=65.3, eup=  182.40 +- 0.170208798
                                            [WORKER 11] ia=1203, thermal , zout=65.3, eup=  182.09 +- 0.16283725
     Process 7 started calculating ia=1219
     Process 6 started calculating ia=1220
                                            [WORKER 14] ia=1211, solar   , zout=65.3, eup=  344.79 +- 0.631575777
                                            [WORKER  8] ia=1212, solar   , zout=65.3, eup=  346.24 +- 0.592077082
                                            [WORKER  9] ia=1204, thermal , zout=65.3, eup=  182.30 +- 0.162600045
     Process 5 started calculating ia=1221
     Process 11 started calculating ia=1222
                                            [WORKER 17] ia=1213, solar   , zout=65.3, eup=  345.33 +- 0.621977292
     Process 9 started calculating ia=1223
                                            [WORKER 12] ia=1205, thermal , zout=65.3, eup=  181.97 +- 0.169996569
                                            [WORKER 10] ia=1206, thermal , zout=65.3, eup=  181.84 +- 0.162523138
                                            [WORKER  1] ia=1214, solar   , zout=65.3, eup=  345.93 +- 0.62561134
                                            [WORKER  2] ia=1215, solar   , zout=65.3, eup=  345.91 +- 0.622127057
                                            [WORKER 18] ia=1216, solar   , zout=65.3, eup=  345.75 +- 0.610301878
     Process 12 started calculating ia=1224
     Process 10 started calculating ia=1225
                                            [WORKER  3] ia=1217, solar   , zout=65.3, eup=  346.37 +- 0.602353678
                                            [WORKER 19] ia=1207, thermal , zout=65.3, eup=  181.70 +- 0.168621541
                                            [WORKER 13] ia=1208, thermal , zout=65.3, eup=  181.29 +- 0.164736131
                                            [WORKER  4] ia=1209, thermal , zout=65.3, eup=  181.24 +- 0.159031987
     Process 19 started calculating ia=1226
     Process 13 started calculating ia=1227
     Process 4 started calculating ia=1228
                                            [WORKER 15] ia=1210, thermal , zout=65.3, eup=  181.16 +- 0.16234759
     Process 15 started calculating ia=1229
                                            [WORKER 16] ia=1218, solar   , zout=65.3, eup=  345.01 +- 0.63107086
                                            [WORKER 14] ia=1211, thermal , zout=65.3, eup=  181.06 +- 0.170069066
                                            [WORKER  8] ia=1212, thermal , zout=65.3, eup=  181.43 +- 0.160422737
     Process 14 started calculating ia=1230
     Process 8 started calculating ia=1231
                                            [WORKER 17] ia=1213, thermal , zout=65.3, eup=  181.00 +- 0.158536671
                                            [WORKER  7] ia=1219, solar   , zout=65.3, eup=  345.33 +- 0.625409135
                                            [WORKER  6] ia=1220, solar   , zout=65.3, eup=  346.14 +- 0.623884851
                                            [WORKER  5] ia=1221, solar   , zout=65.3, eup=  345.00 +- 0.625703606
                                            [WORKER 11] ia=1222, solar   , zout=65.3, eup=  344.67 +- 0.64607733
     Process 17 started calculating ia=1232
                                            [WORKER  1] ia=1214, thermal , zout=65.3, eup=  181.06 +- 0.160072718
                                            [WORKER  9] ia=1223, solar   , zout=65.3, eup=  342.72 +- 0.661325018
                                            [WORKER 18] ia=1216, thermal , zout=65.3, eup=  180.96 +- 0.164658706
                                            [WORKER  2] ia=1215, thermal , zout=65.3, eup=  180.69 +- 0.161581011
                                            [WORKER  3] ia=1217, thermal , zout=65.3, eup=  180.96 +- 0.165318456
     Process 1 started calculating ia=1233
                                            [WORKER 12] ia=1224, solar   , zout=65.3, eup=  343.73 +- 0.642693182
                                            [WORKER 10] ia=1225, solar   , zout=65.3, eup=  340.89 +- 0.684165519
     Process 2 started calculating ia=1234
     Process 18 started calculating ia=1235
     Process 3 started calculating ia=1236
                                            [WORKER 16] ia=1218, thermal , zout=65.3, eup=  180.85 +- 0.167195063
                                            [WORKER 19] ia=1226, solar   , zout=65.3, eup=  340.16 +- 0.688208518
                                            [WORKER 13] ia=1227, solar   , zout=65.3, eup=  340.26 +- 0.693104098
                                            [WORKER  4] ia=1228, solar   , zout=65.3, eup=  339.31 +- 0.689307827
     Process 16 started calculating ia=1237
                                            [WORKER 15] ia=1229, solar   , zout=65.3, eup=  336.70 +- 0.722102474
                                            [WORKER  6] ia=1220, thermal , zout=65.3, eup=  180.90 +- 0.162158086
                                            [WORKER  7] ia=1219, thermal , zout=65.3, eup=  181.32 +- 0.158269574
                                            [WORKER 14] ia=1230, solar   , zout=65.3, eup=  335.19 +- 0.741759126
     Process 6 started calculating ia=1238
                                            [WORKER  8] ia=1231, solar   , zout=65.3, eup=  333.60 +- 0.750947314
     Process 7 started calculating ia=1239
                                            [WORKER  5] ia=1221, thermal , zout=65.3, eup=  180.73 +- 0.162226359
                                            [WORKER 11] ia=1222, thermal , zout=65.3, eup=  180.63 +- 0.170882268
                                            [WORKER 17] ia=1232, solar   , zout=65.3, eup=  335.26 +- 0.726379577
                                            [WORKER  9] ia=1223, thermal , zout=65.3, eup=  180.81 +- 0.165275348
     Process 5 started calculating ia=1240
     Process 11 started calculating ia=1241
     Process 9 started calculating ia=1242
                                            [WORKER 12] ia=1224, thermal , zout=65.3, eup=  180.68 +- 0.167791356
                                            [WORKER 10] ia=1225, thermal , zout=65.3, eup=  180.94 +- 0.168214768
                                            [WORKER  1] ia=1233, solar   , zout=65.3, eup=  333.43 +- 0.741491212
     Process 12 started calculating ia=1243
     Process 10 started calculating ia=1244
                                            [WORKER 18] ia=1235, solar   , zout=65.3, eup=  333.07 +- 0.744365068
                                            [WORKER  2] ia=1234, solar   , zout=65.3, eup=  333.90 +- 0.737808076
                                            [WORKER  3] ia=1236, solar   , zout=65.3, eup=  333.49 +- 0.758342047
                                            [WORKER  4] ia=1228, thermal , zout=65.3, eup=  180.94 +- 0.172026232
                                            [WORKER 19] ia=1226, thermal , zout=65.3, eup=  181.18 +- 0.169174458
                                            [WORKER 13] ia=1227, thermal , zout=65.3, eup=  180.73 +- 0.175553041
                                            [WORKER 15] ia=1229, thermal , zout=65.3, eup=  180.79 +- 0.174299154
                                            [WORKER 16] ia=1237, solar   , zout=65.3, eup=  332.11 +- 0.740908555
     Process 4 started calculating ia=1245
     Process 19 started calculating ia=1246
     Process 13 started calculating ia=1247
     Process 15 started calculating ia=1248
                                            [WORKER 14] ia=1230, thermal , zout=65.3, eup=  181.14 +- 0.173492499
                                            [WORKER  8] ia=1231, thermal , zout=65.3, eup=  181.15 +- 0.169013627
                                            [WORKER  6] ia=1238, solar   , zout=65.3, eup=  330.81 +- 0.772574319
                                            [WORKER  7] ia=1239, solar   , zout=65.3, eup=  330.88 +- 0.757505886
     Process 14 started calculating ia=1249
                                            [WORKER 17] ia=1232, thermal , zout=65.3, eup=  180.64 +- 0.174334159
     Process 8 started calculating ia=1250
                                            [WORKER  5] ia=1240, solar   , zout=65.3, eup=  331.15 +- 0.757984024
     Process 17 started calculating ia=1251
                                            [WORKER 11] ia=1241, solar   , zout=65.3, eup=  329.93 +- 0.779820584
                                            [WORKER  9] ia=1242, solar   , zout=65.3, eup=  331.32 +- 0.750397895
                                            [WORKER  1] ia=1233, thermal , zout=65.3, eup=  181.05 +- 0.171950448
     Process 1 started calculating ia=1252
                                            [WORKER 12] ia=1243, solar   , zout=65.3, eup=  330.39 +- 0.76979409
                                            [WORKER 10] ia=1244, solar   , zout=65.3, eup=  328.58 +- 0.784107362
                                            [WORKER 18] ia=1235, thermal , zout=65.3, eup=  180.54 +- 0.174338769
                                            [WORKER  2] ia=1234, thermal , zout=65.3, eup=  180.57 +- 0.165347933
                                            [WORKER  3] ia=1236, thermal , zout=65.3, eup=  180.80 +- 0.16760939
     Process 18 started calculating ia=1253
     Process 2 started calculating ia=1254
     Process 3 started calculating ia=1255
                                            [WORKER 16] ia=1237, thermal , zout=65.3, eup=  180.44 +- 0.170606478
     Process 16 started calculating ia=1256
                                            [WORKER 19] ia=1246, solar   , zout=65.3, eup=  327.67 +- 0.790618646
                                            [WORKER 13] ia=1247, solar   , zout=65.3, eup=  327.21 +- 0.797799453
                                            [WORKER  4] ia=1245, solar   , zout=65.3, eup=  329.26 +- 0.774414139
                                            [WORKER 15] ia=1248, solar   , zout=65.3, eup=  326.27 +- 0.795960481
                                            [WORKER  6] ia=1238, thermal , zout=65.3, eup=  180.25 +- 0.179934249
                                            [WORKER  7] ia=1239, thermal , zout=65.3, eup=  180.29 +- 0.176398919
                                            [WORKER 11] ia=1241, thermal , zout=65.3, eup=  180.53 +- 0.174693488
                                            [WORKER  5] ia=1240, thermal , zout=65.3, eup=  180.74 +- 0.16929869
     Process 6 started calculating ia=1257
                                            [WORKER 14] ia=1249, solar   , zout=65.3, eup=  326.76 +- 0.778980239
                                            [WORKER  8] ia=1250, solar   , zout=65.3, eup=  324.77 +- 0.804434801
     Process 7 started calculating ia=1258
                                            [WORKER  9] ia=1242, thermal , zout=65.3, eup=  180.82 +- 0.184123371
                                            [WORKER 17] ia=1251, solar   , zout=65.3, eup=  325.91 +- 0.80325193
     Process 11 started calculating ia=1259
     Process 5 started calculating ia=1260
                                            [WORKER 12] ia=1243, thermal , zout=65.3, eup=  181.25 +- 0.183492389
     Process 9 started calculating ia=1261
                                            [WORKER  1] ia=1252, solar   , zout=65.3, eup=  325.25 +- 0.80607563
                                            [WORKER 10] ia=1244, thermal , zout=65.3, eup=  181.15 +- 0.187607943
     Process 12 started calculating ia=1262
     Process 10 started calculating ia=1263
                                            [WORKER  3] ia=1255, solar   , zout=65.3, eup=  324.97 +- 0.795045435
                                            [WORKER  2] ia=1254, solar   , zout=65.3, eup=  324.33 +- 0.805626849
                                            [WORKER 18] ia=1253, solar   , zout=65.3, eup=  327.45 +- 0.77775149
                                            [WORKER 16] ia=1256, solar   , zout=65.3, eup=  323.96 +- 0.792282033
                                            [WORKER 19] ia=1246, thermal , zout=65.3, eup=  181.26 +- 0.18997049
                                            [WORKER 13] ia=1247, thermal , zout=65.3, eup=  181.60 +- 0.196813632
                                            [WORKER  4] ia=1245, thermal , zout=65.3, eup=  181.16 +- 0.181822235
                                            [WORKER 15] ia=1248, thermal , zout=65.3, eup=  182.41 +- 0.195888148
     Process 19 started calculating ia=1264
     Process 13 started calculating ia=1265
     Process 4 started calculating ia=1266
     Process 15 started calculating ia=1267
                                            [WORKER 14] ia=1249, thermal , zout=65.3, eup=  182.69 +- 0.207949581
                                            [WORKER  8] ia=1250, thermal , zout=65.3, eup=  182.82 +- 0.209715207
                                            [WORKER  6] ia=1257, solar   , zout=65.3, eup=  323.16 +- 0.805553119
     Process 14 started calculating ia=1268
                                            [WORKER 17] ia=1251, thermal , zout=65.3, eup=  183.49 +- 0.208918053
                                            [WORKER  7] ia=1258, solar   , zout=65.3, eup=  321.83 +- 0.795976693
     Process 8 started calculating ia=1269
                                            [WORKER  1] ia=1252, thermal , zout=65.3, eup=  184.25 +- 0.213775232
     Process 17 started calculating ia=1270
                                            [WORKER  5] ia=1260, solar   , zout=65.3, eup=  319.55 +- 0.811558288
                                            [WORKER 11] ia=1259, solar   , zout=65.3, eup=  321.42 +- 0.783637366
                                            [WORKER  9] ia=1261, solar   , zout=65.3, eup=  317.44 +- 0.828994618
     Process 1 started calculating ia=1271
                                            [WORKER  3] ia=1255, thermal , zout=65.3, eup=  186.12 +- 0.216710434
                                            [WORKER 18] ia=1253, thermal , zout=65.3, eup=  184.88 +- 0.215908766
                                            [WORKER  2] ia=1254, thermal , zout=65.3, eup=  185.19 +- 0.213945122
                                            [WORKER 12] ia=1262, solar   , zout=65.3, eup=  317.80 +- 0.81512599
                                            [WORKER 10] ia=1263, solar   , zout=65.3, eup=  314.22 +- 0.836371906
     Process 3 started calculating ia=1272
     Process 2 started calculating ia=1273
     Process 18 started calculating ia=1274
                                            [WORKER 16] ia=1256, thermal , zout=65.3, eup=  187.18 +- 0.226598457
     Process 16 started calculating ia=1275
                                            [WORKER 19] ia=1264, solar   , zout=65.3, eup=  312.22 +- 0.852914454
                                            [WORKER 13] ia=1265, solar   , zout=65.3, eup=  310.64 +- 0.843461588
                                            [WORKER  4] ia=1266, solar   , zout=65.3, eup=  309.09 +- 0.849210062
                                            [WORKER 15] ia=1267, solar   , zout=65.3, eup=  308.31 +- 0.861337744
                                            [WORKER  6] ia=1257, thermal , zout=65.3, eup=  188.54 +- 0.226144051
                                            [WORKER  7] ia=1258, thermal , zout=65.3, eup=  188.94 +- 0.235579282
                                            [WORKER 14] ia=1268, solar   , zout=65.3, eup=  308.67 +- 0.862564687
     Process 6 started calculating ia=1276
     Process 7 started calculating ia=1277
                                            [WORKER  8] ia=1269, solar   , zout=65.3, eup=  307.31 +- 0.869522799
                                            [WORKER  5] ia=1260, thermal , zout=65.3, eup=  190.36 +- 0.244432641
                                            [WORKER 11] ia=1259, thermal , zout=65.3, eup=  189.95 +- 0.23938985
                                            [WORKER 17] ia=1270, solar   , zout=65.3, eup=  306.64 +- 0.872375401
     Process 5 started calculating ia=1278
     Process 11 started calculating ia=1279
                                            [WORKER  9] ia=1261, thermal , zout=65.3, eup=  191.41 +- 0.24531434
                                            [WORKER 12] ia=1262, thermal , zout=65.3, eup=  192.97 +- 0.250631459
                                            [WORKER  1] ia=1271, solar   , zout=65.3, eup=  307.88 +- 0.858548096
                                            [WORKER 10] ia=1263, thermal , zout=65.3, eup=  193.18 +- 0.254904414
     Process 9 started calculating ia=1280
     Process 12 started calculating ia=1281
     Process 10 started calculating ia=1282
                                            [WORKER  3] ia=1272, solar   , zout=65.3, eup=  306.59 +- 0.863487909
                                            [WORKER  2] ia=1273, solar   , zout=65.3, eup=  304.24 +- 0.87627019
                                            [WORKER 18] ia=1274, solar   , zout=65.3, eup=  303.83 +- 0.879804263
                                            [WORKER 19] ia=1264, thermal , zout=65.3, eup=  194.60 +- 0.265126167
                                            [WORKER 16] ia=1275, solar   , zout=65.3, eup=  300.24 +- 0.893633696
                                            [WORKER  4] ia=1266, thermal , zout=65.3, eup=  198.06 +- 0.265370752
                                            [WORKER 13] ia=1265, thermal , zout=65.3, eup=  196.32 +- 0.274101772
                                            [WORKER 15] ia=1267, thermal , zout=65.3, eup=  198.23 +- 0.262478154
     Process 19 started calculating ia=1283
     Process 4 started calculating ia=1284
     Process 13 started calculating ia=1285
     Process 15 started calculating ia=1286
                                            [WORKER 14] ia=1268, thermal , zout=65.3, eup=  199.54 +- 0.266999112
                                            [WORKER  6] ia=1276, solar   , zout=65.3, eup=  299.31 +- 0.902146289
                                            [WORKER  8] ia=1269, thermal , zout=65.3, eup=  200.29 +- 0.269891263
     Process 14 started calculating ia=1287
     Process 8 started calculating ia=1288
                                            [WORKER 17] ia=1270, thermal , zout=65.3, eup=  201.00 +- 0.270039066
                                            [WORKER  7] ia=1277, solar   , zout=65.3, eup=  297.04 +- 0.910311968
     Process 17 started calculating ia=1289
                                            [WORKER  1] ia=1271, thermal , zout=65.3, eup=  202.13 +- 0.275225827
                                            [WORKER  5] ia=1278, solar   , zout=65.3, eup=  296.03 +- 0.91095031
                                            [WORKER 11] ia=1279, solar   , zout=65.3, eup=  294.42 +- 0.918746424
     Process 1 started calculating ia=1290
                                            [WORKER  3] ia=1272, thermal , zout=65.3, eup=  202.83 +- 0.287225609
                                            [WORKER 12] ia=1281, solar   , zout=65.3, eup=  292.69 +- 0.90990248
                                            [WORKER  9] ia=1280, solar   , zout=65.3, eup=  291.09 +- 0.926443772
                                            [WORKER 10] ia=1282, solar   , zout=65.3, eup=  289.55 +- 0.937848471
                                            [WORKER  2] ia=1273, thermal , zout=65.3, eup=  203.47 +- 0.282956904
                                            [WORKER 18] ia=1274, thermal , zout=65.3, eup=  203.89 +- 0.28010711
     Process 3 started calculating ia=1291
     Process 2 started calculating ia=1292
     Process 18 started calculating ia=1293
                                            [WORKER 16] ia=1275, thermal , zout=65.3, eup=  204.75 +- 0.280632414
     Process 16 started calculating ia=1294
                                            [WORKER 19] ia=1283, solar   , zout=65.3, eup=  287.78 +- 0.949271903
                                            [WORKER  4] ia=1284, solar   , zout=65.3, eup=  287.90 +- 0.944592414
                                            [WORKER 13] ia=1285, solar   , zout=65.3, eup=  286.42 +- 0.949312904
                                            [WORKER 15] ia=1286, solar   , zout=65.3, eup=  287.67 +- 0.939698534
                                            [WORKER  6] ia=1276, thermal , zout=65.3, eup=  205.72 +- 0.289686085
     Process 6 started calculating ia=1295
                                            [WORKER  7] ia=1277, thermal , zout=65.3, eup=  207.01 +- 0.286918239
                                            [WORKER 14] ia=1287, solar   , zout=65.3, eup=  285.79 +- 0.961165393
                                            [WORKER  8] ia=1288, solar   , zout=65.3, eup=  285.18 +- 0.954162408
     Process 7 started calculating ia=1296
                                            [WORKER  5] ia=1278, thermal , zout=65.3, eup=  207.75 +- 0.289832931
                                            [WORKER 11] ia=1279, thermal , zout=65.3, eup=  208.73 +- 0.287074275
                                            [WORKER 17] ia=1289, solar   , zout=65.3, eup=  285.63 +- 0.955280587
     Process 5 started calculating ia=1297
     Process 11 started calculating ia=1298
                                            [WORKER  1] ia=1290, solar   , zout=65.3, eup=  286.89 +- 0.951947438
                                            [WORKER 12] ia=1281, thermal , zout=65.3, eup=  209.50 +- 0.30116682
                                            [WORKER 10] ia=1282, thermal , zout=65.3, eup=  210.20 +- 0.297796175
                                            [WORKER  9] ia=1280, thermal , zout=65.3, eup=  208.93 +- 0.296872076
     Process 12 started calculating ia=1299
                                            [WORKER  3] ia=1291, solar   , zout=65.3, eup=  284.35 +- 0.964639588
     Process 10 started calculating ia=1300
     Process 9 started calculating ia=1301
                                            [WORKER  2] ia=1292, solar   , zout=65.3, eup=  283.58 +- 0.970909296
                                            [WORKER 18] ia=1293, solar   , zout=65.3, eup=  285.52 +- 0.951128761
                                            [WORKER 19] ia=1283, thermal , zout=65.3, eup=  210.10 +- 0.293046305
                                            [WORKER 16] ia=1294, solar   , zout=65.3, eup=  282.58 +- 0.97277819
                                            [WORKER  4] ia=1284, thermal , zout=65.3, eup=  211.12 +- 0.289759324
                                            [WORKER 13] ia=1285, thermal , zout=65.3, eup=  212.22 +- 0.28658284
                                            [WORKER 15] ia=1286, thermal , zout=65.3, eup=  212.61 +- 0.295027985
     Process 19 started calculating ia=1302
     Process 13 started calculating ia=1303
     Process 4 started calculating ia=1304
     Process 15 started calculating ia=1305
                                            [WORKER 14] ia=1287, thermal , zout=65.3, eup=  212.42 +- 0.296663159
                                            [WORKER  8] ia=1288, thermal , zout=65.3, eup=  213.01 +- 0.282409886
                                            [WORKER  6] ia=1295, solar   , zout=65.3, eup=  284.09 +- 0.973859296
                                            [WORKER 17] ia=1289, thermal , zout=65.3, eup=  213.79 +- 0.29279798
                                            [WORKER  7] ia=1296, solar   , zout=65.3, eup=  281.32 +- 0.981890131
     Process 14 started calculating ia=1306
     Process 8 started calculating ia=1307
                                            [WORKER  1] ia=1290, thermal , zout=65.3, eup=  213.32 +- 0.295040688
     Process 17 started calculating ia=1308
                                            [WORKER  5] ia=1297, solar   , zout=65.3, eup=  282.45 +- 0.973965266
                                            [WORKER 11] ia=1298, solar   , zout=65.3, eup=  280.27 +- 0.982485699
     Process 1 started calculating ia=1309
                                            [WORKER 12] ia=1299, solar   , zout=65.3, eup=  279.72 +- 0.972897664
                                            [WORKER  3] ia=1291, thermal , zout=65.3, eup=  213.95 +- 0.294821893
                                            [WORKER 10] ia=1300, solar   , zout=65.3, eup=  278.38 +- 0.993031511
                                            [WORKER  9] ia=1301, solar   , zout=65.3, eup=  276.21 +- 1.0007885
     Process 3 started calculating ia=1310
                                            [WORKER  2] ia=1292, thermal , zout=65.3, eup=  213.73 +- 0.300894592
     Process 2 started calculating ia=1311
                                            [WORKER 18] ia=1293, thermal , zout=65.3, eup=  214.15 +- 0.300104979
                                            [WORKER 16] ia=1294, thermal , zout=65.3, eup=  213.64 +- 0.299425413
     Process 18 started calculating ia=1312
     Process 16 started calculating ia=1313
                                            [WORKER 19] ia=1302, solar   , zout=65.3, eup=  278.35 +- 0.993098974
                                            [WORKER  4] ia=1304, solar   , zout=65.3, eup=  280.36 +- 0.982068068
                                            [WORKER 13] ia=1303, solar   , zout=65.3, eup=  278.39 +- 0.988517914
                                            [WORKER 15] ia=1305, solar   , zout=65.3, eup=  280.45 +- 0.988371291
                                            [WORKER  6] ia=1295, thermal , zout=65.3, eup=  215.25 +- 0.295496438
                                            [WORKER  7] ia=1296, thermal , zout=65.3, eup=  214.91 +- 0.301347472
     Process 6 started calculating ia=1314
                                            [WORKER  5] ia=1297, thermal , zout=65.3, eup=  214.36 +- 0.305481353
                                            [WORKER 11] ia=1298, thermal , zout=65.3, eup=  215.24 +- 0.304316282
                                            [WORKER 14] ia=1306, solar   , zout=65.3, eup=  282.11 +- 0.973474396
     Process 7 started calculating ia=1315
                                            [WORKER  8] ia=1307, solar   , zout=65.3, eup=  280.42 +- 0.991693659
                                            [WORKER 17] ia=1308, solar   , zout=65.3, eup=  281.50 +- 0.975940567
                                            [WORKER 12] ia=1299, thermal , zout=65.3, eup=  217.04 +- 0.288443702
                                            [WORKER 10] ia=1300, thermal , zout=65.3, eup=  214.03 +- 0.317410348
     Process 5 started calculating ia=1316
     Process 11 started calculating ia=1317
                                            [WORKER  1] ia=1309, solar   , zout=65.3, eup=  281.17 +- 0.980394003
                                            [WORKER  9] ia=1301, thermal , zout=65.3, eup=  217.37 +- 0.287867305
     Process 12 started calculating ia=1318
     Process 10 started calculating ia=1319
                                            [WORKER  3] ia=1310, solar   , zout=65.3, eup=  279.88 +- 0.984695625
     Process 9 started calculating ia=1320
                                            [WORKER  2] ia=1311, solar   , zout=65.3, eup=  278.63 +- 0.988941952
                                            [WORKER 18] ia=1312, solar   , zout=65.3, eup=  278.34 +- 0.988945719
                                            [WORKER 19] ia=1302, thermal , zout=65.3, eup=  216.67 +- 0.30783312
                                            [WORKER 16] ia=1313, solar   , zout=65.3, eup=  276.65 +- 0.995521022
     Process 19 started calculating ia=1321
                                            [WORKER  4] ia=1304, thermal , zout=65.3, eup=  217.31 +- 0.304850266
                                            [WORKER 13] ia=1303, thermal , zout=65.3, eup=  217.01 +- 0.291450636
                                            [WORKER 15] ia=1305, thermal , zout=65.3, eup=  217.21 +- 0.308139273
     Process 4 started calculating ia=1322
     Process 13 started calculating ia=1323
     Process 15 started calculating ia=1324
                                            [WORKER  6] ia=1314, solar   , zout=65.3, eup=  277.56 +- 0.987345558
                                            [WORKER 14] ia=1306, thermal , zout=65.3, eup=  218.25 +- 0.292720066
                                            [WORKER  8] ia=1307, thermal , zout=65.3, eup=  217.02 +- 0.305452377
                                            [WORKER 17] ia=1308, thermal , zout=65.3, eup=  218.64 +- 0.300655562
                                            [WORKER  7] ia=1315, solar   , zout=65.3, eup=  274.90 +- 1.00073924
     Process 14 started calculating ia=1325
                                            [WORKER  1] ia=1309, thermal , zout=65.3, eup=  219.29 +- 0.308837312
     Process 8 started calculating ia=1326
                                            [WORKER  5] ia=1316, solar   , zout=65.3, eup=  271.85 +- 1.01264599
                                            [WORKER 11] ia=1317, solar   , zout=65.3, eup=  270.72 +- 1.00062637
                                            [WORKER  3] ia=1310, thermal , zout=65.3, eup=  219.32 +- 0.308365931
     Process 17 started calculating ia=1327
                                            [WORKER  2] ia=1311, thermal , zout=65.3, eup=  219.68 +- 0.303809
                                            [WORKER 12] ia=1318, solar   , zout=65.3, eup=  267.61 +- 1.00030543
     Process 1 started calculating ia=1328
                                            [WORKER 18] ia=1312, thermal , zout=65.3, eup=  219.83 +- 0.305983331
                                            [WORKER 10] ia=1319, solar   , zout=65.3, eup=  266.80 +- 1.00800552
                                            [WORKER  9] ia=1320, solar   , zout=65.3, eup=  261.90 +- 1.03391252
                                            [WORKER 16] ia=1313, thermal , zout=65.3, eup=  220.75 +- 0.307370502
     Process 3 started calculating ia=1329
     Process 2 started calculating ia=1330
                                            [WORKER 19] ia=1321, solar   , zout=65.3, eup=  260.94 +- 1.02327022
     Process 18 started calculating ia=1331
     Process 16 started calculating ia=1332
                                            [WORKER  6] ia=1314, thermal , zout=65.3, eup=  222.49 +- 0.291373078
                                            [WORKER  4] ia=1322, solar   , zout=65.3, eup=  258.67 +- 1.02672753
                                            [WORKER 13] ia=1323, solar   , zout=65.3, eup=  256.33 +- 1.03381699
                                            [WORKER 15] ia=1324, solar   , zout=65.3, eup=  255.24 +- 1.01842465
     Process 6 started calculating ia=1333
                                            [WORKER  7] ia=1315, thermal , zout=65.3, eup=  222.24 +- 0.311175077
     Process 7 started calculating ia=1334
                                            [WORKER 14] ia=1325, solar   , zout=65.3, eup=  256.36 +- 1.02948778
                                            [WORKER  8] ia=1326, solar   , zout=65.3, eup=  256.64 +- 1.02979639
                                            [WORKER 17] ia=1327, solar   , zout=65.3, eup=  257.78 +- 1.02749667
                                            [WORKER  5] ia=1316, thermal , zout=65.3, eup=  223.20 +- 0.30696622
                                            [WORKER 11] ia=1317, thermal , zout=65.3, eup=  223.48 +- 0.30992377
     Process 5 started calculating ia=1335
                                            [WORKER 12] ia=1318, thermal , zout=65.3, eup=  224.07 +- 0.301133123
     Process 11 started calculating ia=1336
                                            [WORKER  1] ia=1328, solar   , zout=65.3, eup=  256.91 +- 1.03237588
                                            [WORKER 10] ia=1319, thermal , zout=65.3, eup=  225.37 +- 0.30441995
                                            [WORKER  9] ia=1320, thermal , zout=65.3, eup=  227.18 +- 0.307446387
                                            [WORKER  3] ia=1329, solar   , zout=65.3, eup=  257.19 +- 1.03779042
                                            [WORKER  2] ia=1330, solar   , zout=65.3, eup=  261.27 +- 1.03671522
                                            [WORKER 19] ia=1321, thermal , zout=65.3, eup=  227.30 +- 0.314330521
     Process 12 started calculating ia=1337
     Process 10 started calculating ia=1338
                                            [WORKER  4] ia=1322, thermal , zout=65.3, eup=  228.34 +- 0.317692966
                                            [WORKER 13] ia=1323, thermal , zout=65.3, eup=  228.00 +- 0.320983649
                                            [WORKER 18] ia=1331, solar   , zout=65.3, eup=  264.25 +- 1.03855379
     Process 9 started calculating ia=1339
                                            [WORKER 16] ia=1332, solar   , zout=65.3, eup=  268.41 +- 1.01054798
                                            [WORKER 15] ia=1324, thermal , zout=65.3, eup=  228.62 +- 0.306847594
     Process 19 started calculating ia=1340
                                            [WORKER  6] ia=1333, solar   , zout=65.3, eup=  267.90 +- 1.00811048
     Process 4 started calculating ia=1341
     Process 13 started calculating ia=1342
     Process 15 started calculating ia=1343
                                            [WORKER 14] ia=1325, thermal , zout=65.3, eup=  227.27 +- 0.320255251
                                            [WORKER  8] ia=1326, thermal , zout=65.3, eup=  229.61 +- 0.30326585
                                            [WORKER  7] ia=1334, solar   , zout=65.3, eup=  272.18 +- 1.00753958
     Process 14 started calculating ia=1344
     Process 8 started calculating ia=1345
                                            [WORKER 17] ia=1327, thermal , zout=65.3, eup=  228.95 +- 0.31187774
     Process 17 started calculating ia=1346
                                            [WORKER  5] ia=1335, solar   , zout=65.3, eup=  272.84 +- 1.01204856
                                            [WORKER 11] ia=1336, solar   , zout=65.3, eup=  275.90 +- 1.00876608
                                            [WORKER  1] ia=1328, thermal , zout=65.3, eup=  228.76 +- 0.325423187
     Process 1 started calculating ia=1347
                                            [WORKER  3] ia=1329, thermal , zout=65.3, eup=  228.00 +- 0.327643916
                                            [WORKER 12] ia=1337, solar   , zout=65.3, eup=  278.48 +- 0.997135978
                                            [WORKER  2] ia=1330, thermal , zout=65.3, eup=  227.44 +- 0.347754068
     Process 3 started calculating ia=1348
     Process 2 started calculating ia=1349
                                            [WORKER 18] ia=1331, thermal , zout=65.3, eup=  227.44 +- 0.342360549
                                            [WORKER 10] ia=1338, solar   , zout=65.3, eup=  275.54 +- 0.990670704
                                            [WORKER 16] ia=1332, thermal , zout=65.3, eup=  226.57 +- 0.343923178
                                            [WORKER  9] ia=1339, solar   , zout=65.3, eup=  280.06 +- 0.997017974
                                            [WORKER  6] ia=1333, thermal , zout=65.3, eup=  223.23 +- 0.370374464
                                            [WORKER 19] ia=1340, solar   , zout=65.3, eup=  280.31 +- 1.00897168
     Process 18 started calculating ia=1350
     Process 16 started calculating ia=1351
     Process 6 started calculating ia=1352
                                            [WORKER  4] ia=1341, solar   , zout=65.3, eup=  281.24 +- 1.00005543
                                            [WORKER  7] ia=1334, thermal , zout=65.3, eup=  224.63 +- 0.365028731
                                            [WORKER 13] ia=1342, solar   , zout=65.3, eup=  281.67 +- 1.00119079
                                            [WORKER 15] ia=1343, solar   , zout=65.3, eup=  283.82 +- 0.99394434
     Process 7 started calculating ia=1353
                                            [WORKER  8] ia=1345, solar   , zout=65.3, eup=  284.04 +- 1.00073114
                                            [WORKER 14] ia=1344, solar   , zout=65.3, eup=  285.13 +- 0.983454259
                                            [WORKER  5] ia=1335, thermal , zout=65.3, eup=  224.62 +- 0.351938523
                                            [WORKER 17] ia=1346, solar   , zout=65.3, eup=  284.94 +- 0.98577007
                                            [WORKER 11] ia=1336, thermal , zout=65.3, eup=  223.41 +- 0.353519998
     Process 5 started calculating ia=1354
     Process 11 started calculating ia=1355
                                            [WORKER 12] ia=1337, thermal , zout=65.3, eup=  223.23 +- 0.357219263
                                            [WORKER  1] ia=1347, solar   , zout=65.3, eup=  287.86 +- 0.987581903
     Process 12 started calculating ia=1356
                                            [WORKER  3] ia=1348, solar   , zout=65.3, eup=  286.12 +- 0.986713145
                                            [WORKER 10] ia=1338, thermal , zout=65.3, eup=  222.60 +- 0.353359852
                                            [WORKER  2] ia=1349, solar   , zout=65.3, eup=  286.94 +- 0.988428007
     Process 10 started calculating ia=1357
                                            [WORKER  9] ia=1339, thermal , zout=65.3, eup=  221.93 +- 0.359533959
                                            [WORKER 19] ia=1340, thermal , zout=65.3, eup=  221.87 +- 0.368866491
     Process 9 started calculating ia=1358
                                            [WORKER  4] ia=1341, thermal , zout=65.3, eup=  222.93 +- 0.351545386
                                            [WORKER 18] ia=1350, solar   , zout=65.3, eup=  285.88 +- 0.993960411
     Process 19 started calculating ia=1359
                                            [WORKER 16] ia=1351, solar   , zout=65.3, eup=  286.80 +- 0.991455589
                                            [WORKER 13] ia=1342, thermal , zout=65.3, eup=  221.74 +- 0.359986614
                                            [WORKER 15] ia=1343, thermal , zout=65.3, eup=  220.96 +- 0.369245262
                                            [WORKER  6] ia=1352, solar   , zout=65.3, eup=  286.94 +- 0.986166157
     Process 4 started calculating ia=1360
                                            [WORKER  8] ia=1345, thermal , zout=65.3, eup=  220.76 +- 0.372996901
                                            [WORKER 14] ia=1344, thermal , zout=65.3, eup=  221.24 +- 0.356040348
     Process 13 started calculating ia=1361
                                            [WORKER  7] ia=1353, solar   , zout=65.3, eup=  283.73 +- 0.99289573
                                            [WORKER 17] ia=1346, thermal , zout=65.3, eup=  220.11 +- 0.351747051
     Process 15 started calculating ia=1362
                                            [WORKER  1] ia=1347, thermal , zout=65.3, eup=  219.67 +- 0.358984382
     Process 8 started calculating ia=1363
                                            [WORKER  5] ia=1354, solar   , zout=65.3, eup=  281.68 +- 1.00297598
     Process 14 started calculating ia=1364
     Process 17 started calculating ia=1365
                                            [WORKER 11] ia=1355, solar   , zout=65.3, eup=  281.47 +- 1.00256115
                                            [WORKER  3] ia=1348, thermal , zout=65.3, eup=  220.03 +- 0.360341183
                                            [WORKER 12] ia=1356, solar   , zout=65.3, eup=  275.63 +- 1.01249553
     Process 1 started calculating ia=1366
                                            [WORKER  2] ia=1349, thermal , zout=65.3, eup=  220.28 +- 0.34475683
     Process 3 started calculating ia=1367
     Process 2 started calculating ia=1368
                                            [WORKER 10] ia=1357, solar   , zout=65.3, eup=  273.09 +- 1.03542339
                                            [WORKER 19] ia=1359, solar   , zout=65.3, eup=  266.48 +- 1.04002537
                                            [WORKER  9] ia=1358, solar   , zout=65.3, eup=  270.07 +- 1.0319344
                                            [WORKER 16] ia=1351, thermal , zout=65.3, eup=  219.72 +- 0.347538617
                                            [WORKER 18] ia=1350, thermal , zout=65.3, eup=  219.86 +- 0.357498515
     Process 16 started calculating ia=1369
     Process 18 started calculating ia=1370
                                            [WORKER  6] ia=1352, thermal , zout=65.3, eup=  220.82 +- 0.34124859
                                            [WORKER  4] ia=1360, solar   , zout=65.3, eup=  258.70 +- 1.03206111
                                            [WORKER 13] ia=1361, solar   , zout=65.3, eup=  257.79 +- 1.06832796
     Process 6 started calculating ia=1371
                                            [WORKER 15] ia=1362, solar   , zout=65.3, eup=  254.46 +- 1.07453387
                                            [WORKER  7] ia=1353, thermal , zout=65.3, eup=  220.58 +- 0.351254434
                                            [WORKER  5] ia=1354, thermal , zout=65.3, eup=  221.32 +- 0.343779075
     Process 7 started calculating ia=1372
                                            [WORKER  8] ia=1363, solar   , zout=65.3, eup=  255.80 +- 1.06973184
                                            [WORKER 11] ia=1355, thermal , zout=65.3, eup=  222.87 +- 0.332092504
                                            [WORKER 14] ia=1364, solar   , zout=65.3, eup=  251.16 +- 1.08038089
                                            [WORKER 17] ia=1365, solar   , zout=65.3, eup=  250.62 +- 1.08128089
                                            [WORKER 12] ia=1356, thermal , zout=65.3, eup=  222.43 +- 0.343659248
     Process 5 started calculating ia=1373
                                            [WORKER 10] ia=1357, thermal , zout=65.3, eup=  224.49 +- 0.344635365
                                            [WORKER  1] ia=1366, solar   , zout=65.3, eup=  251.22 +- 1.0881486
     Process 11 started calculating ia=1374
                                            [WORKER  3] ia=1367, solar   , zout=65.3, eup=  250.91 +- 1.08727802
     Process 12 started calculating ia=1375
                                            [WORKER  2] ia=1368, solar   , zout=65.3, eup=  253.06 +- 1.08310308
                                            [WORKER 19] ia=1359, thermal , zout=65.3, eup=  225.50 +- 0.335680619
     Process 10 started calculating ia=1376
                                            [WORKER  9] ia=1358, thermal , zout=65.3, eup=  224.31 +- 0.336356401
     Process 19 started calculating ia=1377
                                            [WORKER  4] ia=1360, thermal , zout=65.3, eup=  224.38 +- 0.325964296
     Process 9 started calculating ia=1378
                                            [WORKER 16] ia=1369, solar   , zout=65.3, eup=  251.67 +- 1.09247106
                                            [WORKER 13] ia=1361, thermal , zout=65.3, eup=  225.54 +- 0.336669678
                                            [WORKER 18] ia=1370, solar   , zout=65.3, eup=  254.09 +- 1.08470611
     Process 4 started calculating ia=1379
                                            [WORKER  6] ia=1371, solar   , zout=65.3, eup=  256.61 +- 1.08433008
     Process 13 started calculating ia=1380
                                            [WORKER 15] ia=1362, thermal , zout=65.3, eup=  224.68 +- 0.35036032
     Process 15 started calculating ia=1381
                                            [WORKER  7] ia=1372, solar   , zout=65.3, eup=  259.93 +- 1.07763915
                                            [WORKER  8] ia=1363, thermal , zout=65.3, eup=  225.18 +- 0.348922299
                                            [WORKER 14] ia=1364, thermal , zout=65.3, eup=  223.83 +- 0.367320584
                                            [WORKER 17] ia=1365, thermal , zout=65.3, eup=  220.91 +- 0.378756641
     Process 8 started calculating ia=1382
                                            [WORKER  5] ia=1373, solar   , zout=65.3, eup=  261.91 +- 1.07732151
     Process 14 started calculating ia=1383
     Process 17 started calculating ia=1384
                                            [WORKER  3] ia=1367, thermal , zout=65.3, eup=  220.84 +- 0.378696187
                                            [WORKER 11] ia=1374, solar   , zout=65.3, eup=  260.38 +- 1.08984807
                                            [WORKER  1] ia=1366, thermal , zout=65.3, eup=  221.59 +- 0.371868489
                                            [WORKER 12] ia=1375, solar   , zout=65.3, eup=  265.37 +- 1.07499256
                                            [WORKER  2] ia=1368, thermal , zout=65.3, eup=  218.62 +- 0.393215573
     Process 3 started calculating ia=1385
     Process 1 started calculating ia=1386
                                            [WORKER 10] ia=1376, solar   , zout=65.3, eup=  267.74 +- 1.06455582
     Process 2 started calculating ia=1387
                                            [WORKER 19] ia=1377, solar   , zout=65.3, eup=  266.19 +- 1.07889336
                                            [WORKER 16] ia=1369, thermal , zout=65.3, eup=  217.07 +- 0.401340734
                                            [WORKER  9] ia=1378, solar   , zout=65.3, eup=  266.07 +- 1.07924135
                                            [WORKER 18] ia=1370, thermal , zout=65.3, eup=  215.34 +- 0.402392042
                                            [WORKER  6] ia=1371, thermal , zout=65.3, eup=  214.19 +- 0.409150043
     Process 16 started calculating ia=1388
     Process 18 started calculating ia=1389
                                            [WORKER  4] ia=1379, solar   , zout=65.3, eup=  263.88 +- 1.08423074
                                            [WORKER 13] ia=1380, solar   , zout=65.3, eup=  262.57 +- 1.08125051
     Process 6 started calculating ia=1390
                                            [WORKER  7] ia=1372, thermal , zout=65.3, eup=  213.27 +- 0.41501971
                                            [WORKER 15] ia=1381, solar   , zout=65.3, eup=  263.05 +- 1.0788601
     Process 7 started calculating ia=1391
                                            [WORKER  8] ia=1382, solar   , zout=65.3, eup=  260.62 +- 1.08953235
                                            [WORKER  5] ia=1373, thermal , zout=65.3, eup=  210.71 +- 0.419371879
                                            [WORKER 14] ia=1383, solar   , zout=65.3, eup=  262.43 +- 1.08637931
                                            [WORKER 17] ia=1384, solar   , zout=65.3, eup=  259.37 +- 1.09379267
     Process 5 started calculating ia=1392
                                            [WORKER 11] ia=1374, thermal , zout=65.3, eup=  210.17 +- 0.419990002
                                            [WORKER 12] ia=1375, thermal , zout=65.3, eup=  209.38 +- 0.421409244
     Process 11 started calculating ia=1393
                                            [WORKER  3] ia=1385, solar   , zout=65.3, eup=  258.96 +- 1.0884202
     Process 12 started calculating ia=1394
                                            [WORKER  1] ia=1386, solar   , zout=65.3, eup=  257.40 +- 1.09396654
                                            [WORKER 10] ia=1376, thermal , zout=65.3, eup=  207.65 +- 0.429988825
                                            [WORKER  2] ia=1387, solar   , zout=65.3, eup=  253.21 +- 1.10174591
     Process 10 started calculating ia=1395
                                            [WORKER 19] ia=1377, thermal , zout=65.3, eup=  208.40 +- 0.431782781
                                            [WORKER  9] ia=1378, thermal , zout=65.3, eup=  207.32 +- 0.431943554
     Process 19 started calculating ia=1396
     Process 9 started calculating ia=1397
                                            [WORKER 16] ia=1388, solar   , zout=65.3, eup=  252.21 +- 1.10152554
                                            [WORKER  4] ia=1379, thermal , zout=65.3, eup=  207.51 +- 0.428888254
                                            [WORKER 18] ia=1389, solar   , zout=65.3, eup=  251.61 +- 1.09873122
                                            [WORKER 13] ia=1380, thermal , zout=65.3, eup=  206.77 +- 0.439407601
     Process 4 started calculating ia=1398
                                            [WORKER 15] ia=1381, thermal , zout=65.3, eup=  206.53 +- 0.437817424
                                            [WORKER  6] ia=1390, solar   , zout=65.3, eup=  247.93 +- 1.11002358
     Process 13 started calculating ia=1399
                                            [WORKER  8] ia=1382, thermal , zout=65.3, eup=  206.63 +- 0.441692428
     Process 15 started calculating ia=1400
                                            [WORKER  7] ia=1391, solar   , zout=65.3, eup=  245.37 +- 1.10947627
     Process 8 started calculating ia=1401
                                            [WORKER 14] ia=1383, thermal , zout=65.3, eup=  207.16 +- 0.444330756
                                            [WORKER 17] ia=1384, thermal , zout=65.3, eup=  206.80 +- 0.44806405
     Process 14 started calculating ia=1402
     Process 17 started calculating ia=1403
                                            [WORKER  5] ia=1392, solar   , zout=65.3, eup=  241.44 +- 1.11844601
                                            [WORKER  3] ia=1385, thermal , zout=65.3, eup=  207.81 +- 0.455453006
                                            [WORKER  1] ia=1386, thermal , zout=65.3, eup=  209.89 +- 0.451370509
                                            [WORKER 11] ia=1393, solar   , zout=65.3, eup=  237.79 +- 1.11977769
                                            [WORKER 12] ia=1394, solar   , zout=65.3, eup=  233.20 +- 1.12568411
     Process 3 started calculating ia=1404
                                            [WORKER  2] ia=1387, thermal , zout=65.3, eup=  211.35 +- 0.452334141
     Process 1 started calculating ia=1405
                                            [WORKER 10] ia=1395, solar   , zout=65.3, eup=  227.47 +- 1.12888106
     Process 2 started calculating ia=1406
                                            [WORKER 19] ia=1396, solar   , zout=65.3, eup=  222.90 +- 1.12752673
                                            [WORKER 16] ia=1388, thermal , zout=65.3, eup=  211.38 +- 0.463287151
                                            [WORKER 18] ia=1389, thermal , zout=65.3, eup=  213.81 +- 0.461276447
                                            [WORKER  9] ia=1397, solar   , zout=65.3, eup=  215.26 +- 1.13372424
     Process 16 started calculating ia=1407
                                            [WORKER  6] ia=1390, thermal , zout=65.3, eup=  215.03 +- 0.454677733
     Process 18 started calculating ia=1408
                                            [WORKER  4] ia=1398, solar   , zout=65.3, eup=  207.81 +- 1.1368168
                                            [WORKER 13] ia=1399, solar   , zout=65.3, eup=  197.23 +- 1.13805733
                                            [WORKER  7] ia=1391, thermal , zout=65.3, eup=  216.41 +- 0.456247097
                                            [WORKER 15] ia=1400, solar   , zout=65.3, eup=  191.97 +- 1.13871553
     Process 6 started calculating ia=1409
                                            [WORKER  8] ia=1401, solar   , zout=65.3, eup=  188.23 +- 1.13790046
                                            [WORKER  5] ia=1392, thermal , zout=65.3, eup=  218.74 +- 0.449863419
     Process 7 started calculating ia=1410
                                            [WORKER 14] ia=1402, solar   , zout=65.3, eup=  181.17 +- 1.13478285
                                            [WORKER 17] ia=1403, solar   , zout=65.3, eup=  188.68 +- 1.11405137
                                            [WORKER 11] ia=1393, thermal , zout=65.3, eup=  219.96 +- 0.453992031
                                            [WORKER 12] ia=1394, thermal , zout=65.3, eup=  220.54 +- 0.446105869
     Process 5 started calculating ia=1411
                                            [WORKER  3] ia=1404, solar   , zout=65.3, eup=  180.09 +- 1.11638063
                                            [WORKER  1] ia=1405, solar   , zout=65.3, eup=  174.28 +- 1.13044476
                                            [WORKER 10] ia=1395, thermal , zout=65.3, eup=  223.42 +- 0.439450701
     Process 11 started calculating ia=1412
                                            [WORKER 19] ia=1396, thermal , zout=65.3, eup=  225.28 +- 0.425857782
                                            [WORKER  2] ia=1406, solar   , zout=65.3, eup=  175.19 +- 1.12862554
     Process 12 started calculating ia=1413
     Process 10 started calculating ia=1414
                                            [WORKER  9] ia=1397, thermal , zout=65.3, eup=  227.25 +- 0.422386037
                                            [WORKER 16] ia=1407, solar   , zout=65.3, eup=  168.11 +- 1.12652675
     Process 19 started calculating ia=1415
                                            [WORKER 18] ia=1408, solar   , zout=65.3, eup=  162.82 +- 1.11690256
                                            [WORKER  4] ia=1398, thermal , zout=65.3, eup=  229.14 +- 0.422216348
                                            [WORKER 13] ia=1399, thermal , zout=65.3, eup=  230.31 +- 0.43924442
                                            [WORKER  6] ia=1409, solar   , zout=65.3, eup=  162.70 +- 1.12668103
     Process 9 started calculating ia=1416
     Process 4 started calculating ia=1417
                                            [WORKER 15] ia=1400, thermal , zout=65.3, eup=  231.42 +- 0.434284742
     Process 13 started calculating ia=1418
                                            [WORKER  7] ia=1410, solar   , zout=65.3, eup=  157.10 +- 1.11614825
     Process 15 started calculating ia=1419
                                            [WORKER  8] ia=1401, thermal , zout=65.3, eup=  233.26 +- 0.425305354
     Process 8 started calculating ia=1420
                                            [WORKER 14] ia=1402, thermal , zout=65.3, eup=  234.83 +- 0.413362866
                                            [WORKER 17] ia=1403, thermal , zout=65.3, eup=  232.94 +- 0.444393431
     Process 14 started calculating ia=1421
                                            [WORKER  5] ia=1411, solar   , zout=65.3, eup=  156.96 +- 1.11521866
     Process 17 started calculating ia=1422
                                            [WORKER  3] ia=1404, thermal , zout=65.3, eup=  234.45 +- 0.435437552
                                            [WORKER 11] ia=1412, solar   , zout=65.3, eup=  159.24 +- 1.10771641
                                            [WORKER 12] ia=1413, solar   , zout=65.3, eup=  154.03 +- 1.11585198
                                            [WORKER  1] ia=1405, thermal , zout=65.3, eup=  235.55 +- 0.418589924
     Process 3 started calculating ia=1423
                                            [WORKER  2] ia=1406, thermal , zout=65.3, eup=  235.87 +- 0.427248308
     Process 1 started calculating ia=1424
                                            [WORKER 10] ia=1414, solar   , zout=65.3, eup=  153.08 +- 1.11893993
     Process 2 started calculating ia=1425
                                            [WORKER 19] ia=1415, solar   , zout=65.3, eup=  148.75 +- 1.10654233
                                            [WORKER 16] ia=1407, thermal , zout=65.3, eup=  236.76 +- 0.427327786
                                            [WORKER 18] ia=1408, thermal , zout=65.3, eup=  236.78 +- 0.440998024
     Process 16 started calculating ia=1426
                                            [WORKER  6] ia=1409, thermal , zout=65.3, eup=  237.76 +- 0.427480126
     Process 18 started calculating ia=1427
                                            [WORKER  9] ia=1416, solar   , zout=65.3, eup=  147.95 +- 1.11211782
                                            [WORKER  4] ia=1417, solar   , zout=65.3, eup=  143.03 +- 1.10061031
     Process 6 started calculating ia=1428
                                            [WORKER  7] ia=1410, thermal , zout=65.3, eup=  238.19 +- 0.438169121
                                            [WORKER 13] ia=1418, solar   , zout=65.3, eup=  141.05 +- 1.09924267
                                            [WORKER 15] ia=1419, solar   , zout=65.3, eup=  141.20 +- 1.10129782
                                            [WORKER  5] ia=1411, thermal , zout=65.3, eup=  239.34 +- 0.435408925
     Process 7 started calculating ia=1429
                                            [WORKER  8] ia=1420, solar   , zout=65.3, eup=  139.46 +- 1.09747834
                                            [WORKER 17] ia=1422, solar   , zout=65.3, eup=  136.45 +- 1.09278653
                                            [WORKER 14] ia=1421, solar   , zout=65.3, eup=  139.01 +- 1.10184838
                                            [WORKER 11] ia=1412, thermal , zout=65.3, eup=  238.69 +- 0.421327677
                                            [WORKER 12] ia=1413, thermal , zout=65.3, eup=  237.65 +- 0.453214817
     Process 5 started calculating ia=1430
                                            [WORKER  3] ia=1423, solar   , zout=65.3, eup=  137.77 +- 1.09931836
     Process 11 started calculating ia=1431
                                            [WORKER  1] ia=1424, solar   , zout=65.3, eup=  136.63 +- 1.09084293
     Process 12 started calculating ia=1432
                                            [WORKER 10] ia=1414, thermal , zout=65.3, eup=  240.42 +- 0.423901828
                                            [WORKER  2] ia=1425, solar   , zout=65.3, eup=  136.44 +- 1.08763917
                                            [WORKER 19] ia=1415, thermal , zout=65.3, eup=  241.30 +- 0.422144486
     Process 10 started calculating ia=1433
     Process 19 started calculating ia=1434
                                            [WORKER 16] ia=1426, solar   , zout=65.3, eup=  141.75 +- 1.10505372
                                            [WORKER 18] ia=1427, solar   , zout=65.3, eup=  142.08 +- 1.10517879
                                            [WORKER  9] ia=1416, thermal , zout=65.3, eup=  241.22 +- 0.439937291
                                            [WORKER  4] ia=1417, thermal , zout=65.3, eup=  241.45 +- 0.434983321
                                            [WORKER  6] ia=1428, solar   , zout=65.3, eup=  145.64 +- 1.10811699
     Process 9 started calculating ia=1435
     Process 4 started calculating ia=1436
                                            [WORKER 13] ia=1418, thermal , zout=65.3, eup=  241.57 +- 0.449844687
                                            [WORKER 15] ia=1419, thermal , zout=65.3, eup=  241.88 +- 0.446775826
     Process 13 started calculating ia=1437
                                            [WORKER  7] ia=1429, solar   , zout=65.3, eup=  148.95 +- 1.10982864
                                            [WORKER  8] ia=1420, thermal , zout=65.3, eup=  243.07 +- 0.410387573
     Process 15 started calculating ia=1438
                                            [WORKER 17] ia=1422, thermal , zout=65.3, eup=  243.66 +- 0.418187485
                                            [WORKER 14] ia=1421, thermal , zout=65.3, eup=  242.56 +- 0.445859723
                                            [WORKER  5] ia=1430, solar   , zout=65.3, eup=  152.28 +- 1.11680015
     Process 8 started calculating ia=1439
     Process 17 started calculating ia=1440
     Process 14 started calculating ia=1441
                                            [WORKER  3] ia=1423, thermal , zout=65.3, eup=  243.21 +- 0.437012315
                                            [WORKER 11] ia=1431, solar   , zout=65.3, eup=  162.30 +- 1.12538532
                                            [WORKER 12] ia=1432, solar   , zout=65.3, eup=  168.86 +- 1.11986498
                                            [WORKER  1] ia=1424, thermal , zout=65.3, eup=  243.47 +- 0.458845872
     Process 3 started calculating ia=1442
                                            [WORKER  2] ia=1425, thermal , zout=65.3, eup=  243.79 +- 0.435722128
     Process 1 started calculating ia=1443
                                            [WORKER 16] ia=1426, thermal , zout=65.3, eup=  243.50 +- 0.421111458
                                            [WORKER 10] ia=1433, solar   , zout=65.3, eup=  166.47 +- 1.13530494
     Process 2 started calculating ia=1444
                                            [WORKER 18] ia=1427, thermal , zout=65.3, eup=  243.55 +- 0.428385078
                                            [WORKER 19] ia=1434, solar   , zout=65.3, eup=  168.84 +- 1.13830843
     Process 16 started calculating ia=1445
     Process 18 started calculating ia=1446
                                            [WORKER  6] ia=1428, thermal , zout=65.3, eup=  243.43 +- 0.433644953
                                            [WORKER  4] ia=1436, solar   , zout=65.3, eup=  173.08 +- 1.13645287
                                            [WORKER  9] ia=1435, solar   , zout=65.3, eup=  170.77 +- 1.13580417
     Process 6 started calculating ia=1447
                                            [WORKER  7] ia=1429, thermal , zout=65.3, eup=  243.88 +- 0.382788969
                                            [WORKER 13] ia=1437, solar   , zout=65.3, eup=  172.16 +- 1.13495197
                                            [WORKER  5] ia=1430, thermal , zout=65.3, eup=  242.62 +- 0.435703318
                                            [WORKER 15] ia=1438, solar   , zout=65.3, eup=  175.84 +- 1.13952955
     Process 7 started calculating ia=1448
                                            [WORKER  8] ia=1439, solar   , zout=65.3, eup=  177.14 +- 1.14415315
     Process 5 started calculating ia=1449
                                            [WORKER 17] ia=1440, solar   , zout=65.3, eup=  181.23 +- 1.14639557
                                            [WORKER 14] ia=1441, solar   , zout=65.3, eup=  185.61 +- 1.1472161
                                            [WORKER 11] ia=1431, thermal , zout=65.3, eup=  242.04 +- 0.41756648
                                            [WORKER 12] ia=1432, thermal , zout=65.3, eup=  242.35 +- 0.334376323
                                            [WORKER  3] ia=1442, solar   , zout=65.3, eup=  188.55 +- 1.14859911
     Process 11 started calculating ia=1450
     Process 12 started calculating ia=1451
                                            [WORKER  1] ia=1443, solar   , zout=65.3, eup=  191.87 +- 1.14873719
                                            [WORKER 10] ia=1433, thermal , zout=65.3, eup=  241.40 +- 0.401967234
                                            [WORKER 19] ia=1434, thermal , zout=65.3, eup=  241.08 +- 0.389506493
                                            [WORKER  2] ia=1444, solar   , zout=65.3, eup=  200.05 +- 1.12580678
     Process 10 started calculating ia=1452
     Process 19 started calculating ia=1453
                                            [WORKER 16] ia=1445, solar   , zout=65.3, eup=  200.42 +- 1.14785596
                                            [WORKER 18] ia=1446, solar   , zout=65.3, eup=  203.69 +- 1.14779827
                                            [WORKER  4] ia=1436, thermal , zout=65.3, eup=  239.75 +- 0.385442149
                                            [WORKER  9] ia=1435, thermal , zout=65.3, eup=  240.40 +- 0.398104603
                                            [WORKER  6] ia=1447, solar   , zout=65.3, eup=  210.00 +- 1.12943174
     Process 4 started calculating ia=1454
                                            [WORKER 13] ia=1437, thermal , zout=65.3, eup=  240.68 +- 0.360934213
     Process 9 started calculating ia=1455
     Process 13 started calculating ia=1456
                                            [WORKER 15] ia=1438, thermal , zout=65.3, eup=  240.26 +- 0.372930898
                                            [WORKER  7] ia=1448, solar   , zout=65.3, eup=  210.45 +- 1.1288176
                                            [WORKER  8] ia=1439, thermal , zout=65.3, eup=  239.97 +- 0.382111316
                                            [WORKER  5] ia=1449, solar   , zout=65.3, eup=  216.94 +- 1.13473637
     Process 15 started calculating ia=1457
     Process 8 started calculating ia=1458
                                            [WORKER 17] ia=1440, thermal , zout=65.3, eup=  238.85 +- 0.383520814
                                            [WORKER 14] ia=1441, thermal , zout=65.3, eup=  239.16 +- 0.367262751
                                            [WORKER  3] ia=1442, thermal , zout=65.3, eup=  238.05 +- 0.369578853
     Process 17 started calculating ia=1459
     Process 14 started calculating ia=1460
     Process 3 started calculating ia=1461
                                            [WORKER  1] ia=1443, thermal , zout=65.3, eup=  237.33 +- 0.367063055
                                            [WORKER 11] ia=1450, solar   , zout=65.3, eup=  220.79 +- 1.129206
                                            [WORKER 12] ia=1451, solar   , zout=65.3, eup=  219.08 +- 1.12882784
                                            [WORKER  2] ia=1444, thermal , zout=65.3, eup=  236.82 +- 0.372090116
     Process 1 started calculating ia=1462
     Process 2 started calculating ia=1463
                                            [WORKER 16] ia=1445, thermal , zout=65.3, eup=  236.39 +- 0.349846946
                                            [WORKER 10] ia=1452, solar   , zout=65.3, eup=  219.63 +- 1.14483238
                                            [WORKER 19] ia=1453, solar   , zout=65.3, eup=  224.81 +- 1.13574733
                                            [WORKER 18] ia=1446, thermal , zout=65.3, eup=  236.70 +- 0.358306062
                                            [WORKER  6] ia=1447, thermal , zout=65.3, eup=  235.82 +- 0.340104113
     Process 16 started calculating ia=1464
     Process 18 started calculating ia=1465
     Process 6 started calculating ia=1466
                                            [WORKER  4] ia=1454, solar   , zout=65.3, eup=  221.83 +- 1.11582773
                                            [WORKER  9] ia=1455, solar   , zout=65.3, eup=  222.58 +- 1.14546671
                                            [WORKER  7] ia=1448, thermal , zout=65.3, eup=  229.01 +- 0.374289137
                                            [WORKER 13] ia=1456, solar   , zout=65.3, eup=  224.69 +- 1.14203478
                                            [WORKER  5] ia=1449, thermal , zout=65.3, eup=  233.17 +- 0.338755477
     Process 7 started calculating ia=1467
                                            [WORKER 15] ia=1457, solar   , zout=65.3, eup=  223.72 +- 1.12961538
     Process 5 started calculating ia=1468
                                            [WORKER  8] ia=1458, solar   , zout=65.3, eup=  225.20 +- 1.13677449
                                            [WORKER 14] ia=1460, solar   , zout=65.3, eup=  224.82 +- 1.13869868
                                            [WORKER 17] ia=1459, solar   , zout=65.3, eup=  222.35 +- 1.14074294
                                            [WORKER  3] ia=1461, solar   , zout=65.3, eup=  227.60 +- 1.13758256
                                            [WORKER 11] ia=1450, thermal , zout=65.3, eup=  232.95 +- 0.325182883
                                            [WORKER 12] ia=1451, thermal , zout=65.3, eup=  229.58 +- 0.359232729
                                            [WORKER  1] ia=1462, solar   , zout=65.3, eup=  229.07 +- 1.13500391
     Process 11 started calculating ia=1469
     Process 12 started calculating ia=1470
                                            [WORKER  2] ia=1463, solar   , zout=65.3, eup=  229.91 +- 1.13751617
                                            [WORKER 10] ia=1452, thermal , zout=65.3, eup=  232.13 +- 0.325490892
                                            [WORKER 19] ia=1453, thermal , zout=65.3, eup=  232.14 +- 0.320466656
     Process 10 started calculating ia=1471
     Process 19 started calculating ia=1472
                                            [WORKER 16] ia=1464, solar   , zout=65.3, eup=  230.63 +- 1.13011696
                                            [WORKER  4] ia=1454, thermal , zout=65.3, eup=  220.63 +- 0.395526443
                                            [WORKER 18] ia=1465, solar   , zout=65.3, eup=  228.14 +- 1.13822371
                                            [WORKER  9] ia=1455, thermal , zout=65.3, eup=  231.59 +- 0.324922097
                                            [WORKER 13] ia=1456, thermal , zout=65.3, eup=  231.42 +- 0.318148209
                                            [WORKER  6] ia=1466, solar   , zout=65.3, eup=  228.27 +- 1.13537964
     Process 4 started calculating ia=1473
                                            [WORKER 15] ia=1457, thermal , zout=65.3, eup=  226.49 +- 0.359260499
                                            [WORKER  8] ia=1458, thermal , zout=65.3, eup=  230.12 +- 0.320741506
     Process 9 started calculating ia=1474
     Process 13 started calculating ia=1475
                                            [WORKER  7] ia=1467, solar   , zout=65.3, eup=  227.98 +- 1.14793484
                                            [WORKER  5] ia=1468, solar   , zout=65.3, eup=  228.11 +- 1.14783784
     Process 15 started calculating ia=1476
     Process 8 started calculating ia=1477
                                            [WORKER 14] ia=1460, thermal , zout=65.3, eup=  229.11 +- 0.322369923
                                            [WORKER 17] ia=1459, thermal , zout=65.3, eup=  229.45 +- 0.330404628
                                            [WORKER  3] ia=1461, thermal , zout=65.3, eup=  227.76 +- 0.330305428
     Process 14 started calculating ia=1478
     Process 17 started calculating ia=1479
     Process 3 started calculating ia=1480
                                            [WORKER 12] ia=1470, solar   , zout=65.3, eup=  227.76 +- 1.14960913
                                            [WORKER 11] ia=1469, solar   , zout=65.3, eup=  228.82 +- 1.14471767
                                            [WORKER  1] ia=1462, thermal , zout=65.3, eup=  227.33 +- 0.335033676
                                            [WORKER  2] ia=1463, thermal , zout=65.3, eup=  228.15 +- 0.309002075
     Process 1 started calculating ia=1481
     Process 2 started calculating ia=1482
                                            [WORKER 19] ia=1472, solar   , zout=65.3, eup=  228.24 +- 1.14617136
                                            [WORKER 10] ia=1471, solar   , zout=65.3, eup=  230.34 +- 1.14477932
                                            [WORKER 16] ia=1464, thermal , zout=65.3, eup=  225.21 +- 0.341044705
                                            [WORKER 18] ia=1465, thermal , zout=65.3, eup=  224.88 +- 0.330706027
     Process 16 started calculating ia=1483
                                            [WORKER  6] ia=1466, thermal , zout=65.3, eup=  223.54 +- 0.33625068
     Process 18 started calculating ia=1484
     Process 6 started calculating ia=1485
                                            [WORKER  4] ia=1473, solar   , zout=65.3, eup=  226.45 +- 1.15156767
                                            [WORKER  5] ia=1468, thermal , zout=65.3, eup=  227.41 +- 0.298114248
                                            [WORKER  7] ia=1467, thermal , zout=65.3, eup=  227.64 +- 0.29745239
                                            [WORKER 13] ia=1475, solar   , zout=65.3, eup=  222.46 +- 1.15616236
                                            [WORKER  9] ia=1474, solar   , zout=65.3, eup=  224.90 +- 1.15190395
     Process 5 started calculating ia=1486
     Process 7 started calculating ia=1487
                                            [WORKER  8] ia=1477, solar   , zout=65.3, eup=  216.66 +- 1.16346756
                                            [WORKER 15] ia=1476, solar   , zout=65.3, eup=  222.53 +- 1.15394398
                                            [WORKER  3] ia=1480, solar   , zout=65.3, eup=  212.79 +- 1.1612672
                                            [WORKER 14] ia=1478, solar   , zout=65.3, eup=  219.72 +- 1.15850733
                                            [WORKER 17] ia=1479, solar   , zout=65.3, eup=  213.56 +- 1.16534548
                                            [WORKER 11] ia=1469, thermal , zout=65.3, eup=  227.30 +- 0.292530355
                                            [WORKER 12] ia=1470, thermal , zout=65.3, eup=  227.18 +- 0.302375211
                                            [WORKER  1] ia=1481, solar   , zout=65.3, eup=  214.08 +- 1.16090035
     Process 11 started calculating ia=1488
     Process 12 started calculating ia=1489
                                            [WORKER 19] ia=1472, thermal , zout=65.3, eup=  226.99 +- 0.314600857
                                            [WORKER  2] ia=1482, solar   , zout=65.3, eup=  212.99 +- 1.16565432
                                            [WORKER 10] ia=1471, thermal , zout=65.3, eup=  226.82 +- 0.310993821
     Process 19 started calculating ia=1490
     Process 10 started calculating ia=1491
                                            [WORKER 16] ia=1483, solar   , zout=65.3, eup=  216.99 +- 1.16253203
                                            [WORKER  4] ia=1473, thermal , zout=65.3, eup=  227.12 +- 0.316637202
                                            [WORKER 18] ia=1484, solar   , zout=65.3, eup=  215.86 +- 1.16535248
                                            [WORKER  6] ia=1485, solar   , zout=65.3, eup=  221.82 +- 1.16576609
     Process 4 started calculating ia=1492
                                            [WORKER 13] ia=1475, thermal , zout=65.3, eup=  226.55 +- 0.317158535
                                            [WORKER  9] ia=1474, thermal , zout=65.3, eup=  227.30 +- 0.329042005
     Process 13 started calculating ia=1493
                                            [WORKER  5] ia=1486, solar   , zout=65.3, eup=  224.90 +- 1.16623138
                                            [WORKER  7] ia=1487, solar   , zout=65.3, eup=  232.89 +- 1.1590033
                                            [WORKER  8] ia=1477, thermal , zout=65.3, eup=  225.87 +- 0.350460646
     Process 9 started calculating ia=1494
                                            [WORKER 15] ia=1476, thermal , zout=65.3, eup=  226.68 +- 0.327581034
     Process 8 started calculating ia=1495
     Process 15 started calculating ia=1496
                                            [WORKER  3] ia=1480, thermal , zout=65.3, eup=  220.48 +- 0.355985999
                                            [WORKER 17] ia=1479, thermal , zout=65.3, eup=  224.36 +- 0.341238296
                                            [WORKER 14] ia=1478, thermal , zout=65.3, eup=  225.28 +- 0.343190171
     Process 3 started calculating ia=1497
     Process 17 started calculating ia=1498
     Process 14 started calculating ia=1499
                                            [WORKER  1] ia=1481, thermal , zout=65.3, eup=  220.50 +- 0.354295387
     Process 1 started calculating ia=1500
                                            [WORKER 12] ia=1489, solar   , zout=65.3, eup=  241.55 +- 1.15902948
                                            [WORKER  2] ia=1482, thermal , zout=65.3, eup=  219.99 +- 0.363354563
                                            [WORKER 11] ia=1488, solar   , zout=65.3, eup=  237.47 +- 1.14043305
     Process 2 started calculating ia=1501
                                            [WORKER 16] ia=1483, thermal , zout=65.3, eup=  217.54 +- 0.372793401
                                            [WORKER 18] ia=1484, thermal , zout=65.3, eup=  214.84 +- 0.384577555
                                            [WORKER 10] ia=1491, solar   , zout=65.3, eup=  254.35 +- 1.14478234
                                            [WORKER 19] ia=1490, solar   , zout=65.3, eup=  249.60 +- 1.14812206
                                            [WORKER  6] ia=1485, thermal , zout=65.3, eup=  214.14 +- 0.373147502
     Process 16 started calculating ia=1502
     Process 18 started calculating ia=1503
     Process 6 started calculating ia=1504
                                            [WORKER  4] ia=1492, solar   , zout=65.3, eup=  261.15 +- 1.13238001
                                            [WORKER  5] ia=1486, thermal , zout=65.3, eup=  212.87 +- 0.374605209
                                            [WORKER  7] ia=1487, thermal , zout=65.3, eup=  210.81 +- 0.378724713
                                            [WORKER 13] ia=1493, solar   , zout=65.3, eup=  265.14 +- 1.13622648
     Process 5 started calculating ia=1505
     Process 7 started calculating ia=1506
                                            [WORKER  9] ia=1494, solar   , zout=65.3, eup=  271.15 +- 1.11997835
                                            [WORKER  8] ia=1495, solar   , zout=65.3, eup=  275.09 +- 1.1166057
                                            [WORKER 15] ia=1496, solar   , zout=65.3, eup=  275.80 +- 1.11408133
                                            [WORKER  3] ia=1497, solar   , zout=65.3, eup=  280.51 +- 1.10037449
                                            [WORKER 17] ia=1498, solar   , zout=65.3, eup=  284.13 +- 1.09142623
                                            [WORKER 14] ia=1499, solar   , zout=65.3, eup=  285.96 +- 1.09977762
                                            [WORKER 12] ia=1489, thermal , zout=65.3, eup=  207.14 +- 0.385094381
                                            [WORKER 11] ia=1488, thermal , zout=65.3, eup=  205.56 +- 0.388519411
     Process 12 started calculating ia=1507
     Process 11 started calculating ia=1508
                                            [WORKER  1] ia=1500, solar   , zout=65.3, eup=  287.28 +- 1.09684294
                                            [WORKER  2] ia=1501, solar   , zout=65.3, eup=  286.96 +- 1.10340462
                                            [WORKER 19] ia=1490, thermal , zout=65.3, eup=  205.48 +- 0.380749809
                                            [WORKER 10] ia=1491, thermal , zout=65.3, eup=  203.39 +- 0.375778523
     Process 19 started calculating ia=1509
     Process 10 started calculating ia=1510
                                            [WORKER  4] ia=1492, thermal , zout=65.3, eup=  202.43 +- 0.369030305
                                            [WORKER 16] ia=1502, solar   , zout=65.3, eup=  286.68 +- 1.10534867
                                            [WORKER 13] ia=1493, thermal , zout=65.3, eup=  200.76 +- 0.362210285
                                            [WORKER 18] ia=1503, solar   , zout=65.3, eup=  288.51 +- 1.0954058
                                            [WORKER  6] ia=1504, solar   , zout=65.3, eup=  289.94 +- 1.09032892
     Process 4 started calculating ia=1511
     Process 13 started calculating ia=1512
                                            [WORKER  9] ia=1494, thermal , zout=65.3, eup=  199.55 +- 0.367165869
                                            [WORKER  8] ia=1495, thermal , zout=65.3, eup=  198.65 +- 0.357570513
                                            [WORKER 15] ia=1496, thermal , zout=65.3, eup=  198.30 +- 0.353750541
                                            [WORKER  5] ia=1505, solar   , zout=65.3, eup=  288.22 +- 1.09171269
                                            [WORKER  7] ia=1506, solar   , zout=65.3, eup=  288.91 +- 1.08532928
                                            [WORKER  3] ia=1497, thermal , zout=65.3, eup=  196.78 +- 0.344053373
                                            [WORKER 17] ia=1498, thermal , zout=65.3, eup=  195.84 +- 0.331555722
                                            [WORKER 14] ia=1499, thermal , zout=65.3, eup=  194.99 +- 0.336234782
     Process 9 started calculating ia=1513
     Process 8 started calculating ia=1514
     Process 15 started calculating ia=1515
     Process 3 started calculating ia=1516
     Process 17 started calculating ia=1517
                                            [WORKER  1] ia=1500, thermal , zout=65.3, eup=  195.06 +- 0.329985306
     Process 14 started calculating ia=1518
                                            [WORKER  2] ia=1501, thermal , zout=65.3, eup=  195.21 +- 0.316292578
                                            [WORKER 12] ia=1507, solar   , zout=65.3, eup=  286.48 +- 1.09124327
                                            [WORKER 11] ia=1508, solar   , zout=65.3, eup=  280.54 +- 1.07571723
     Process 1 started calculating ia=1519
     Process 2 started calculating ia=1520
                                            [WORKER 10] ia=1510, solar   , zout=65.3, eup=  276.48 +- 1.11179807
                                            [WORKER 19] ia=1509, solar   , zout=65.3, eup=  280.20 +- 1.07665119
                                            [WORKER 16] ia=1502, thermal , zout=65.3, eup=  194.94 +- 0.318002395
                                            [WORKER  6] ia=1504, thermal , zout=65.3, eup=  196.18 +- 0.327410556
                                            [WORKER 18] ia=1503, thermal , zout=65.3, eup=  195.78 +- 0.32569223
     Process 16 started calculating ia=1521
                                            [WORKER  4] ia=1511, solar   , zout=65.3, eup=  270.54 +- 1.13040231
     Process 18 started calculating ia=1522
     Process 6 started calculating ia=1523
                                            [WORKER 13] ia=1512, solar   , zout=65.3, eup=  269.13 +- 1.12229228
                                            [WORKER  5] ia=1505, thermal , zout=65.3, eup=  197.72 +- 0.34091229
                                            [WORKER  7] ia=1506, thermal , zout=65.3, eup=  198.95 +- 0.345675333
     Process 5 started calculating ia=1524
     Process 7 started calculating ia=1525
                                            [WORKER  8] ia=1514, solar   , zout=65.3, eup=  264.99 +- 1.1372683
                                            [WORKER  9] ia=1513, solar   , zout=65.3, eup=  269.09 +- 1.12899373
                                            [WORKER 15] ia=1515, solar   , zout=65.3, eup=  255.28 +- 1.15312582
                                            [WORKER  3] ia=1516, solar   , zout=65.3, eup=  253.43 +- 1.15414779
                                            [WORKER 12] ia=1507, thermal , zout=65.3, eup=  199.44 +- 0.355869926
                                            [WORKER 11] ia=1508, thermal , zout=65.3, eup=  197.57 +- 0.354375878
                                            [WORKER 17] ia=1517, solar   , zout=65.3, eup=  249.12 +- 1.15542403
                                            [WORKER 14] ia=1518, solar   , zout=65.3, eup=  241.23 +- 1.17164706
     Process 12 started calculating ia=1526
                                            [WORKER  1] ia=1519, solar   , zout=65.3, eup=  242.31 +- 1.16831863
     Process 11 started calculating ia=1527
                                            [WORKER  2] ia=1520, solar   , zout=65.3, eup=  240.57 +- 1.16476424
                                            [WORKER 10] ia=1510, thermal , zout=65.3, eup=  203.75 +- 0.371725168
                                            [WORKER 19] ia=1509, thermal , zout=65.3, eup=  196.38 +- 0.356099042
     Process 10 started calculating ia=1528
     Process 19 started calculating ia=1529
                                            [WORKER  4] ia=1511, thermal , zout=65.3, eup=  204.76 +- 0.382525551
                                            [WORKER 13] ia=1512, thermal , zout=65.3, eup=  205.69 +- 0.378443071
                                            [WORKER 16] ia=1521, solar   , zout=65.3, eup=  238.52 +- 1.17425504
     Process 4 started calculating ia=1530
     Process 13 started calculating ia=1531
                                            [WORKER  6] ia=1523, solar   , zout=65.3, eup=  240.16 +- 1.16892425
                                            [WORKER 18] ia=1522, solar   , zout=65.3, eup=  238.84 +- 1.17630926
                                            [WORKER  5] ia=1524, solar   , zout=65.3, eup=  240.14 +- 1.1524262
                                            [WORKER  7] ia=1525, solar   , zout=65.3, eup=  239.31 +- 1.17090271
                                            [WORKER  8] ia=1514, thermal , zout=65.3, eup=  208.96 +- 0.387605556
                                            [WORKER  9] ia=1513, thermal , zout=65.3, eup=  207.64 +- 0.384864969
     Process 8 started calculating ia=1532
                                            [WORKER 15] ia=1515, thermal , zout=65.3, eup=  209.63 +- 0.397069021
                                            [WORKER  3] ia=1516, thermal , zout=65.3, eup=  211.16 +- 0.392684562
     Process 9 started calculating ia=1533
                                            [WORKER 17] ia=1517, thermal , zout=65.3, eup=  214.24 +- 0.39722655
                                            [WORKER 14] ia=1518, thermal , zout=65.3, eup=  213.85 +- 0.393808382
     Process 15 started calculating ia=1534
     Process 3 started calculating ia=1535
     Process 17 started calculating ia=1536
                                            [WORKER  1] ia=1519, thermal , zout=65.3, eup=  215.24 +- 0.387514855
     Process 14 started calculating ia=1537
                                            [WORKER  2] ia=1520, thermal , zout=65.3, eup=  216.46 +- 0.408470741
                                            [WORKER 12] ia=1526, solar   , zout=65.3, eup=  240.03 +- 1.17451942
                                            [WORKER 11] ia=1527, solar   , zout=65.3, eup=  243.44 +- 1.16953736
     Process 1 started calculating ia=1538
     Process 2 started calculating ia=1539
                                            [WORKER 16] ia=1521, thermal , zout=65.3, eup=  216.44 +- 0.397351787
                                            [WORKER 10] ia=1528, solar   , zout=65.3, eup=  240.14 +- 1.17971746
                                            [WORKER 19] ia=1529, solar   , zout=65.3, eup=  242.79 +- 1.17294227
     Process 16 started calculating ia=1540
                                            [WORKER  6] ia=1523, thermal , zout=65.3, eup=  217.08 +- 0.393241284
                                            [WORKER 18] ia=1522, thermal , zout=65.3, eup=  216.66 +- 0.390050179
                                            [WORKER  4] ia=1530, solar   , zout=65.3, eup=  240.92 +- 1.18013033
                                            [WORKER 13] ia=1531, solar   , zout=65.3, eup=  239.48 +- 1.18276662
                                            [WORKER  5] ia=1524, thermal , zout=65.3, eup=  217.05 +- 0.391898293
     Process 6 started calculating ia=1541
                                            [WORKER  7] ia=1525, thermal , zout=65.3, eup=  217.46 +- 0.397270776
     Process 18 started calculating ia=1542
     Process 5 started calculating ia=1543
     Process 7 started calculating ia=1544
                                            [WORKER  8] ia=1532, solar   , zout=65.3, eup=  237.40 +- 1.18273189
                                            [WORKER  9] ia=1533, solar   , zout=65.3, eup=  235.86 +- 1.18312431
                                            [WORKER 15] ia=1534, solar   , zout=65.3, eup=  233.69 +- 1.18387276
                                            [WORKER  3] ia=1535, solar   , zout=65.3, eup=  232.82 +- 1.18053229
                                            [WORKER 11] ia=1527, thermal , zout=65.3, eup=  217.26 +- 0.388892528
                                            [WORKER 12] ia=1526, thermal , zout=65.3, eup=  216.28 +- 0.391934774
                                            [WORKER 17] ia=1536, solar   , zout=65.3, eup=  230.08 +- 1.1841896
                                            [WORKER 14] ia=1537, solar   , zout=65.3, eup=  228.74 +- 1.18278385
     Process 11 started calculating ia=1545
     Process 12 started calculating ia=1546
                                            [WORKER  1] ia=1538, solar   , zout=65.3, eup=  223.99 +- 1.19196299
                                            [WORKER  2] ia=1539, solar   , zout=65.3, eup=  220.35 +- 1.17518656
                                            [WORKER 10] ia=1528, thermal , zout=65.3, eup=  216.34 +- 0.384538981
                                            [WORKER 19] ia=1529, thermal , zout=65.3, eup=  215.48 +- 0.388271183
                                            [WORKER 16] ia=1540, solar   , zout=65.3, eup=  218.10 +- 1.19255161
     Process 10 started calculating ia=1547
     Process 19 started calculating ia=1548
                                            [WORKER  4] ia=1530, thermal , zout=65.3, eup=  215.79 +- 0.389879297
                                            [WORKER 13] ia=1531, thermal , zout=65.3, eup=  215.01 +- 0.39077098
                                            [WORKER  6] ia=1541, solar   , zout=65.3, eup=  214.55 +- 1.18534047
                                            [WORKER  8] ia=1532, thermal , zout=65.3, eup=  216.02 +- 0.395023417
     Process 4 started calculating ia=1549
     Process 13 started calculating ia=1550
                                            [WORKER 18] ia=1542, solar   , zout=65.3, eup=  212.33 +- 1.18332747
                                            [WORKER  5] ia=1543, solar   , zout=65.3, eup=  207.90 +- 1.19441174
                                            [WORKER  7] ia=1544, solar   , zout=65.3, eup=  205.98 +- 1.1816266
                                            [WORKER  9] ia=1533, thermal , zout=65.3, eup=  216.98 +- 0.406640159
     Process 8 started calculating ia=1551
                                            [WORKER 15] ia=1534, thermal , zout=65.3, eup=  218.60 +- 0.414467631
                                            [WORKER  3] ia=1535, thermal , zout=65.3, eup=  219.47 +- 0.408209915
     Process 9 started calculating ia=1552
     Process 15 started calculating ia=1553
     Process 3 started calculating ia=1554
                                            [WORKER 17] ia=1536, thermal , zout=65.3, eup=  220.30 +- 0.41665854
                                            [WORKER 14] ia=1537, thermal , zout=65.3, eup=  221.34 +- 0.419555788
     Process 17 started calculating ia=1555
     Process 14 started calculating ia=1556
                                            [WORKER 11] ia=1545, solar   , zout=65.3, eup=  199.90 +- 1.18479154
                                            [WORKER 12] ia=1546, solar   , zout=65.3, eup=  190.42 +- 1.18281121
                                            [WORKER  1] ia=1538, thermal , zout=65.3, eup=  223.16 +- 0.4301458
                                            [WORKER  2] ia=1539, thermal , zout=65.3, eup=  224.01 +- 0.427836036
     Process 1 started calculating ia=1557
     Process 2 started calculating ia=1558
                                            [WORKER 16] ia=1540, thermal , zout=65.3, eup=  224.75 +- 0.426388491
                                            [WORKER 10] ia=1547, solar   , zout=65.3, eup=  186.27 +- 1.17636094
     Process 16 started calculating ia=1559
                                            [WORKER 19] ia=1548, solar   , zout=65.3, eup=  178.54 +- 1.17376912
                                            [WORKER 13] ia=1550, solar   , zout=65.3, eup=  171.83 +- 1.15906671
                                            [WORKER  4] ia=1549, solar   , zout=65.3, eup=  173.06 +- 1.16457376
                                            [WORKER  6] ia=1541, thermal , zout=65.3, eup=  222.59 +- 0.450885302
                                            [WORKER  5] ia=1543, thermal , zout=65.3, eup=  229.01 +- 0.42580286
                                            [WORKER 18] ia=1542, thermal , zout=65.3, eup=  227.46 +- 0.431187025
     Process 6 started calculating ia=1560
                                            [WORKER  7] ia=1544, thermal , zout=65.3, eup=  227.28 +- 0.446654756
                                            [WORKER  8] ia=1551, solar   , zout=65.3, eup=  154.80 +- 1.15403882
     Process 5 started calculating ia=1561
     Process 18 started calculating ia=1562
     Process 7 started calculating ia=1563
                                            [WORKER  3] ia=1554, solar   , zout=65.3, eup=  134.77 +- 1.13231011
                                            [WORKER  9] ia=1552, solar   , zout=65.3, eup=  150.31 +- 1.15405968
                                            [WORKER 15] ia=1553, solar   , zout=65.3, eup=  140.84 +- 1.13825015
                                            [WORKER 14] ia=1556, solar   , zout=65.3, eup=  124.75 +- 1.12264275
                                            [WORKER 17] ia=1555, solar   , zout=65.3, eup=  127.95 +- 1.12563364
                                            [WORKER 11] ia=1545, thermal , zout=65.3, eup=  228.86 +- 0.455673467
                                            [WORKER 12] ia=1546, thermal , zout=65.3, eup=  231.19 +- 0.446876907
                                            [WORKER 10] ia=1547, thermal , zout=65.3, eup=  232.94 +- 0.445841442
                                            [WORKER  1] ia=1557, solar   , zout=65.3, eup=  123.04 +- 1.11109544
                                            [WORKER  2] ia=1558, solar   , zout=65.3, eup=  120.75 +- 1.10339387
                                            [WORKER 19] ia=1548, thermal , zout=65.3, eup=  233.56 +- 0.454861864
                                            [WORKER 16] ia=1559, solar   , zout=65.3, eup=  114.90 +- 1.09810019
     Process 11 started calculating ia=1564
     Process 12 started calculating ia=1565
     Process 10 started calculating ia=1566
                                            [WORKER  4] ia=1549, thermal , zout=65.3, eup=  234.02 +- 0.451622527
                                            [WORKER 13] ia=1550, thermal , zout=65.3, eup=  236.67 +- 0.461030918
     Process 19 started calculating ia=1567
                                            [WORKER  6] ia=1560, solar   , zout=65.3, eup=  114.42 +- 1.08639506
                                            [WORKER  5] ia=1561, solar   , zout=65.3, eup=  108.55 +- 1.08687447
                                            [WORKER 18] ia=1562, solar   , zout=65.3, eup=  105.56 +- 1.0805813
                                            [WORKER  8] ia=1551, thermal , zout=65.3, eup=  239.33 +- 0.481525484
     Process 4 started calculating ia=1568
     Process 13 started calculating ia=1569
                                            [WORKER  7] ia=1563, solar   , zout=65.3, eup=  101.15 +- 1.07022434
                                            [WORKER  3] ia=1554, thermal , zout=65.3, eup=  243.38 +- 0.471219693
                                            [WORKER 15] ia=1553, thermal , zout=65.3, eup=  242.32 +- 0.484099818
                                            [WORKER  9] ia=1552, thermal , zout=65.3, eup=  241.47 +- 0.464050177
     Process 8 started calculating ia=1570
     Process 3 started calculating ia=1571
                                            [WORKER 14] ia=1556, thermal , zout=65.3, eup=  246.49 +- 0.468276659
                                            [WORKER 17] ia=1555, thermal , zout=65.3, eup=  244.86 +- 0.488879318
     Process 15 started calculating ia=1572
     Process 9 started calculating ia=1573
     Process 14 started calculating ia=1574
     Process 17 started calculating ia=1575
                                            [WORKER 12] ia=1565, solar   , zout=65.3, eup=   97.41 +- 1.0657271
                                            [WORKER 11] ia=1564, solar   , zout=65.3, eup=   98.36 +- 1.06247161
                                            [WORKER  1] ia=1557, thermal , zout=65.3, eup=  243.40 +- 0.507755335
                                            [WORKER  2] ia=1558, thermal , zout=65.3, eup=  243.49 +- 0.522535287
                                            [WORKER 16] ia=1559, thermal , zout=65.3, eup=  246.67 +- 0.520631214
     Process 1 started calculating ia=1576
                                            [WORKER 10] ia=1566, solar   , zout=65.3, eup=   93.81 +- 1.05244462
     Process 2 started calculating ia=1577
     Process 16 started calculating ia=1578
                                            [WORKER 19] ia=1567, solar   , zout=65.3, eup=   91.12 +- 1.03406729
                                            [WORKER  4] ia=1568, solar   , zout=65.3, eup=   90.87 +- 1.03932783
                                            [WORKER 13] ia=1569, solar   , zout=65.3, eup=   92.10 +- 1.04887461
                                            [WORKER  6] ia=1560, thermal , zout=65.3, eup=  243.00 +- 0.519310065
                                            [WORKER  5] ia=1561, thermal , zout=65.3, eup=  248.05 +- 0.490560324
                                            [WORKER 18] ia=1562, thermal , zout=65.3, eup=  245.86 +- 0.512815886
     Process 6 started calculating ia=1579
                                            [WORKER  7] ia=1563, thermal , zout=65.3, eup=  247.35 +- 0.524855359
     Process 5 started calculating ia=1580
     Process 18 started calculating ia=1581
     Process 7 started calculating ia=1582
                                            [WORKER  8] ia=1570, solar   , zout=65.3, eup=   97.79 +- 1.06713378
                                            [WORKER  3] ia=1571, solar   , zout=65.3, eup=  100.80 +- 1.0698318
                                            [WORKER 15] ia=1572, solar   , zout=65.3, eup=  105.12 +- 1.08196278
                                            [WORKER 12] ia=1565, thermal , zout=65.3, eup=  248.11 +- 0.532244369
                                            [WORKER  9] ia=1573, solar   , zout=65.3, eup=  109.02 +- 1.09350343
                                            [WORKER 11] ia=1564, thermal , zout=65.3, eup=  248.02 +- 0.526126276
                                            [WORKER 17] ia=1575, solar   , zout=65.3, eup=  119.21 +- 1.11003668
                                            [WORKER 14] ia=1574, solar   , zout=65.3, eup=  116.49 +- 1.10964372
     Process 12 started calculating ia=1583
     Process 11 started calculating ia=1584
                                            [WORKER 10] ia=1566, thermal , zout=65.3, eup=  248.92 +- 0.544354407
                                            [WORKER  1] ia=1576, solar   , zout=65.3, eup=  122.79 +- 1.11413697
                                            [WORKER 19] ia=1567, thermal , zout=65.3, eup=  249.66 +- 0.506283821
                                            [WORKER 16] ia=1578, solar   , zout=65.3, eup=  133.33 +- 1.14180345
                                            [WORKER  2] ia=1577, solar   , zout=65.3, eup=  128.55 +- 1.13554358
     Process 10 started calculating ia=1585
                                            [WORKER  4] ia=1568, thermal , zout=65.3, eup=  248.96 +- 0.533487628
                                            [WORKER 13] ia=1569, thermal , zout=65.3, eup=  248.95 +- 0.551994961
     Process 19 started calculating ia=1586
     Process 4 started calculating ia=1587
     Process 13 started calculating ia=1588
                                            [WORKER  6] ia=1579, solar   , zout=65.3, eup=  137.92 +- 1.1456844
                                            [WORKER  5] ia=1580, solar   , zout=65.3, eup=  140.70 +- 1.14934219
                                            [WORKER 18] ia=1581, solar   , zout=65.3, eup=  142.96 +- 1.15788864
                                            [WORKER  7] ia=1582, solar   , zout=65.3, eup=  149.54 +- 1.16676074
                                            [WORKER  8] ia=1570, thermal , zout=65.3, eup=  250.19 +- 0.504323151
                                            [WORKER  3] ia=1571, thermal , zout=65.3, eup=  248.70 +- 0.515273726
                                            [WORKER 15] ia=1572, thermal , zout=65.3, eup=  249.05 +- 0.497574331
     Process 8 started calculating ia=1589
     Process 3 started calculating ia=1590
                                            [WORKER  9] ia=1573, thermal , zout=65.3, eup=  248.12 +- 0.510641901
     Process 15 started calculating ia=1591
                                            [WORKER 17] ia=1575, thermal , zout=65.3, eup=  247.79 +- 0.48789873
                                            [WORKER 14] ia=1574, thermal , zout=65.3, eup=  248.95 +- 0.473729295
                                            [WORKER 12] ia=1583, solar   , zout=65.3, eup=  155.41 +- 1.17364409
                                            [WORKER 11] ia=1584, solar   , zout=65.3, eup=  162.78 +- 1.17852059
     Process 9 started calculating ia=1592
     Process 17 started calculating ia=1593
     Process 14 started calculating ia=1594
                                            [WORKER  1] ia=1576, thermal , zout=65.3, eup=  247.35 +- 0.467489901
                                            [WORKER 16] ia=1578, thermal , zout=65.3, eup=  246.47 +- 0.451601988
                                            [WORKER  2] ia=1577, thermal , zout=65.3, eup=  247.47 +- 0.449951106
     Process 1 started calculating ia=1595
                                            [WORKER 10] ia=1585, solar   , zout=65.3, eup=  170.94 +- 1.18865093
     Process 16 started calculating ia=1596
                                            [WORKER 19] ia=1586, solar   , zout=65.3, eup=  179.08 +- 1.19346206
     Process 2 started calculating ia=1597
                                            [WORKER  6] ia=1579, thermal , zout=65.3, eup=  246.21 +- 0.453249585
                                            [WORKER  4] ia=1587, solar   , zout=65.3, eup=  187.98 +- 1.19952657
                                            [WORKER 13] ia=1588, solar   , zout=65.3, eup=  194.66 +- 1.20240083
                                            [WORKER  5] ia=1580, thermal , zout=65.3, eup=  246.73 +- 0.437501465
                                            [WORKER 18] ia=1581, thermal , zout=65.3, eup=  245.93 +- 0.439482845
                                            [WORKER  7] ia=1582, thermal , zout=65.3, eup=  244.79 +- 0.441180855
     Process 6 started calculating ia=1598
     Process 5 started calculating ia=1599
     Process 18 started calculating ia=1600
     Process 7 started calculating ia=1601
                                            [WORKER  3] ia=1590, solar   , zout=65.3, eup=  212.93 +- 1.20683025
                                            [WORKER 12] ia=1583, thermal , zout=65.3, eup=  245.44 +- 0.411529205
                                            [WORKER  8] ia=1589, solar   , zout=65.3, eup=  206.26 +- 1.20500551
                                            [WORKER 11] ia=1584, thermal , zout=65.3, eup=  244.49 +- 0.413052298
                                            [WORKER 15] ia=1591, solar   , zout=65.3, eup=  217.62 +- 1.20704202
     Process 12 started calculating ia=1602
     Process 11 started calculating ia=1603
                                            [WORKER  9] ia=1592, solar   , zout=65.3, eup=  225.76 +- 1.20526577
                                            [WORKER 17] ia=1593, solar   , zout=65.3, eup=  233.68 +- 1.19905561
                                            [WORKER 14] ia=1594, solar   , zout=65.3, eup=  238.24 +- 1.19412202
                                            [WORKER  1] ia=1595, solar   , zout=65.3, eup=  237.20 +- 1.19869815
                                            [WORKER 10] ia=1585, thermal , zout=65.3, eup=  244.40 +- 0.394376932
                                            [WORKER 16] ia=1596, solar   , zout=65.3, eup=  240.42 +- 1.19337161
     Process 10 started calculating ia=1604
                                            [WORKER  2] ia=1597, solar   , zout=65.3, eup=  241.21 +- 1.19749834
                                            [WORKER 19] ia=1586, thermal , zout=65.3, eup=  244.10 +- 0.368424887
     Process 19 started calculating ia=1605
                                            [WORKER  4] ia=1587, thermal , zout=65.3, eup=  243.11 +- 0.356028504
                                            [WORKER 13] ia=1588, thermal , zout=65.3, eup=  243.47 +- 0.329932085
     Process 4 started calculating ia=1606
     Process 13 started calculating ia=1607
                                            [WORKER  6] ia=1598, solar   , zout=65.3, eup=  246.82 +- 1.17824492
                                            [WORKER  5] ia=1599, solar   , zout=65.3, eup=  247.30 +- 1.19238951
                                            [WORKER 18] ia=1600, solar   , zout=65.3, eup=  248.60 +- 1.1877524
                                            [WORKER  7] ia=1601, solar   , zout=65.3, eup=  250.42 +- 1.18982564
                                            [WORKER  3] ia=1590, thermal , zout=65.3, eup=  243.10 +- 0.296613289
                                            [WORKER  8] ia=1589, thermal , zout=65.3, eup=  242.86 +- 0.352564634
                                            [WORKER 15] ia=1591, thermal , zout=65.3, eup=  241.76 +- 0.314201207
     Process 3 started calculating ia=1608
                                            [WORKER 14] ia=1594, thermal , zout=65.3, eup=  240.57 +- 0.302795982
                                            [WORKER 17] ia=1593, thermal , zout=65.3, eup=  240.80 +- 0.303653479
                                            [WORKER  9] ia=1592, thermal , zout=65.3, eup=  241.58 +- 0.291024995
     Process 8 started calculating ia=1609
                                            [WORKER 12] ia=1602, solar   , zout=65.3, eup=  250.88 +- 1.18077174
     Process 15 started calculating ia=1610
                                            [WORKER 11] ia=1603, solar   , zout=65.3, eup=  253.60 +- 1.186891
     Process 14 started calculating ia=1611
     Process 17 started calculating ia=1612
     Process 9 started calculating ia=1613
                                            [WORKER  1] ia=1595, thermal , zout=65.3, eup=  240.44 +- 0.294531115
                                            [WORKER 16] ia=1596, thermal , zout=65.3, eup=  241.04 +- 0.282571773
                                            [WORKER  2] ia=1597, thermal , zout=65.3, eup=  240.51 +- 0.284854023
                                            [WORKER 10] ia=1604, solar   , zout=65.3, eup=  253.25 +- 1.15003965
     Process 1 started calculating ia=1614
     Process 16 started calculating ia=1615
                                            [WORKER 19] ia=1605, solar   , zout=65.3, eup=  253.17 +- 1.16627139
     Process 2 started calculating ia=1616
                                            [WORKER  6] ia=1598, thermal , zout=65.3, eup=  240.70 +- 0.29762054
                                            [WORKER  5] ia=1599, thermal , zout=65.3, eup=  240.72 +- 0.278681016
                                            [WORKER  4] ia=1606, solar   , zout=65.3, eup=  255.37 +- 1.14807845
                                            [WORKER 13] ia=1607, solar   , zout=65.3, eup=  253.95 +- 1.15463949
     Process 6 started calculating ia=1617
                                            [WORKER 18] ia=1600, thermal , zout=65.3, eup=  240.29 +- 0.276031061
     Process 5 started calculating ia=1618
                                            [WORKER  7] ia=1601, thermal , zout=65.3, eup=  240.02 +- 0.29136042
     Process 18 started calculating ia=1619
     Process 7 started calculating ia=1620
                                            [WORKER  3] ia=1608, solar   , zout=65.3, eup=  257.70 +- 1.18375882
                                            [WORKER  8] ia=1609, solar   , zout=65.3, eup=  258.57 +- 1.17985443
                                            [WORKER 15] ia=1610, solar   , zout=65.3, eup=  258.46 +- 1.17673213
                                            [WORKER 12] ia=1602, thermal , zout=65.3, eup=  239.83 +- 0.26979
                                            [WORKER 11] ia=1603, thermal , zout=65.3, eup=  240.05 +- 0.278427973
     Process 12 started calculating ia=1621
     Process 11 started calculating ia=1622
                                            [WORKER 14] ia=1611, solar   , zout=65.3, eup=  257.17 +- 1.18493632
                                            [WORKER 17] ia=1612, solar   , zout=65.3, eup=  259.46 +- 1.17488459
                                            [WORKER  9] ia=1613, solar   , zout=65.3, eup=  258.29 +- 1.18313731
                                            [WORKER 10] ia=1604, thermal , zout=65.3, eup=  238.34 +- 0.270914248
                                            [WORKER  1] ia=1614, solar   , zout=65.3, eup=  254.71 +- 1.18805456
                                            [WORKER 16] ia=1615, solar   , zout=65.3, eup=  255.44 +- 1.17737049
     Process 10 started calculating ia=1623
                                            [WORKER  2] ia=1616, solar   , zout=65.3, eup=  253.00 +- 1.1893116
                                            [WORKER 19] ia=1605, thermal , zout=65.3, eup=  238.53 +- 0.291942095
                                            [WORKER 13] ia=1607, thermal , zout=65.3, eup=  238.19 +- 0.292371
                                            [WORKER  4] ia=1606, thermal , zout=65.3, eup=  238.78 +- 0.272919969
     Process 19 started calculating ia=1624
                                            [WORKER  6] ia=1617, solar   , zout=65.3, eup=  250.80 +- 1.19506464
                                            [WORKER  3] ia=1608, thermal , zout=65.3, eup=  239.88 +- 0.299942991
     Process 4 started calculating ia=1625
     Process 13 started calculating ia=1626
                                            [WORKER  5] ia=1618, solar   , zout=65.3, eup=  249.05 +- 1.17281792
                                            [WORKER 18] ia=1619, solar   , zout=65.3, eup=  249.98 +- 1.18380635
                                            [WORKER  7] ia=1620, solar   , zout=65.3, eup=  252.93 +- 1.18162161
                                            [WORKER  8] ia=1609, thermal , zout=65.3, eup=  239.34 +- 0.314820993
     Process 3 started calculating ia=1627
                                            [WORKER 15] ia=1610, thermal , zout=65.3, eup=  239.31 +- 0.316585502
     Process 8 started calculating ia=1628
     Process 15 started calculating ia=1629
                                            [WORKER 17] ia=1612, thermal , zout=65.3, eup=  239.80 +- 0.306160168
                                            [WORKER 14] ia=1611, thermal , zout=65.3, eup=  239.96 +- 0.301377251
                                            [WORKER 12] ia=1621, solar   , zout=65.3, eup=  253.12 +- 1.18453026
                                            [WORKER 11] ia=1622, solar   , zout=65.3, eup=  249.45 +- 1.1935149
                                            [WORKER  9] ia=1613, thermal , zout=65.3, eup=  239.54 +- 0.31604532
     Process 17 started calculating ia=1630
     Process 14 started calculating ia=1631
     Process 9 started calculating ia=1632
                                            [WORKER  1] ia=1614, thermal , zout=65.3, eup=  239.37 +- 0.318801397
                                            [WORKER 16] ia=1615, thermal , zout=65.3, eup=  239.64 +- 0.309082031
                                            [WORKER 10] ia=1623, solar   , zout=65.3, eup=  253.30 +- 1.18982514
                                            [WORKER  2] ia=1616, thermal , zout=65.3, eup=  239.31 +- 0.327222229
     Process 1 started calculating ia=1633
     Process 16 started calculating ia=1634
     Process 2 started calculating ia=1635
                                            [WORKER 19] ia=1624, solar   , zout=65.3, eup=  248.06 +- 1.19530731
                                            [WORKER  6] ia=1617, thermal , zout=65.3, eup=  239.46 +- 0.317918378
                                            [WORKER  5] ia=1618, thermal , zout=65.3, eup=  237.73 +- 0.342209442
                                            [WORKER  4] ia=1625, solar   , zout=65.3, eup=  251.96 +- 1.18602249
     Process 6 started calculating ia=1636
                                            [WORKER 13] ia=1626, solar   , zout=65.3, eup=  254.60 +- 1.18593977
     Process 5 started calculating ia=1637
                                            [WORKER  3] ia=1627, solar   , zout=65.3, eup=  253.01 +- 1.19193719
                                            [WORKER 18] ia=1619, thermal , zout=65.3, eup=  238.27 +- 0.340641412
                                            [WORKER  7] ia=1620, thermal , zout=65.3, eup=  238.69 +- 0.341064803
     Process 18 started calculating ia=1638
     Process 7 started calculating ia=1639
                                            [WORKER  8] ia=1628, solar   , zout=65.3, eup=  252.76 +- 1.18703562
                                            [WORKER 15] ia=1629, solar   , zout=65.3, eup=  256.25 +- 1.18232548
                                            [WORKER 12] ia=1621, thermal , zout=65.3, eup=  238.40 +- 0.347576218
                                            [WORKER 11] ia=1622, thermal , zout=65.3, eup=  238.48 +- 0.343867195
     Process 12 started calculating ia=1640
     Process 11 started calculating ia=1641
                                            [WORKER 17] ia=1630, solar   , zout=65.3, eup=  249.03 +- 1.20338843
                                            [WORKER 14] ia=1631, solar   , zout=65.3, eup=  252.72 +- 1.1964198
                                            [WORKER 10] ia=1623, thermal , zout=65.3, eup=  238.91 +- 0.348316979
                                            [WORKER  9] ia=1632, solar   , zout=65.3, eup=  251.75 +- 1.19996833
                                            [WORKER  1] ia=1633, solar   , zout=65.3, eup=  251.53 +- 1.20559404
                                            [WORKER 16] ia=1634, solar   , zout=65.3, eup=  254.48 +- 1.19860441
     Process 10 started calculating ia=1642
                                            [WORKER  2] ia=1635, solar   , zout=65.3, eup=  256.07 +- 1.19713663
                                            [WORKER 19] ia=1624, thermal , zout=65.3, eup=  237.82 +- 0.376441826
     Process 19 started calculating ia=1643
                                            [WORKER  4] ia=1625, thermal , zout=65.3, eup=  238.18 +- 0.358497086
                                            [WORKER 13] ia=1626, thermal , zout=65.3, eup=  237.49 +- 0.372840565
                                            [WORKER  6] ia=1636, solar   , zout=65.3, eup=  257.48 +- 1.19769593
                                            [WORKER  5] ia=1637, solar   , zout=65.3, eup=  261.85 +- 1.18795221
                                            [WORKER  3] ia=1627, thermal , zout=65.3, eup=  237.20 +- 0.371058713
     Process 4 started calculating ia=1644
     Process 13 started calculating ia=1645
     Process 3 started calculating ia=1646
                                            [WORKER 18] ia=1638, solar   , zout=65.3, eup=  262.61 +- 1.19137088
                                            [WORKER  8] ia=1628, thermal , zout=65.3, eup=  236.48 +- 0.383845958
                                            [WORKER 15] ia=1629, thermal , zout=65.3, eup=  234.45 +- 0.397522868
                                            [WORKER  7] ia=1639, solar   , zout=65.3, eup=  262.42 +- 1.19034522
     Process 8 started calculating ia=1647
     Process 15 started calculating ia=1648
                                            [WORKER 12] ia=1640, solar   , zout=65.3, eup=  264.61 +- 1.19180376
                                            [WORKER 11] ia=1641, solar   , zout=65.3, eup=  267.05 +- 1.18180894
                                            [WORKER 17] ia=1630, thermal , zout=65.3, eup=  233.69 +- 0.407306325
                                            [WORKER 14] ia=1631, thermal , zout=65.3, eup=  233.33 +- 0.410975428
     Process 17 started calculating ia=1649
     Process 14 started calculating ia=1650
                                            [WORKER  9] ia=1632, thermal , zout=65.3, eup=  232.75 +- 0.404965829
                                            [WORKER 10] ia=1642, solar   , zout=65.3, eup=  263.71 +- 1.19823587
                                            [WORKER 16] ia=1634, thermal , zout=65.3, eup=  230.92 +- 0.408948464
                                            [WORKER  1] ia=1633, thermal , zout=65.3, eup=  231.07 +- 0.419504144
     Process 9 started calculating ia=1651
                                            [WORKER  2] ia=1635, thermal , zout=65.3, eup=  228.61 +- 0.422976962
     Process 16 started calculating ia=1652
     Process 1 started calculating ia=1653
     Process 2 started calculating ia=1654
                                            [WORKER  6] ia=1636, thermal , zout=65.3, eup=  229.18 +- 0.416093094
                                            [WORKER 19] ia=1643, solar   , zout=65.3, eup=  267.27 +- 1.18934593
                                            [WORKER  5] ia=1637, thermal , zout=65.3, eup=  227.75 +- 0.424624596
     Process 6 started calculating ia=1655
     Process 5 started calculating ia=1656
                                            [WORKER  4] ia=1644, solar   , zout=65.3, eup=  264.75 +- 1.19399763
                                            [WORKER 13] ia=1645, solar   , zout=65.3, eup=  268.29 +- 1.17426829
                                            [WORKER  3] ia=1646, solar   , zout=65.3, eup=  268.55 +- 1.18551957
                                            [WORKER 18] ia=1638, thermal , zout=65.3, eup=  226.13 +- 0.433176768
                                            [WORKER  7] ia=1639, thermal , zout=65.3, eup=  225.20 +- 0.438646093
     Process 18 started calculating ia=1657
                                            [WORKER  8] ia=1647, solar   , zout=65.3, eup=  268.42 +- 1.18634183
                                            [WORKER 15] ia=1648, solar   , zout=65.3, eup=  265.50 +- 1.14447584
     Process 7 started calculating ia=1658
                                            [WORKER 12] ia=1640, thermal , zout=65.3, eup=  224.83 +- 0.437909582
                                            [WORKER 11] ia=1641, thermal , zout=65.3, eup=  224.90 +- 0.442840727
     Process 12 started calculating ia=1659
     Process 11 started calculating ia=1660
                                            [WORKER 17] ia=1649, solar   , zout=65.3, eup=  269.73 +- 1.18649631
                                            [WORKER 10] ia=1642, thermal , zout=65.3, eup=  224.75 +- 0.435457434
                                            [WORKER 14] ia=1650, solar   , zout=65.3, eup=  268.78 +- 1.19063561
     Process 10 started calculating ia=1661
                                            [WORKER  9] ia=1651, solar   , zout=65.3, eup=  269.61 +- 1.18346613
                                            [WORKER 16] ia=1652, solar   , zout=65.3, eup=  267.34 +- 1.19280199
                                            [WORKER  1] ia=1653, solar   , zout=65.3, eup=  267.54 +- 1.19434547
                                            [WORKER  2] ia=1654, solar   , zout=65.3, eup=  266.21 +- 1.19366801
                                            [WORKER 19] ia=1643, thermal , zout=65.3, eup=  223.49 +- 0.434350753
     Process 19 started calculating ia=1662
                                            [WORKER  6] ia=1655, solar   , zout=65.3, eup=  265.00 +- 1.19694612
                                            [WORKER  5] ia=1656, solar   , zout=65.3, eup=  262.59 +- 1.19707061
                                            [WORKER  4] ia=1644, thermal , zout=65.3, eup=  223.49 +- 0.444893406
                                            [WORKER 13] ia=1645, thermal , zout=65.3, eup=  222.77 +- 0.439769546
                                            [WORKER  3] ia=1646, thermal , zout=65.3, eup=  223.26 +- 0.444090824
     Process 4 started calculating ia=1663
     Process 13 started calculating ia=1664
     Process 3 started calculating ia=1665
                                            [WORKER 15] ia=1648, thermal , zout=65.3, eup=  223.19 +- 0.437014054
                                            [WORKER  8] ia=1647, thermal , zout=65.3, eup=  223.52 +- 0.444879187
                                            [WORKER 18] ia=1657, solar   , zout=65.3, eup=  263.73 +- 1.18903653
                                            [WORKER  7] ia=1658, solar   , zout=65.3, eup=  260.65 +- 1.2007591
     Process 8 started calculating ia=1666
     Process 15 started calculating ia=1667
                                            [WORKER 17] ia=1649, thermal , zout=65.3, eup=  222.94 +- 0.449326345
                                            [WORKER 14] ia=1650, thermal , zout=65.3, eup=  223.35 +- 0.438837629
                                            [WORKER 12] ia=1659, solar   , zout=65.3, eup=  262.72 +- 1.18778652
                                            [WORKER 11] ia=1660, solar   , zout=65.3, eup=  257.15 +- 1.20466916
                                            [WORKER  9] ia=1651, thermal , zout=65.3, eup=  223.85 +- 0.440687861
                                            [WORKER 10] ia=1661, solar   , zout=65.3, eup=  254.29 +- 1.20255187
     Process 17 started calculating ia=1668
     Process 14 started calculating ia=1669
                                            [WORKER 16] ia=1652, thermal , zout=65.3, eup=  223.24 +- 0.446702695
                                            [WORKER  1] ia=1653, thermal , zout=65.3, eup=  224.35 +- 0.448563205
                                            [WORKER  2] ia=1654, thermal , zout=65.3, eup=  226.29 +- 0.434071904
     Process 9 started calculating ia=1670
                                            [WORKER  6] ia=1655, thermal , zout=65.3, eup=  225.90 +- 0.45004308
                                            [WORKER  5] ia=1656, thermal , zout=65.3, eup=  226.15 +- 0.442206055
                                            [WORKER 19] ia=1662, solar   , zout=65.3, eup=  252.61 +- 1.20058917
     Process 16 started calculating ia=1671
     Process 1 started calculating ia=1672
     Process 2 started calculating ia=1673
     Process 6 started calculating ia=1674
     Process 5 started calculating ia=1675
                                            [WORKER  3] ia=1665, solar   , zout=65.3, eup=  249.00 +- 1.19528448
                                            [WORKER  4] ia=1663, solar   , zout=65.3, eup=  249.20 +- 1.20833313
                                            [WORKER 13] ia=1664, solar   , zout=65.3, eup=  245.18 +- 1.21613163
                                            [WORKER 18] ia=1657, thermal , zout=65.3, eup=  225.68 +- 0.449701614
                                            [WORKER  7] ia=1658, thermal , zout=65.3, eup=  225.12 +- 0.44970216
     Process 18 started calculating ia=1676
     Process 7 started calculating ia=1677
                                            [WORKER 15] ia=1667, solar   , zout=65.3, eup=  244.74 +- 1.21911224
                                            [WORKER  8] ia=1666, solar   , zout=65.3, eup=  245.07 +- 1.21070638
                                            [WORKER 11] ia=1660, thermal , zout=65.3, eup=  221.95 +- 0.454558014
                                            [WORKER 12] ia=1659, thermal , zout=65.3, eup=  224.28 +- 0.445815505
                                            [WORKER 10] ia=1661, thermal , zout=65.3, eup=  220.78 +- 0.461191608
     Process 11 started calculating ia=1678
     Process 12 started calculating ia=1679
                                            [WORKER 17] ia=1668, solar   , zout=65.3, eup=  244.89 +- 1.23252503
                                            [WORKER 14] ia=1669, solar   , zout=65.3, eup=  247.55 +- 1.23127899
     Process 10 started calculating ia=1680
                                            [WORKER 19] ia=1662, thermal , zout=65.3, eup=  219.92 +- 0.462777168
                                            [WORKER  9] ia=1670, solar   , zout=65.3, eup=  249.36 +- 1.22050345
                                            [WORKER 16] ia=1671, solar   , zout=65.3, eup=  254.34 +- 1.22630618
                                            [WORKER  1] ia=1672, solar   , zout=65.3, eup=  256.93 +- 1.21506873
                                            [WORKER  2] ia=1673, solar   , zout=65.3, eup=  258.27 +- 1.22719917
     Process 19 started calculating ia=1681
                                            [WORKER  6] ia=1674, solar   , zout=65.3, eup=  263.44 +- 1.22068994
                                            [WORKER  3] ia=1665, thermal , zout=65.3, eup=  214.38 +- 0.480161693
                                            [WORKER 13] ia=1664, thermal , zout=65.3, eup=  218.64 +- 0.473163506
                                            [WORKER  5] ia=1675, solar   , zout=65.3, eup=  268.13 +- 1.21563621
                                            [WORKER  4] ia=1663, thermal , zout=65.3, eup=  219.29 +- 0.466319219
     Process 3 started calculating ia=1682
     Process 13 started calculating ia=1683
     Process 4 started calculating ia=1684
                                            [WORKER 15] ia=1667, thermal , zout=65.3, eup=  214.07 +- 0.479710547
                                            [WORKER  8] ia=1666, thermal , zout=65.3, eup=  211.53 +- 0.486272847
                                            [WORKER 18] ia=1676, solar   , zout=65.3, eup=  269.34 +- 1.22035679
                                            [WORKER  7] ia=1677, solar   , zout=65.3, eup=  275.29 +- 1.21625959
     Process 15 started calculating ia=1685
     Process 8 started calculating ia=1686
                                            [WORKER 11] ia=1678, solar   , zout=65.3, eup=  282.97 +- 1.19905412
                                            [WORKER 12] ia=1679, solar   , zout=65.3, eup=  281.63 +- 1.2081947
                                            [WORKER 17] ia=1668, thermal , zout=65.3, eup=  212.31 +- 0.475694225
                                            [WORKER 14] ia=1669, thermal , zout=65.3, eup=  210.61 +- 0.468111207
                                            [WORKER 10] ia=1680, solar   , zout=65.3, eup=  283.74 +- 1.20714951
     Process 14 started calculating ia=1687
     Process 17 started calculating ia=1688
                                            [WORKER 16] ia=1671, thermal , zout=65.3, eup=  206.56 +- 0.455792207
                                            [WORKER  9] ia=1670, thermal , zout=65.3, eup=  209.40 +- 0.47096799
                                            [WORKER  1] ia=1672, thermal , zout=65.3, eup=  203.95 +- 0.449584149
                                            [WORKER  2] ia=1673, thermal , zout=65.3, eup=  202.56 +- 0.439868392
                                            [WORKER 19] ia=1681, solar   , zout=65.3, eup=  289.14 +- 1.1904781
     Process 16 started calculating ia=1689
     Process 9 started calculating ia=1690
     Process 1 started calculating ia=1691
                                            [WORKER  6] ia=1674, thermal , zout=65.3, eup=  201.04 +- 0.434903444
                                            [WORKER  5] ia=1675, thermal , zout=65.3, eup=  198.74 +- 0.427192257
     Process 2 started calculating ia=1692
     Process 6 started calculating ia=1693
     Process 5 started calculating ia=1694
                                            [WORKER  3] ia=1682, solar   , zout=65.3, eup=  290.15 +- 1.18853273
                                            [WORKER  4] ia=1684, solar   , zout=65.3, eup=  284.87 +- 1.20556646
                                            [WORKER 13] ia=1683, solar   , zout=65.3, eup=  290.02 +- 1.19168833
                                            [WORKER 18] ia=1676, thermal , zout=65.3, eup=  195.98 +- 0.404392931
                                            [WORKER  7] ia=1677, thermal , zout=65.3, eup=  194.79 +- 0.382589314
     Process 18 started calculating ia=1695
     Process 7 started calculating ia=1696
                                            [WORKER 12] ia=1679, thermal , zout=65.3, eup=  192.71 +- 0.372871198
                                            [WORKER 11] ia=1678, thermal , zout=65.3, eup=  194.07 +- 0.377074326
                                            [WORKER 15] ia=1685, solar   , zout=65.3, eup=  286.90 +- 1.1940447
                                            [WORKER  8] ia=1686, solar   , zout=65.3, eup=  281.33 +- 1.21385683
                                            [WORKER 10] ia=1680, thermal , zout=65.3, eup=  191.91 +- 0.362095549
                                            [WORKER 17] ia=1688, solar   , zout=65.3, eup=  280.73 +- 1.20522022
                                            [WORKER 14] ia=1687, solar   , zout=65.3, eup=  281.65 +- 1.20866328
     Process 12 started calculating ia=1697
     Process 11 started calculating ia=1698
     Process 10 started calculating ia=1699
                                            [WORKER 19] ia=1681, thermal , zout=65.3, eup=  191.72 +- 0.346578019
                                            [WORKER 16] ia=1689, solar   , zout=65.3, eup=  280.38 +- 1.20952652
     Process 19 started calculating ia=1700
                                            [WORKER  1] ia=1691, solar   , zout=65.3, eup=  284.19 +- 1.19189048
                                            [WORKER  9] ia=1690, solar   , zout=65.3, eup=  281.23 +- 1.19982572
                                            [WORKER  2] ia=1692, solar   , zout=65.3, eup=  282.45 +- 1.20293673
                                            [WORKER  6] ia=1693, solar   , zout=65.3, eup=  284.12 +- 1.19337995
                                            [WORKER  5] ia=1694, solar   , zout=65.3, eup=  287.71 +- 1.17876029
                                            [WORKER  3] ia=1682, thermal , zout=65.3, eup=  191.75 +- 0.34524918
                                            [WORKER  4] ia=1684, thermal , zout=65.3, eup=  193.48 +- 0.357786274
                                            [WORKER 13] ia=1683, thermal , zout=65.3, eup=  192.20 +- 0.353805718
     Process 3 started calculating ia=1701
     Process 4 started calculating ia=1702
     Process 13 started calculating ia=1703
                                            [WORKER 18] ia=1695, solar   , zout=65.3, eup=  287.10 +- 1.18389043
                                            [WORKER  7] ia=1696, solar   , zout=65.3, eup=  291.16 +- 1.1698778
                                            [WORKER 15] ia=1685, thermal , zout=65.3, eup=  194.48 +- 0.367745483
                                            [WORKER  8] ia=1686, thermal , zout=65.3, eup=  196.72 +- 0.374065646
                                            [WORKER 17] ia=1688, thermal , zout=65.3, eup=  198.35 +- 0.378085279
                                            [WORKER 14] ia=1687, thermal , zout=65.3, eup=  197.68 +- 0.382197294
     Process 15 started calculating ia=1704
     Process 8 started calculating ia=1705
                                            [WORKER 12] ia=1697, solar   , zout=65.3, eup=  289.15 +- 1.17144818
                                            [WORKER 11] ia=1698, solar   , zout=65.3, eup=  285.46 +- 1.1828285
     Process 17 started calculating ia=1706
     Process 14 started calculating ia=1707
                                            [WORKER 10] ia=1699, solar   , zout=65.3, eup=  287.58 +- 1.17596992
                                            [WORKER 16] ia=1689, thermal , zout=65.3, eup=  199.17 +- 0.387822397
                                            [WORKER 19] ia=1700, solar   , zout=65.3, eup=  283.17 +- 1.17854527
                                            [WORKER  1] ia=1691, thermal , zout=65.3, eup=  203.18 +- 0.404462384
     Process 16 started calculating ia=1708
                                            [WORKER  9] ia=1690, thermal , zout=65.3, eup=  200.92 +- 0.39395863
                                            [WORKER  2] ia=1692, thermal , zout=65.3, eup=  204.93 +- 0.404429336
     Process 1 started calculating ia=1709
                                            [WORKER  6] ia=1693, thermal , zout=65.3, eup=  205.45 +- 0.410265681
                                            [WORKER  5] ia=1694, thermal , zout=65.3, eup=  207.00 +- 0.403811085
     Process 9 started calculating ia=1710
     Process 2 started calculating ia=1711
     Process 6 started calculating ia=1712
     Process 5 started calculating ia=1713
                                            [WORKER  3] ia=1701, solar   , zout=65.3, eup=  280.40 +- 1.17276395
                                            [WORKER 13] ia=1703, solar   , zout=65.3, eup=  272.35 +- 1.19717332
                                            [WORKER  4] ia=1702, solar   , zout=65.3, eup=  272.60 +- 1.20419319
                                            [WORKER 18] ia=1695, thermal , zout=65.3, eup=  209.10 +- 0.411795257
                                            [WORKER  7] ia=1696, thermal , zout=65.3, eup=  210.46 +- 0.411610034
     Process 18 started calculating ia=1714
     Process 7 started calculating ia=1715
                                            [WORKER 15] ia=1704, solar   , zout=65.3, eup=  266.35 +- 1.20658649
                                            [WORKER  8] ia=1705, solar   , zout=65.3, eup=  265.09 +- 1.20767274
                                            [WORKER 14] ia=1707, solar   , zout=65.3, eup=  257.33 +- 1.21998206
                                            [WORKER 17] ia=1706, solar   , zout=65.3, eup=  262.28 +- 1.20804013
                                            [WORKER 11] ia=1698, thermal , zout=65.3, eup=  213.52 +- 0.411797555
                                            [WORKER 12] ia=1697, thermal , zout=65.3, eup=  212.77 +- 0.411057345
                                            [WORKER 10] ia=1699, thermal , zout=65.3, eup=  215.38 +- 0.423401367
                                            [WORKER 19] ia=1700, thermal , zout=65.3, eup=  217.89 +- 0.4169713
     Process 11 started calculating ia=1716
     Process 12 started calculating ia=1717
     Process 10 started calculating ia=1718
                                            [WORKER 16] ia=1708, solar   , zout=65.3, eup=  258.97 +- 1.21339187
     Process 19 started calculating ia=1719
                                            [WORKER  1] ia=1709, solar   , zout=65.3, eup=  261.20 +- 1.20796385
                                            [WORKER  9] ia=1710, solar   , zout=65.3, eup=  260.43 +- 1.21772836
                                            [WORKER  2] ia=1711, solar   , zout=65.3, eup=  259.40 +- 1.21874408
                                            [WORKER  3] ia=1701, thermal , zout=65.3, eup=  219.77 +- 0.415712846
                                            [WORKER  5] ia=1713, solar   , zout=65.3, eup=  264.28 +- 1.21162198
                                            [WORKER  6] ia=1712, solar   , zout=65.3, eup=  261.79 +- 1.20965838
                                            [WORKER  4] ia=1702, thermal , zout=65.3, eup=  221.47 +- 0.421803186
                                            [WORKER 13] ia=1703, thermal , zout=65.3, eup=  223.00 +- 0.409392873
     Process 3 started calculating ia=1720
     Process 4 started calculating ia=1721
     Process 13 started calculating ia=1722
                                            [WORKER 18] ia=1714, solar   , zout=65.3, eup=  265.61 +- 1.20617433
                                            [WORKER  7] ia=1715, solar   , zout=65.3, eup=  262.09 +- 1.21985586
                                            [WORKER 15] ia=1704, thermal , zout=65.3, eup=  224.14 +- 0.419209661
                                            [WORKER  8] ia=1705, thermal , zout=65.3, eup=  225.27 +- 0.420876965
                                            [WORKER 14] ia=1707, thermal , zout=65.3, eup=  228.02 +- 0.408556881
                                            [WORKER 17] ia=1706, thermal , zout=65.3, eup=  226.84 +- 0.417200559
     Process 15 started calculating ia=1723
     Process 8 started calculating ia=1724
     Process 14 started calculating ia=1725
     Process 17 started calculating ia=1726
                                            [WORKER 16] ia=1708, thermal , zout=65.3, eup=  230.13 +- 0.397857094
     Process 16 started calculating ia=1727
                                            [WORKER  1] ia=1709, thermal , zout=65.3, eup=  230.70 +- 0.403889695
                                            [WORKER 12] ia=1717, solar   , zout=65.3, eup=  268.02 +- 1.19762451
                                            [WORKER 11] ia=1716, solar   , zout=65.3, eup=  265.81 +- 1.19398604
                                            [WORKER 10] ia=1718, solar   , zout=65.3, eup=  266.74 +- 1.20391963
                                            [WORKER 19] ia=1719, solar   , zout=65.3, eup=  263.81 +- 1.21465666
     Process 1 started calculating ia=1728
                                            [WORKER  9] ia=1710, thermal , zout=65.3, eup=  230.51 +- 0.410296552
                                            [WORKER  2] ia=1711, thermal , zout=65.3, eup=  231.56 +- 0.395081618
                                            [WORKER  5] ia=1713, thermal , zout=65.3, eup=  231.14 +- 0.407489902
                                            [WORKER  6] ia=1712, thermal , zout=65.3, eup=  231.36 +- 0.399098577
     Process 9 started calculating ia=1729
     Process 2 started calculating ia=1730
                                            [WORKER  3] ia=1720, solar   , zout=65.3, eup=  257.21 +- 1.19654075
                                            [WORKER 13] ia=1722, solar   , zout=65.3, eup=  259.03 +- 1.22319355
                                            [WORKER  4] ia=1721, solar   , zout=65.3, eup=  260.07 +- 1.21937198
     Process 5 started calculating ia=1731
     Process 6 started calculating ia=1732
                                            [WORKER 18] ia=1714, thermal , zout=65.3, eup=  230.88 +- 0.396609939
                                            [WORKER  7] ia=1715, thermal , zout=65.3, eup=  230.47 +- 0.408375261
     Process 18 started calculating ia=1733
     Process 7 started calculating ia=1734
                                            [WORKER 15] ia=1723, solar   , zout=65.3, eup=  256.66 +- 1.225067
                                            [WORKER  8] ia=1724, solar   , zout=65.3, eup=  254.25 +- 1.23061421
                                            [WORKER 17] ia=1726, solar   , zout=65.3, eup=  253.16 +- 1.2344664
                                            [WORKER 14] ia=1725, solar   , zout=65.3, eup=  254.78 +- 1.23045746
                                            [WORKER 16] ia=1727, solar   , zout=65.3, eup=  250.08 +- 1.19340857
                                            [WORKER 10] ia=1718, thermal , zout=65.3, eup=  231.66 +- 0.411360001
                                            [WORKER 12] ia=1717, thermal , zout=65.3, eup=  231.29 +- 0.416959542
                                            [WORKER 11] ia=1716, thermal , zout=65.3, eup=  229.39 +- 0.411484738
                                            [WORKER 19] ia=1719, thermal , zout=65.3, eup=  231.98 +- 0.413691552
     Process 12 started calculating ia=1735
     Process 10 started calculating ia=1736
     Process 11 started calculating ia=1737
                                            [WORKER  1] ia=1728, solar   , zout=65.3, eup=  250.12 +- 1.21879269
     Process 19 started calculating ia=1738
                                            [WORKER  2] ia=1730, solar   , zout=65.3, eup=  250.21 +- 1.23643452
                                            [WORKER  3] ia=1720, thermal , zout=65.3, eup=  232.36 +- 0.422314874
                                            [WORKER  9] ia=1729, solar   , zout=65.3, eup=  249.01 +- 1.20894119
                                            [WORKER  6] ia=1732, solar   , zout=65.3, eup=  249.62 +- 1.23890752
                                            [WORKER  5] ia=1731, solar   , zout=65.3, eup=  252.11 +- 1.23187471
                                            [WORKER 13] ia=1722, thermal , zout=65.3, eup=  233.49 +- 0.416814923
                                            [WORKER  4] ia=1721, thermal , zout=65.3, eup=  232.19 +- 0.421673179
     Process 3 started calculating ia=1739
     Process 13 started calculating ia=1740
     Process 4 started calculating ia=1741
                                            [WORKER 18] ia=1733, solar   , zout=65.3, eup=  252.38 +- 1.219404
                                            [WORKER 15] ia=1723, thermal , zout=65.3, eup=  234.17 +- 0.414565231
                                            [WORKER  8] ia=1724, thermal , zout=65.3, eup=  234.02 +- 0.42422451
                                            [WORKER 17] ia=1726, thermal , zout=65.3, eup=  236.24 +- 0.41598953
                                            [WORKER 14] ia=1725, thermal , zout=65.3, eup=  235.56 +- 0.420741377
                                            [WORKER  7] ia=1734, solar   , zout=65.3, eup=  251.16 +- 1.22767559
                                            [WORKER 16] ia=1727, thermal , zout=65.3, eup=  235.39 +- 0.428765105
     Process 15 started calculating ia=1742
     Process 8 started calculating ia=1743
     Process 17 started calculating ia=1744
     Process 14 started calculating ia=1745
     Process 16 started calculating ia=1746
                                            [WORKER  1] ia=1728, thermal , zout=65.3, eup=  236.04 +- 0.428921415
                                            [WORKER 10] ia=1736, solar   , zout=65.3, eup=  254.53 +- 1.20553274
                                            [WORKER 11] ia=1737, solar   , zout=65.3, eup=  248.49 +- 1.23090062
                                            [WORKER 12] ia=1735, solar   , zout=65.3, eup=  252.50 +- 1.21993208
                                            [WORKER 19] ia=1738, solar   , zout=65.3, eup=  249.45 +- 1.2178978
     Process 1 started calculating ia=1747
                                            [WORKER  2] ia=1730, thermal , zout=65.3, eup=  236.89 +- 0.421890877
                                            [WORKER  9] ia=1729, thermal , zout=65.3, eup=  236.11 +- 0.42102971
                                            [WORKER  6] ia=1732, thermal , zout=65.3, eup=  236.63 +- 0.419414498
                                            [WORKER  5] ia=1731, thermal , zout=65.3, eup=  236.92 +- 0.420449374
     Process 2 started calculating ia=1748
                                            [WORKER  3] ia=1739, solar   , zout=65.3, eup=  244.45 +- 1.21077904
     Process 9 started calculating ia=1749
     Process 6 started calculating ia=1750
     Process 5 started calculating ia=1751
                                            [WORKER  4] ia=1741, solar   , zout=65.3, eup=  246.86 +- 1.22876935
                                            [WORKER 13] ia=1740, solar   , zout=65.3, eup=  247.64 +- 1.21985224
                                            [WORKER 18] ia=1733, thermal , zout=65.3, eup=  238.03 +- 0.420050295
     Process 18 started calculating ia=1752
                                            [WORKER  7] ia=1734, thermal , zout=65.3, eup=  237.96 +- 0.423418524
     Process 7 started calculating ia=1753
                                            [WORKER 15] ia=1742, solar   , zout=65.3, eup=  243.70 +- 1.22543541
                                            [WORKER 14] ia=1745, solar   , zout=65.3, eup=  242.75 +- 1.24319647
                                            [WORKER 17] ia=1744, solar   , zout=65.3, eup=  240.94 +- 1.24129877
                                            [WORKER  8] ia=1743, solar   , zout=65.3, eup=  243.45 +- 1.22455734
                                            [WORKER 16] ia=1746, solar   , zout=65.3, eup=  243.25 +- 1.234576
                                            [WORKER 11] ia=1737, thermal , zout=65.3, eup=  240.42 +- 0.394631722
                                            [WORKER 10] ia=1736, thermal , zout=65.3, eup=  238.82 +- 0.413659944
                                            [WORKER 19] ia=1738, thermal , zout=65.3, eup=  241.02 +- 0.393053365
                                            [WORKER 12] ia=1735, thermal , zout=65.3, eup=  238.40 +- 0.423222456
                                            [WORKER  1] ia=1747, solar   , zout=65.3, eup=  243.54 +- 1.23268417
     Process 11 started calculating ia=1754
     Process 10 started calculating ia=1755
     Process 19 started calculating ia=1756
     Process 12 started calculating ia=1757
                                            [WORKER  3] ia=1739, thermal , zout=65.3, eup=  240.25 +- 0.41820466
                                            [WORKER  2] ia=1748, solar   , zout=65.3, eup=  243.68 +- 1.24466195
                                            [WORKER  4] ia=1741, thermal , zout=65.3, eup=  241.86 +- 0.407634028
                                            [WORKER 13] ia=1740, thermal , zout=65.3, eup=  241.35 +- 0.403444285
                                            [WORKER  6] ia=1750, solar   , zout=65.3, eup=  244.68 +- 1.24177996
                                            [WORKER  9] ia=1749, solar   , zout=65.3, eup=  244.77 +- 1.24155218
                                            [WORKER  5] ia=1751, solar   , zout=65.3, eup=  247.79 +- 1.23352432
     Process 3 started calculating ia=1758
                                            [WORKER 18] ia=1752, solar   , zout=65.3, eup=  248.86 +- 1.23994584
                                            [WORKER  7] ia=1753, solar   , zout=65.3, eup=  250.92 +- 1.2355443
     Process 4 started calculating ia=1759
     Process 13 started calculating ia=1760
                                            [WORKER 15] ia=1742, thermal , zout=65.3, eup=  244.17 +- 0.407474378
                                            [WORKER 14] ia=1745, thermal , zout=65.3, eup=  247.39 +- 0.351805815
                                            [WORKER 17] ia=1744, thermal , zout=65.3, eup=  246.14 +- 0.356619074
                                            [WORKER  8] ia=1743, thermal , zout=65.3, eup=  241.28 +- 0.415669221
     Process 15 started calculating ia=1761
     Process 14 started calculating ia=1762
     Process 17 started calculating ia=1763
     Process 8 started calculating ia=1764
                                            [WORKER 16] ia=1746, thermal , zout=65.3, eup=  245.74 +- 0.364376059
     Process 16 started calculating ia=1765
                                            [WORKER  1] ia=1747, thermal , zout=65.3, eup=  246.59 +- 0.345076062
     Process 1 started calculating ia=1766
                                            [WORKER 10] ia=1755, solar   , zout=65.3, eup=  254.27 +- 1.23071921
                                            [WORKER 11] ia=1754, solar   , zout=65.3, eup=  249.65 +- 1.23549037
                                            [WORKER 19] ia=1756, solar   , zout=65.3, eup=  256.35 +- 1.23031514
                                            [WORKER 12] ia=1757, solar   , zout=65.3, eup=  254.81 +- 1.23323344
                                            [WORKER  2] ia=1748, thermal , zout=65.3, eup=  248.08 +- 0.347844576
     Process 2 started calculating ia=1767
                                            [WORKER  5] ia=1751, thermal , zout=65.3, eup=  250.51 +- 0.317695276
                                            [WORKER  6] ia=1750, thermal , zout=65.3, eup=  250.16 +- 0.313532245
                                            [WORKER  3] ia=1758, solar   , zout=65.3, eup=  258.31 +- 1.22933748
                                            [WORKER  9] ia=1749, thermal , zout=65.3, eup=  248.22 +- 0.347191457
     Process 5 started calculating ia=1768
     Process 6 started calculating ia=1769
                                            [WORKER 18] ia=1752, thermal , zout=65.3, eup=  250.63 +- 0.308769068
     Process 9 started calculating ia=1770
                                            [WORKER  7] ia=1753, thermal , zout=65.3, eup=  249.09 +- 0.351760851
                                            [WORKER  4] ia=1759, solar   , zout=65.3, eup=  262.04 +- 1.216745
                                            [WORKER 13] ia=1760, solar   , zout=65.3, eup=  259.47 +- 1.22780784
     Process 18 started calculating ia=1771
     Process 7 started calculating ia=1772
                                            [WORKER 15] ia=1761, solar   , zout=65.3, eup=  262.87 +- 1.22389685
                                            [WORKER 14] ia=1762, solar   , zout=65.3, eup=  264.47 +- 1.22771278
                                            [WORKER  8] ia=1764, solar   , zout=65.3, eup=  268.03 +- 1.2202062
                                            [WORKER 17] ia=1763, solar   , zout=65.3, eup=  266.39 +- 1.22587299
                                            [WORKER 16] ia=1765, solar   , zout=65.3, eup=  270.15 +- 1.21710544
                                            [WORKER 10] ia=1755, thermal , zout=65.3, eup=  247.39 +- 0.366219808
                                            [WORKER  1] ia=1766, solar   , zout=65.3, eup=  269.30 +- 1.22061064
                                            [WORKER 19] ia=1756, thermal , zout=65.3, eup=  247.87 +- 0.349055784
                                            [WORKER 11] ia=1754, thermal , zout=65.3, eup=  249.16 +- 0.346732606
                                            [WORKER 12] ia=1757, thermal , zout=65.3, eup=  247.91 +- 0.337985913
     Process 10 started calculating ia=1773
     Process 19 started calculating ia=1774
     Process 11 started calculating ia=1775
     Process 12 started calculating ia=1776
                                            [WORKER  3] ia=1758, thermal , zout=65.3, eup=  248.30 +- 0.338254006
                                            [WORKER  2] ia=1767, solar   , zout=65.3, eup=  273.12 +- 1.21159271
     Process 3 started calculating ia=1777
                                            [WORKER  5] ia=1768, solar   , zout=65.3, eup=  272.18 +- 1.22124505
                                            [WORKER  6] ia=1769, solar   , zout=65.3, eup=  276.74 +- 1.21152748
                                            [WORKER  4] ia=1759, thermal , zout=65.3, eup=  247.49 +- 0.356887084
                                            [WORKER 13] ia=1760, thermal , zout=65.3, eup=  245.46 +- 0.374534358
                                            [WORKER  9] ia=1770, solar   , zout=65.3, eup=  276.45 +- 1.21076339
                                            [WORKER 15] ia=1761, thermal , zout=65.3, eup=  247.43 +- 0.355843462
     Process 13 started calculating ia=1778
     Process 4 started calculating ia=1779
                                            [WORKER 14] ia=1762, thermal , zout=65.3, eup=  247.76 +- 0.338957629
                                            [WORKER 18] ia=1771, solar   , zout=65.3, eup=  280.78 +- 1.19933376
                                            [WORKER  7] ia=1772, solar   , zout=65.3, eup=  280.24 +- 1.20946029
                                            [WORKER  8] ia=1764, thermal , zout=65.3, eup=  248.14 +- 0.345228365
                                            [WORKER 17] ia=1763, thermal , zout=65.3, eup=  248.63 +- 0.332942251
     Process 15 started calculating ia=1780
                                            [WORKER 16] ia=1765, thermal , zout=65.3, eup=  248.77 +- 0.33769464
     Process 14 started calculating ia=1781
     Process 8 started calculating ia=1782
     Process 17 started calculating ia=1783
                                            [WORKER  1] ia=1766, thermal , zout=65.3, eup=  248.07 +- 0.325272124
     Process 16 started calculating ia=1784
                                            [WORKER 10] ia=1773, solar   , zout=65.3, eup=  283.04 +- 1.20621134
                                            [WORKER  2] ia=1767, thermal , zout=65.3, eup=  247.20 +- 0.329820476
                                            [WORKER 11] ia=1775, solar   , zout=65.3, eup=  284.77 +- 1.20457421
                                            [WORKER 12] ia=1776, solar   , zout=65.3, eup=  288.11 +- 1.18839968
                                            [WORKER 19] ia=1774, solar   , zout=65.3, eup=  285.74 +- 1.19191808
                                            [WORKER  5] ia=1768, thermal , zout=65.3, eup=  247.64 +- 0.338950727
     Process 1 started calculating ia=1785
                                            [WORKER  3] ia=1777, solar   , zout=65.3, eup=  288.94 +- 1.19863485
                                            [WORKER  6] ia=1769, thermal , zout=65.3, eup=  247.80 +- 0.308622721
     Process 2 started calculating ia=1786
     Process 5 started calculating ia=1787
     Process 6 started calculating ia=1788
                                            [WORKER  4] ia=1779, solar   , zout=65.3, eup=  290.27 +- 1.1909469
                                            [WORKER 13] ia=1778, solar   , zout=65.3, eup=  289.05 +- 1.16921466
                                            [WORKER  9] ia=1770, thermal , zout=65.3, eup=  247.44 +- 0.303743612
     Process 9 started calculating ia=1789
                                            [WORKER 15] ia=1780, solar   , zout=65.3, eup=  291.65 +- 1.18583321
                                            [WORKER 18] ia=1771, thermal , zout=65.3, eup=  247.55 +- 0.309984994
                                            [WORKER  7] ia=1772, thermal , zout=65.3, eup=  246.95 +- 0.312572268
     Process 18 started calculating ia=1790
     Process 7 started calculating ia=1791
                                            [WORKER 14] ia=1781, solar   , zout=65.3, eup=  286.84 +- 1.20381487
                                            [WORKER 17] ia=1783, solar   , zout=65.3, eup=  289.61 +- 1.19658324
                                            [WORKER  8] ia=1782, solar   , zout=65.3, eup=  286.00 +- 1.21410384
                                            [WORKER 16] ia=1784, solar   , zout=65.3, eup=  287.96 +- 1.20593894
                                            [WORKER 10] ia=1773, thermal , zout=65.3, eup=  247.40 +- 0.307881898
     Process 10 started calculating ia=1792
                                            [WORKER  1] ia=1785, solar   , zout=65.3, eup=  288.31 +- 1.20347877
                                            [WORKER 11] ia=1775, thermal , zout=65.3, eup=  246.84 +- 0.297429708
                                            [WORKER 12] ia=1776, thermal , zout=65.3, eup=  245.77 +- 0.310057476
                                            [WORKER  3] ia=1777, thermal , zout=65.3, eup=  245.30 +- 0.31857357
                                            [WORKER 19] ia=1774, thermal , zout=65.3, eup=  246.66 +- 0.310691284
                                            [WORKER  2] ia=1786, solar   , zout=65.3, eup=  287.24 +- 1.21753407
     Process 11 started calculating ia=1793
     Process 12 started calculating ia=1794
     Process 3 started calculating ia=1795
     Process 19 started calculating ia=1796
                                            [WORKER  5] ia=1787, solar   , zout=65.3, eup=  290.95 +- 1.20488872
                                            [WORKER  6] ia=1788, solar   , zout=65.3, eup=  286.87 +- 1.22144631
                                            [WORKER  4] ia=1779, thermal , zout=65.3, eup=  245.06 +- 0.319948443
                                            [WORKER 13] ia=1778, thermal , zout=65.3, eup=  239.00 +- 0.3930451
                                            [WORKER 15] ia=1780, thermal , zout=65.3, eup=  245.30 +- 0.298678629
                                            [WORKER  9] ia=1789, solar   , zout=65.3, eup=  289.11 +- 1.21815496
     Process 4 started calculating ia=1797
     Process 13 started calculating ia=1798
                                            [WORKER 14] ia=1781, thermal , zout=65.3, eup=  245.42 +- 0.296361077
                                            [WORKER 18] ia=1790, solar   , zout=65.3, eup=  288.84 +- 1.21684243
     Process 15 started calculating ia=1799
                                            [WORKER  7] ia=1791, solar   , zout=65.3, eup=  288.43 +- 1.2239699
                                            [WORKER  8] ia=1782, thermal , zout=65.3, eup=  245.18 +- 0.287767111
                                            [WORKER 17] ia=1783, thermal , zout=65.3, eup=  244.93 +- 0.281132952
                                            [WORKER 16] ia=1784, thermal , zout=65.3, eup=  245.10 +- 0.277217568
     Process 14 started calculating ia=1800
     Process 8 started calculating ia=1801
     Process 17 started calculating ia=1802
     Process 16 started calculating ia=1803
                                            [WORKER 10] ia=1792, solar   , zout=65.3, eup=  289.29 +- 1.22667028
                                            [WORKER  1] ia=1785, thermal , zout=65.3, eup=  244.78 +- 0.275528231
     Process 1 started calculating ia=1804
                                            [WORKER  2] ia=1786, thermal , zout=65.3, eup=  245.46 +- 0.269131641
     Process 2 started calculating ia=1805
                                            [WORKER 11] ia=1793, solar   , zout=65.3, eup=  289.21 +- 1.22583146
                                            [WORKER 12] ia=1794, solar   , zout=65.3, eup=  290.28 +- 1.22264041
                                            [WORKER  3] ia=1795, solar   , zout=65.3, eup=  290.90 +- 1.2240856
                                            [WORKER 19] ia=1796, solar   , zout=65.3, eup=  289.13 +- 1.23115937
                                            [WORKER  6] ia=1788, thermal , zout=65.3, eup=  245.20 +- 0.274779243
                                            [WORKER  5] ia=1787, thermal , zout=65.3, eup=  244.96 +- 0.28073392
     Process 6 started calculating ia=1806
     Process 5 started calculating ia=1807
                                            [WORKER 13] ia=1798, solar   , zout=65.3, eup=  289.41 +- 1.23591103
                                            [WORKER  4] ia=1797, solar   , zout=65.3, eup=  288.39 +- 1.23321305
                                            [WORKER  9] ia=1789, thermal , zout=65.3, eup=  245.35 +- 0.277579114
                                            [WORKER 18] ia=1790, thermal , zout=65.3, eup=  245.77 +- 0.269432727
                                            [WORKER 15] ia=1799, solar   , zout=65.3, eup=  290.02 +- 1.2295474
                                            [WORKER  7] ia=1791, thermal , zout=65.3, eup=  245.40 +- 0.272759018
     Process 9 started calculating ia=1808
                                            [WORKER 14] ia=1800, solar   , zout=65.3, eup=  288.14 +- 1.23373701
                                            [WORKER 10] ia=1792, thermal , zout=65.3, eup=  245.36 +- 0.264321227
     Process 18 started calculating ia=1809
     Process 7 started calculating ia=1810
                                            [WORKER 17] ia=1802, solar   , zout=65.3, eup=  288.84 +- 1.23615884
                                            [WORKER 16] ia=1803, solar   , zout=65.3, eup=  291.67 +- 1.22912849
                                            [WORKER  8] ia=1801, solar   , zout=65.3, eup=  289.40 +- 1.23512805
                                            [WORKER  1] ia=1804, solar   , zout=65.3, eup=  291.84 +- 1.23195735
     Process 10 started calculating ia=1811
                                            [WORKER 11] ia=1793, thermal , zout=65.3, eup=  245.01 +- 0.267195505
                                            [WORKER  2] ia=1805, solar   , zout=65.3, eup=  291.73 +- 1.23649478
                                            [WORKER  3] ia=1795, thermal , zout=65.3, eup=  244.46 +- 0.267549792
                                            [WORKER 12] ia=1794, thermal , zout=65.3, eup=  244.82 +- 0.271989408
                                            [WORKER 19] ia=1796, thermal , zout=65.3, eup=  244.93 +- 0.254227728
     Process 11 started calculating ia=1812
     Process 3 started calculating ia=1813
     Process 12 started calculating ia=1814
     Process 19 started calculating ia=1815
                                            [WORKER  6] ia=1806, solar   , zout=65.3, eup=  293.95 +- 1.22845905
                                            [WORKER  5] ia=1807, solar   , zout=65.3, eup=  292.55 +- 1.23455437
                                            [WORKER  4] ia=1797, thermal , zout=65.3, eup=  244.91 +- 0.26964575
                                            [WORKER 13] ia=1798, thermal , zout=65.3, eup=  245.07 +- 0.257240311
     Process 4 started calculating ia=1816
     Process 13 started calculating ia=1817
                                            [WORKER 15] ia=1799, thermal , zout=65.3, eup=  244.97 +- 0.252778468
     Process 15 started calculating ia=1818
                                            [WORKER  9] ia=1808, solar   , zout=65.3, eup=  294.54 +- 1.23559568
                                            [WORKER 18] ia=1809, solar   , zout=65.3, eup=  295.35 +- 1.23088629
                                            [WORKER 14] ia=1800, thermal , zout=65.3, eup=  244.28 +- 0.258603112
     Process 14 started calculating ia=1819
                                            [WORKER  7] ia=1810, solar   , zout=65.3, eup=  296.64 +- 1.22953941
                                            [WORKER 16] ia=1803, thermal , zout=65.3, eup=  244.53 +- 0.266924163
                                            [WORKER 17] ia=1802, thermal , zout=65.3, eup=  244.05 +- 0.273131976
                                            [WORKER  8] ia=1801, thermal , zout=65.3, eup=  244.95 +- 0.251352956
                                            [WORKER 10] ia=1811, solar   , zout=65.3, eup=  296.31 +- 1.23027749
                                            [WORKER  1] ia=1804, thermal , zout=65.3, eup=  244.95 +- 0.26040705
     Process 16 started calculating ia=1820
     Process 17 started calculating ia=1821
     Process 8 started calculating ia=1822
                                            [WORKER  2] ia=1805, thermal , zout=65.3, eup=  244.65 +- 0.252841492
     Process 1 started calculating ia=1823
                                            [WORKER 11] ia=1812, solar   , zout=65.3, eup=  300.37 +- 1.22119468
     Process 2 started calculating ia=1824
                                            [WORKER  5] ia=1807, thermal , zout=65.3, eup=  244.43 +- 0.268370923
                                            [WORKER  6] ia=1806, thermal , zout=65.3, eup=  244.03 +- 0.265275136
                                            [WORKER  3] ia=1813, solar   , zout=65.3, eup=  300.12 +- 1.22119936
                                            [WORKER 19] ia=1815, solar   , zout=65.3, eup=  302.51 +- 1.22258273
                                            [WORKER 12] ia=1814, solar   , zout=65.3, eup=  302.24 +- 1.21438403
     Process 5 started calculating ia=1825
     Process 6 started calculating ia=1826
                                            [WORKER  4] ia=1816, solar   , zout=65.3, eup=  301.41 +- 1.22851926
                                            [WORKER 13] ia=1817, solar   , zout=65.3, eup=  303.04 +- 1.22378444
                                            [WORKER 18] ia=1809, thermal , zout=65.3, eup=  244.52 +- 0.244753785
                                            [WORKER  9] ia=1808, thermal , zout=65.3, eup=  244.63 +- 0.251952105
                                            [WORKER 15] ia=1818, solar   , zout=65.3, eup=  302.46 +- 1.22816804
     Process 18 started calculating ia=1827
     Process 9 started calculating ia=1828
                                            [WORKER 14] ia=1819, solar   , zout=65.3, eup=  306.10 +- 1.21457225
                                            [WORKER  7] ia=1810, thermal , zout=65.3, eup=  244.61 +- 0.260687876
                                            [WORKER 10] ia=1811, thermal , zout=65.3, eup=  244.42 +- 0.249719917
     Process 7 started calculating ia=1829
     Process 10 started calculating ia=1830
                                            [WORKER 16] ia=1820, solar   , zout=65.3, eup=  308.48 +- 1.20582634
                                            [WORKER 17] ia=1821, solar   , zout=65.3, eup=  308.67 +- 1.19127497
                                            [WORKER  8] ia=1822, solar   , zout=65.3, eup=  308.14 +- 1.21055489
                                            [WORKER 11] ia=1812, thermal , zout=65.3, eup=  244.13 +- 0.26533456
                                            [WORKER  1] ia=1823, solar   , zout=65.3, eup=  308.37 +- 1.21605007
                                            [WORKER  2] ia=1824, solar   , zout=65.3, eup=  310.21 +- 1.21089098
     Process 11 started calculating ia=1831
                                            [WORKER  3] ia=1813, thermal , zout=65.3, eup=  243.74 +- 0.275555257
                                            [WORKER 12] ia=1814, thermal , zout=65.3, eup=  244.07 +- 0.259867541
                                            [WORKER 19] ia=1815, thermal , zout=65.3, eup=  243.31 +- 0.268417282
     Process 3 started calculating ia=1832
                                            [WORKER  5] ia=1825, solar   , zout=65.3, eup=  311.76 +- 1.19903846
                                            [WORKER  6] ia=1826, solar   , zout=65.3, eup=  309.36 +- 1.20292008
     Process 12 started calculating ia=1833
     Process 19 started calculating ia=1834
                                            [WORKER  4] ia=1816, thermal , zout=65.3, eup=  244.16 +- 0.258213324
                                            [WORKER 13] ia=1817, thermal , zout=65.3, eup=  244.09 +- 0.252067496
                                            [WORKER 15] ia=1818, thermal , zout=65.3, eup=  243.85 +- 0.264416005
     Process 4 started calculating ia=1835
     Process 13 started calculating ia=1836
                                            [WORKER 14] ia=1819, thermal , zout=65.3, eup=  244.18 +- 0.260488036
     Process 15 started calculating ia=1837
                                            [WORKER 18] ia=1827, solar   , zout=65.3, eup=  310.91 +- 1.20586944
                                            [WORKER  9] ia=1828, solar   , zout=65.3, eup=  311.39 +- 1.2019672
     Process 14 started calculating ia=1838
                                            [WORKER  7] ia=1829, solar   , zout=65.3, eup=  310.02 +- 1.20819969
                                            [WORKER 10] ia=1830, solar   , zout=65.3, eup=  309.98 +- 1.19998567
                                            [WORKER 16] ia=1820, thermal , zout=65.3, eup=  243.91 +- 0.265349105
                                            [WORKER 17] ia=1821, thermal , zout=65.3, eup=  244.51 +- 0.266301668
                                            [WORKER  8] ia=1822, thermal , zout=65.3, eup=  244.41 +- 0.268297107
                                            [WORKER  1] ia=1823, thermal , zout=65.3, eup=  244.03 +- 0.259038697
     Process 16 started calculating ia=1839
                                            [WORKER  2] ia=1824, thermal , zout=65.3, eup=  244.44 +- 0.249062195
     Process 17 started calculating ia=1840
     Process 8 started calculating ia=1841
                                            [WORKER 11] ia=1831, solar   , zout=65.3, eup=  313.38 +- 1.19828974
     Process 1 started calculating ia=1842
     Process 2 started calculating ia=1843
                                            [WORKER  5] ia=1825, thermal , zout=65.3, eup=  244.05 +- 0.255199017
                                            [WORKER  6] ia=1826, thermal , zout=65.3, eup=  244.40 +- 0.267668201
                                            [WORKER  3] ia=1832, solar   , zout=65.3, eup=  307.38 +- 1.16352412
     Process 5 started calculating ia=1844
                                            [WORKER 19] ia=1834, solar   , zout=65.3, eup=  312.95 +- 1.20846157
                                            [WORKER 12] ia=1833, solar   , zout=65.3, eup=  314.20 +- 1.19335698
     Process 6 started calculating ia=1845
                                            [WORKER 18] ia=1827, thermal , zout=65.3, eup=  244.17 +- 0.272071957
     Process 18 started calculating ia=1846
                                            [WORKER  4] ia=1835, solar   , zout=65.3, eup=  307.57 +- 1.1977137
                                            [WORKER 13] ia=1836, solar   , zout=65.3, eup=  311.21 +- 1.19887197
                                            [WORKER 15] ia=1837, solar   , zout=65.3, eup=  305.39 +- 1.18875081
                                            [WORKER  9] ia=1828, thermal , zout=65.3, eup=  244.77 +- 0.259855054
                                            [WORKER 14] ia=1838, solar   , zout=65.3, eup=  300.59 +- 1.16704101
     Process 9 started calculating ia=1847
                                            [WORKER 10] ia=1830, thermal , zout=65.3, eup=  244.66 +- 0.259251624
                                            [WORKER  7] ia=1829, thermal , zout=65.3, eup=  244.32 +- 0.270539031
     Process 10 started calculating ia=1848
     Process 7 started calculating ia=1849
                                            [WORKER 11] ia=1831, thermal , zout=65.3, eup=  244.29 +- 0.264661599
     Process 11 started calculating ia=1850
                                            [WORKER 16] ia=1839, solar   , zout=65.3, eup=  305.35 +- 1.17865551
                                            [WORKER  8] ia=1841, solar   , zout=65.3, eup=  305.56 +- 1.20099089
                                            [WORKER 17] ia=1840, solar   , zout=65.3, eup=  302.80 +- 1.18590182
                                            [WORKER  1] ia=1842, solar   , zout=65.3, eup=  305.19 +- 1.22442937
                                            [WORKER  2] ia=1843, solar   , zout=65.3, eup=  306.04 +- 1.21966113
                                            [WORKER  3] ia=1832, thermal , zout=65.3, eup=  243.63 +- 0.296922906
                                            [WORKER 19] ia=1834, thermal , zout=65.3, eup=  243.97 +- 0.275644375
                                            [WORKER 12] ia=1833, thermal , zout=65.3, eup=  243.77 +- 0.267395026
                                            [WORKER  5] ia=1844, solar   , zout=65.3, eup=  306.20 +- 1.22464101
                                            [WORKER  6] ia=1845, solar   , zout=65.3, eup=  306.88 +- 1.21993882
     Process 3 started calculating ia=1851
     Process 12 started calculating ia=1852
     Process 19 started calculating ia=1853
                                            [WORKER  4] ia=1835, thermal , zout=65.3, eup=  243.78 +- 0.265732365
                                            [WORKER 13] ia=1836, thermal , zout=65.3, eup=  243.91 +- 0.274194419
                                            [WORKER 18] ia=1846, solar   , zout=65.3, eup=  304.01 +- 1.2395819
                                            [WORKER 15] ia=1837, thermal , zout=65.3, eup=  242.51 +- 0.278260302
                                            [WORKER 14] ia=1838, thermal , zout=65.3, eup=  240.94 +- 0.278621497
     Process 4 started calculating ia=1854
     Process 13 started calculating ia=1855
     Process 15 started calculating ia=1856
                                            [WORKER  9] ia=1847, solar   , zout=65.3, eup=  305.40 +- 1.23854649
     Process 14 started calculating ia=1857
                                            [WORKER 10] ia=1848, solar   , zout=65.3, eup=  304.26 +- 1.2374004
                                            [WORKER  7] ia=1849, solar   , zout=65.3, eup=  306.40 +- 1.23764758
                                            [WORKER 16] ia=1839, thermal , zout=65.3, eup=  242.40 +- 0.249881239
                                            [WORKER 11] ia=1850, solar   , zout=65.3, eup=  308.86 +- 1.22783284
                                            [WORKER 17] ia=1840, thermal , zout=65.3, eup=  241.57 +- 0.267720874
                                            [WORKER  8] ia=1841, thermal , zout=65.3, eup=  242.59 +- 0.272316953
     Process 16 started calculating ia=1858
                                            [WORKER  1] ia=1842, thermal , zout=65.3, eup=  242.22 +- 0.275943404
     Process 17 started calculating ia=1859
     Process 8 started calculating ia=1860
                                            [WORKER  2] ia=1843, thermal , zout=65.3, eup=  241.88 +- 0.264257544
     Process 1 started calculating ia=1861
     Process 2 started calculating ia=1862
                                            [WORKER  5] ia=1844, thermal , zout=65.3, eup=  241.72 +- 0.25019766
                                            [WORKER  6] ia=1845, thermal , zout=65.3, eup=  241.90 +- 0.249281813
                                            [WORKER  3] ia=1851, solar   , zout=65.3, eup=  308.18 +- 1.2328109
     Process 5 started calculating ia=1863
     Process 6 started calculating ia=1864
                                            [WORKER 12] ia=1852, solar   , zout=65.3, eup=  306.24 +- 1.23890536
                                            [WORKER 19] ia=1853, solar   , zout=65.3, eup=  310.43 +- 1.23414769
                                            [WORKER 18] ia=1846, thermal , zout=65.3, eup=  241.00 +- 0.258251654
                                            [WORKER  4] ia=1854, solar   , zout=65.3, eup=  311.73 +- 1.22921781
     Process 18 started calculating ia=1865
                                            [WORKER 10] ia=1848, thermal , zout=65.3, eup=  240.19 +- 0.274946667
                                            [WORKER  9] ia=1847, thermal , zout=65.3, eup=  240.60 +- 0.269204273
                                            [WORKER  7] ia=1849, thermal , zout=65.3, eup=  239.65 +- 0.258239854
                                            [WORKER 13] ia=1855, solar   , zout=65.3, eup=  310.21 +- 1.24684398
                                            [WORKER 15] ia=1856, solar   , zout=65.3, eup=  314.92 +- 1.2303521
                                            [WORKER 14] ia=1857, solar   , zout=65.3, eup=  314.47 +- 1.24136013
     Process 10 started calculating ia=1866
     Process 7 started calculating ia=1867
     Process 9 started calculating ia=1868
                                            [WORKER 11] ia=1850, thermal , zout=65.3, eup=  239.04 +- 0.27480046
                                            [WORKER 16] ia=1858, solar   , zout=65.3, eup=  314.26 +- 1.2473506
                                            [WORKER  8] ia=1860, solar   , zout=65.3, eup=  319.63 +- 1.22963665
                                            [WORKER 17] ia=1859, solar   , zout=65.3, eup=  315.88 +- 1.24030814
     Process 11 started calculating ia=1869
                                            [WORKER  1] ia=1861, solar   , zout=65.3, eup=  319.69 +- 1.23499645
                                            [WORKER  3] ia=1851, thermal , zout=65.3, eup=  238.68 +- 0.258032647
                                            [WORKER  2] ia=1862, solar   , zout=65.3, eup=  321.34 +- 1.23762524
                                            [WORKER  5] ia=1863, solar   , zout=65.3, eup=  323.34 +- 1.2248622
                                            [WORKER 12] ia=1852, thermal , zout=65.3, eup=  237.81 +- 0.255427994
                                            [WORKER 19] ia=1853, thermal , zout=65.3, eup=  237.64 +- 0.262872615
                                            [WORKER  6] ia=1864, solar   , zout=65.3, eup=  325.54 +- 1.22268199
     Process 3 started calculating ia=1870
     Process 12 started calculating ia=1871
     Process 19 started calculating ia=1872
                                            [WORKER  4] ia=1854, thermal , zout=65.3, eup=  237.26 +- 0.265143589
                                            [WORKER 18] ia=1865, solar   , zout=65.3, eup=  326.62 +- 1.23494027
                                            [WORKER 13] ia=1855, thermal , zout=65.3, eup=  237.03 +- 0.243824403
                                            [WORKER 15] ia=1856, thermal , zout=65.3, eup=  236.39 +- 0.264477058
     Process 4 started calculating ia=1873
                                            [WORKER 14] ia=1857, thermal , zout=65.3, eup=  235.82 +- 0.267326919
     Process 13 started calculating ia=1874
     Process 15 started calculating ia=1875
                                            [WORKER 10] ia=1866, solar   , zout=65.3, eup=  331.49 +- 1.2070071
                                            [WORKER  7] ia=1867, solar   , zout=65.3, eup=  329.67 +- 1.22031718
                                            [WORKER  9] ia=1868, solar   , zout=65.3, eup=  330.65 +- 1.22228472
     Process 14 started calculating ia=1876
                                            [WORKER 11] ia=1869, solar   , zout=65.3, eup=  331.91 +- 1.22451524
                                            [WORKER 16] ia=1858, thermal , zout=65.3, eup=  235.80 +- 0.250817259
                                            [WORKER  8] ia=1860, thermal , zout=65.3, eup=  234.97 +- 0.263358276
                                            [WORKER 17] ia=1859, thermal , zout=65.3, eup=  235.08 +- 0.26834545
                                            [WORKER  1] ia=1861, thermal , zout=65.3, eup=  235.29 +- 0.232690039
     Process 16 started calculating ia=1877
                                            [WORKER  2] ia=1862, thermal , zout=65.3, eup=  235.11 +- 0.252854988
     Process 8 started calculating ia=1878
     Process 17 started calculating ia=1879
                                            [WORKER  5] ia=1863, thermal , zout=65.3, eup=  234.40 +- 0.261196355
     Process 1 started calculating ia=1880
                                            [WORKER  6] ia=1864, thermal , zout=65.3, eup=  234.21 +- 0.239617447
                                            [WORKER  3] ia=1870, solar   , zout=65.3, eup=  333.09 +- 1.21117295
                                            [WORKER 18] ia=1865, thermal , zout=65.3, eup=  234.36 +- 0.238951241
                                            [WORKER 12] ia=1871, solar   , zout=65.3, eup=  333.34 +- 1.21686354
                                            [WORKER 19] ia=1872, solar   , zout=65.3, eup=  334.61 +- 1.2050762
     Process 2 started calculating ia=1881
     Process 5 started calculating ia=1882
     Process 6 started calculating ia=1883
                                            [WORKER  4] ia=1873, solar   , zout=65.3, eup=  334.02 +- 1.21669841
     Process 18 started calculating ia=1884
                                            [WORKER 13] ia=1874, solar   , zout=65.3, eup=  334.38 +- 1.21514487
                                            [WORKER 15] ia=1875, solar   , zout=65.3, eup=  332.74 +- 1.22839782
                                            [WORKER 14] ia=1876, solar   , zout=65.3, eup=  333.65 +- 1.23087907
                                            [WORKER 10] ia=1866, thermal , zout=65.3, eup=  234.23 +- 0.235905561
                                            [WORKER  7] ia=1867, thermal , zout=65.3, eup=  233.74 +- 0.243169133
                                            [WORKER  9] ia=1868, thermal , zout=65.3, eup=  233.22 +- 0.255076821
     Process 10 started calculating ia=1885
                                            [WORKER 11] ia=1869, thermal , zout=65.3, eup=  233.45 +- 0.265594397
     Process 7 started calculating ia=1886
     Process 9 started calculating ia=1887
     Process 11 started calculating ia=1888
                                            [WORKER 16] ia=1877, solar   , zout=65.3, eup=  331.77 +- 1.21114392
                                            [WORKER  8] ia=1878, solar   , zout=65.3, eup=  334.48 +- 1.18719042
                                            [WORKER 17] ia=1879, solar   , zout=65.3, eup=  333.31 +- 1.22348248
                                            [WORKER  1] ia=1880, solar   , zout=65.3, eup=  333.50 +- 1.20808074
                                            [WORKER  3] ia=1870, thermal , zout=65.3, eup=  233.09 +- 0.264717684
     Process 3 started calculating ia=1889
                                            [WORKER  2] ia=1881, solar   , zout=65.3, eup=  330.17 +- 1.20465164
                                            [WORKER 12] ia=1871, thermal , zout=65.3, eup=  233.58 +- 0.264010741
                                            [WORKER 19] ia=1872, thermal , zout=65.3, eup=  234.26 +- 0.241810752
                                            [WORKER  5] ia=1882, solar   , zout=65.3, eup=  332.33 +- 1.22820415
                                            [WORKER  6] ia=1883, solar   , zout=65.3, eup=  330.04 +- 1.2046844
                                            [WORKER  4] ia=1873, thermal , zout=65.3, eup=  234.52 +- 0.254539653
     Process 12 started calculating ia=1890
     Process 19 started calculating ia=1891
                                            [WORKER 18] ia=1884, solar   , zout=65.3, eup=  334.50 +- 1.21481937
                                            [WORKER 13] ia=1874, thermal , zout=65.3, eup=  234.49 +- 0.245605954
                                            [WORKER 15] ia=1875, thermal , zout=65.3, eup=  234.35 +- 0.242989489
     Process 4 started calculating ia=1892
                                            [WORKER 14] ia=1876, thermal , zout=65.3, eup=  234.01 +- 0.277228479
     Process 13 started calculating ia=1893
     Process 15 started calculating ia=1894
                                            [WORKER 16] ia=1877, thermal , zout=65.3, eup=  234.05 +- 0.258809244
     Process 14 started calculating ia=1895
                                            [WORKER 10] ia=1885, solar   , zout=65.3, eup=  331.55 +- 1.22210408
                                            [WORKER 17] ia=1879, thermal , zout=65.3, eup=  234.39 +- 0.243364627
                                            [WORKER  8] ia=1878, thermal , zout=65.3, eup=  233.93 +- 0.276667496
                                            [WORKER  7] ia=1886, solar   , zout=65.3, eup=  331.18 +- 1.22632606
                                            [WORKER  1] ia=1880, thermal , zout=65.3, eup=  232.22 +- 0.284009837
     Process 16 started calculating ia=1896
                                            [WORKER 11] ia=1888, solar   , zout=65.3, eup=  328.61 +- 1.23050217
                                            [WORKER  9] ia=1887, solar   , zout=65.3, eup=  329.75 +- 1.22589997
     Process 17 started calculating ia=1897
     Process 8 started calculating ia=1898
     Process 1 started calculating ia=1899
                                            [WORKER  3] ia=1889, solar   , zout=65.3, eup=  327.95 +- 1.22508097
                                            [WORKER  5] ia=1882, thermal , zout=65.3, eup=  235.00 +- 0.254135498
                                            [WORKER  2] ia=1881, thermal , zout=65.3, eup=  234.44 +- 0.254194932
     Process 5 started calculating ia=1900
     Process 2 started calculating ia=1901
                                            [WORKER  6] ia=1883, thermal , zout=65.3, eup=  235.23 +- 0.267078351
                                            [WORKER 12] ia=1890, solar   , zout=65.3, eup=  326.16 +- 1.23531586
                                            [WORKER 19] ia=1891, solar   , zout=65.3, eup=  325.72 +- 1.22645432
                                            [WORKER 18] ia=1884, thermal , zout=65.3, eup=  235.32 +- 0.257251519
     Process 6 started calculating ia=1902
                                            [WORKER  4] ia=1892, solar   , zout=65.3, eup=  327.45 +- 1.22497266
     Process 18 started calculating ia=1903
                                            [WORKER 13] ia=1893, solar   , zout=65.3, eup=  323.08 +- 1.23811484
                                            [WORKER 15] ia=1894, solar   , zout=65.3, eup=  325.45 +- 1.23172413
                                            [WORKER 14] ia=1895, solar   , zout=65.3, eup=  323.98 +- 1.23291093
                                            [WORKER 10] ia=1885, thermal , zout=65.3, eup=  235.33 +- 0.265471484
     Process 10 started calculating ia=1904
                                            [WORKER 16] ia=1896, solar   , zout=65.3, eup=  325.33 +- 1.2210337
                                            [WORKER  7] ia=1886, thermal , zout=65.3, eup=  235.53 +- 0.252942015
                                            [WORKER 11] ia=1888, thermal , zout=65.3, eup=  235.87 +- 0.249279056
                                            [WORKER  9] ia=1887, thermal , zout=65.3, eup=  235.96 +- 0.252368924
     Process 7 started calculating ia=1905
     Process 11 started calculating ia=1906
     Process 9 started calculating ia=1907
                                            [WORKER 17] ia=1897, solar   , zout=65.3, eup=  321.09 +- 1.24175308
                                            [WORKER  3] ia=1889, thermal , zout=65.3, eup=  235.91 +- 0.244186931
                                            [WORKER  8] ia=1898, solar   , zout=65.3, eup=  320.96 +- 1.24802791
                                            [WORKER  1] ia=1899, solar   , zout=65.3, eup=  321.68 +- 1.24493934
     Process 3 started calculating ia=1908
                                            [WORKER  5] ia=1900, solar   , zout=65.3, eup=  318.56 +- 1.25034394
                                            [WORKER  2] ia=1901, solar   , zout=65.3, eup=  318.84 +- 1.2454954
                                            [WORKER 12] ia=1890, thermal , zout=65.3, eup=  235.94 +- 0.253563312
                                            [WORKER 19] ia=1891, thermal , zout=65.3, eup=  236.04 +- 0.260002416
                                            [WORKER  4] ia=1892, thermal , zout=65.3, eup=  236.54 +- 0.233627135
                                            [WORKER  6] ia=1902, solar   , zout=65.3, eup=  320.72 +- 1.24207924
     Process 12 started calculating ia=1909
     Process 19 started calculating ia=1910
                                            [WORKER 13] ia=1893, thermal , zout=65.3, eup=  236.14 +- 0.256687629
                                            [WORKER 15] ia=1894, thermal , zout=65.3, eup=  236.30 +- 0.26025528
                                            [WORKER 18] ia=1903, solar   , zout=65.3, eup=  319.96 +- 1.23894558
     Process 4 started calculating ia=1911
                                            [WORKER 14] ia=1895, thermal , zout=65.3, eup=  236.03 +- 0.271942644
     Process 13 started calculating ia=1912
     Process 15 started calculating ia=1913
                                            [WORKER 16] ia=1896, thermal , zout=65.3, eup=  235.92 +- 0.269576221
     Process 14 started calculating ia=1914
                                            [WORKER 10] ia=1904, solar   , zout=65.3, eup=  317.41 +- 1.24274
     Process 16 started calculating ia=1915
                                            [WORKER 17] ia=1897, thermal , zout=65.3, eup=  236.01 +- 0.27175422
                                            [WORKER  8] ia=1898, thermal , zout=65.3, eup=  236.14 +- 0.275135328
                                            [WORKER 11] ia=1906, solar   , zout=65.3, eup=  314.99 +- 1.25545499
                                            [WORKER  1] ia=1899, thermal , zout=65.3, eup=  236.03 +- 0.267044077
                                            [WORKER  7] ia=1905, solar   , zout=65.3, eup=  314.95 +- 1.25197731
                                            [WORKER  9] ia=1907, solar   , zout=65.3, eup=  316.41 +- 1.25667947
     Process 17 started calculating ia=1916
     Process 8 started calculating ia=1917
                                            [WORKER  3] ia=1908, solar   , zout=65.3, eup=  316.29 +- 1.25412965
     Process 1 started calculating ia=1918
                                            [WORKER  5] ia=1900, thermal , zout=65.3, eup=  235.94 +- 0.274286478
                                            [WORKER  2] ia=1901, thermal , zout=65.3, eup=  236.56 +- 0.26162832
                                            [WORKER  6] ia=1902, thermal , zout=65.3, eup=  236.56 +- 0.25768245
     Process 5 started calculating ia=1919
     Process 2 started calculating ia=1920
                                            [WORKER 12] ia=1909, solar   , zout=65.3, eup=  314.76 +- 1.24222493
                                            [WORKER 19] ia=1910, solar   , zout=65.3, eup=  317.04 +- 1.24636546
                                            [WORKER 18] ia=1903, thermal , zout=65.3, eup=  235.27 +- 0.275704455
     Process 6 started calculating ia=1921
                                            [WORKER  4] ia=1911, solar   , zout=65.3, eup=  315.33 +- 1.25274633
                                            [WORKER 10] ia=1904, thermal , zout=65.3, eup=  235.85 +- 0.277809759
     Process 18 started calculating ia=1922
                                            [WORKER 13] ia=1912, solar   , zout=65.3, eup=  315.75 +- 1.25525239
                                            [WORKER 15] ia=1913, solar   , zout=65.3, eup=  315.19 +- 1.25222699
                                            [WORKER 14] ia=1914, solar   , zout=65.3, eup=  318.59 +- 1.24470361
                                            [WORKER 16] ia=1915, solar   , zout=65.3, eup=  317.51 +- 1.24567959
     Process 10 started calculating ia=1923
                                            [WORKER 11] ia=1906, thermal , zout=65.3, eup=  234.37 +- 0.280375658
                                            [WORKER  7] ia=1905, thermal , zout=65.3, eup=  231.39 +- 0.341049686
     Process 11 started calculating ia=1924
                                            [WORKER  9] ia=1907, thermal , zout=65.3, eup=  234.48 +- 0.289234059
                                            [WORKER 17] ia=1916, solar   , zout=65.3, eup=  315.95 +- 1.2481411
                                            [WORKER  8] ia=1917, solar   , zout=65.3, eup=  316.25 +- 1.25111044
     Process 7 started calculating ia=1925
                                            [WORKER  3] ia=1908, thermal , zout=65.3, eup=  234.11 +- 0.295039324
     Process 9 started calculating ia=1926
                                            [WORKER  1] ia=1918, solar   , zout=65.3, eup=  316.29 +- 1.2449751
     Process 3 started calculating ia=1927
                                            [WORKER  5] ia=1919, solar   , zout=65.3, eup=  314.50 +- 1.25638191
                                            [WORKER  2] ia=1920, solar   , zout=65.3, eup=  318.18 +- 1.24102772
                                            [WORKER 12] ia=1909, thermal , zout=65.3, eup=  230.05 +- 0.357285187
                                            [WORKER 19] ia=1910, thermal , zout=65.3, eup=  234.89 +- 0.285799268
                                            [WORKER  6] ia=1921, solar   , zout=65.3, eup=  315.00 +- 1.25703857
                                            [WORKER  4] ia=1911, thermal , zout=65.3, eup=  234.38 +- 0.301261976
     Process 12 started calculating ia=1928
     Process 19 started calculating ia=1929
                                            [WORKER 13] ia=1912, thermal , zout=65.3, eup=  234.30 +- 0.293875296
                                            [WORKER 15] ia=1913, thermal , zout=65.3, eup=  235.14 +- 0.285281977
                                            [WORKER 14] ia=1914, thermal , zout=65.3, eup=  235.15 +- 0.284361306
                                            [WORKER 18] ia=1922, solar   , zout=65.3, eup=  316.81 +- 1.25069813
     Process 4 started calculating ia=1930
                                            [WORKER 16] ia=1915, thermal , zout=65.3, eup=  233.75 +- 0.304131943
                                            [WORKER 10] ia=1923, solar   , zout=65.3, eup=  311.76 +- 1.23766246
     Process 13 started calculating ia=1931
     Process 15 started calculating ia=1932
     Process 14 started calculating ia=1933
     Process 16 started calculating ia=1934
                                            [WORKER 11] ia=1924, solar   , zout=65.3, eup=  317.82 +- 1.23646966
                                            [WORKER  8] ia=1917, thermal , zout=65.3, eup=  233.63 +- 0.307290015
                                            [WORKER 17] ia=1916, thermal , zout=65.3, eup=  233.37 +- 0.29993036
                                            [WORKER  7] ia=1925, solar   , zout=65.3, eup=  314.99 +- 1.25881956
                                            [WORKER  1] ia=1918, thermal , zout=65.3, eup=  232.98 +- 0.305687303
                                            [WORKER  9] ia=1926, solar   , zout=65.3, eup=  318.40 +- 1.23413726
     Process 17 started calculating ia=1935
     Process 8 started calculating ia=1936
                                            [WORKER  3] ia=1927, solar   , zout=65.3, eup=  316.76 +- 1.25115784
                                            [WORKER  5] ia=1919, thermal , zout=65.3, eup=  231.93 +- 0.322147001
                                            [WORKER  2] ia=1920, thermal , zout=65.3, eup=  232.18 +- 0.323738478
     Process 1 started calculating ia=1937
                                            [WORKER  6] ia=1921, thermal , zout=65.3, eup=  232.79 +- 0.305848733
                                            [WORKER 12] ia=1928, solar   , zout=65.3, eup=  318.28 +- 1.25035276
     Process 5 started calculating ia=1938
     Process 2 started calculating ia=1939
                                            [WORKER 19] ia=1929, solar   , zout=65.3, eup=  319.46 +- 1.24000727
     Process 6 started calculating ia=1940
                                            [WORKER  4] ia=1930, solar   , zout=65.3, eup=  317.22 +- 1.24869947
                                            [WORKER 18] ia=1922, thermal , zout=65.3, eup=  231.97 +- 0.322065418
                                            [WORKER 10] ia=1923, thermal , zout=65.3, eup=  222.36 +- 0.404471503
                                            [WORKER 13] ia=1931, solar   , zout=65.3, eup=  319.73 +- 1.24461056
                                            [WORKER 15] ia=1932, solar   , zout=65.3, eup=  320.75 +- 1.24128979
     Process 18 started calculating ia=1941
                                            [WORKER 14] ia=1933, solar   , zout=65.3, eup=  321.09 +- 1.23619968
                                            [WORKER 16] ia=1934, solar   , zout=65.3, eup=  321.77 +- 1.23254254
     Process 10 started calculating ia=1942
                                            [WORKER 11] ia=1924, thermal , zout=65.3, eup=  230.08 +- 0.342885458
                                            [WORKER  7] ia=1925, thermal , zout=65.3, eup=  230.56 +- 0.33861056
     Process 11 started calculating ia=1943
     Process 7 started calculating ia=1944
                                            [WORKER  9] ia=1926, thermal , zout=65.3, eup=  230.42 +- 0.340127969
                                            [WORKER  3] ia=1927, thermal , zout=65.3, eup=  231.03 +- 0.333965368
                                            [WORKER  8] ia=1936, solar   , zout=65.3, eup=  326.96 +- 1.22556527
                                            [WORKER 17] ia=1935, solar   , zout=65.3, eup=  322.52 +- 1.23137784
     Process 9 started calculating ia=1945
     Process 3 started calculating ia=1946
                                            [WORKER  1] ia=1937, solar   , zout=65.3, eup=  323.45 +- 1.21870882
                                            [WORKER 12] ia=1928, thermal , zout=65.3, eup=  230.60 +- 0.331854863
                                            [WORKER 19] ia=1929, thermal , zout=65.3, eup=  230.47 +- 0.34707312
                                            [WORKER  5] ia=1938, solar   , zout=65.3, eup=  322.11 +- 1.20303325
                                            [WORKER  4] ia=1930, thermal , zout=65.3, eup=  231.20 +- 0.330798407
                                            [WORKER  2] ia=1939, solar   , zout=65.3, eup=  321.87 +- 1.20815341
     Process 12 started calculating ia=1947
                                            [WORKER  6] ia=1940, solar   , zout=65.3, eup=  327.48 +- 1.2371591
     Process 19 started calculating ia=1948
     Process 4 started calculating ia=1949
                                            [WORKER 13] ia=1931, thermal , zout=65.3, eup=  231.23 +- 0.347670716
                                            [WORKER 15] ia=1932, thermal , zout=65.3, eup=  231.45 +- 0.334951184
                                            [WORKER 14] ia=1933, thermal , zout=65.3, eup=  231.24 +- 0.329462663
                                            [WORKER 18] ia=1941, solar   , zout=65.3, eup=  332.54 +- 1.22006795
                                            [WORKER 16] ia=1934, thermal , zout=65.3, eup=  232.29 +- 0.325337491
     Process 13 started calculating ia=1950
     Process 15 started calculating ia=1951
                                            [WORKER 10] ia=1942, solar   , zout=65.3, eup=  330.10 +- 1.21907704
     Process 14 started calculating ia=1952
     Process 16 started calculating ia=1953
                                            [WORKER 11] ia=1943, solar   , zout=65.3, eup=  332.69 +- 1.22774526
                                            [WORKER  8] ia=1936, thermal , zout=65.3, eup=  233.26 +- 0.304351279
                                            [WORKER 17] ia=1935, thermal , zout=65.3, eup=  231.53 +- 0.323248929
                                            [WORKER  7] ia=1944, solar   , zout=65.3, eup=  336.44 +- 1.20410156
                                            [WORKER  1] ia=1937, thermal , zout=65.3, eup=  232.65 +- 0.32483698
                                            [WORKER  3] ia=1946, solar   , zout=65.3, eup=  333.79 +- 1.22702693
     Process 8 started calculating ia=1954
     Process 17 started calculating ia=1955
                                            [WORKER  9] ia=1945, solar   , zout=65.3, eup=  332.98 +- 1.22649004
     Process 1 started calculating ia=1956
                                            [WORKER  5] ia=1938, thermal , zout=65.3, eup=  232.95 +- 0.296422061
                                            [WORKER  2] ia=1939, thermal , zout=65.3, eup=  233.17 +- 0.303060553
                                            [WORKER  6] ia=1940, thermal , zout=65.3, eup=  232.26 +- 0.323115217
                                            [WORKER 12] ia=1947, solar   , zout=65.3, eup=  337.64 +- 1.20128079
                                            [WORKER 19] ia=1948, solar   , zout=65.3, eup=  337.30 +- 1.20722451
                                            [WORKER  4] ia=1949, solar   , zout=65.3, eup=  337.17 +- 1.21434722
     Process 5 started calculating ia=1957
     Process 2 started calculating ia=1958
     Process 6 started calculating ia=1959
                                            [WORKER 18] ia=1941, thermal , zout=65.3, eup=  234.72 +- 0.304096664
     Process 18 started calculating ia=1960
                                            [WORKER 10] ia=1942, thermal , zout=65.3, eup=  232.58 +- 0.326573222
                                            [WORKER 15] ia=1951, solar   , zout=65.3, eup=  337.10 +- 1.21862636
                                            [WORKER 13] ia=1950, solar   , zout=65.3, eup=  338.22 +- 1.21273508
                                            [WORKER 16] ia=1953, solar   , zout=65.3, eup=  340.64 +- 1.19547241
                                            [WORKER 14] ia=1952, solar   , zout=65.3, eup=  337.72 +- 1.21030291
     Process 10 started calculating ia=1961
                                            [WORKER 11] ia=1943, thermal , zout=65.3, eup=  234.21 +- 0.304978427
     Process 11 started calculating ia=1962
                                            [WORKER  7] ia=1944, thermal , zout=65.3, eup=  233.98 +- 0.314941844
     Process 7 started calculating ia=1963
                                            [WORKER  8] ia=1954, solar   , zout=65.3, eup=  335.83 +- 1.21674436
                                            [WORKER 17] ia=1955, solar   , zout=65.3, eup=  332.00 +- 1.23929268
                                            [WORKER  3] ia=1946, thermal , zout=65.3, eup=  234.24 +- 0.286298385
                                            [WORKER  9] ia=1945, thermal , zout=65.3, eup=  234.35 +- 0.305544345
     Process 3 started calculating ia=1964
                                            [WORKER  1] ia=1956, solar   , zout=65.3, eup=  330.49 +- 1.23401603
     Process 9 started calculating ia=1965
                                            [WORKER 12] ia=1947, thermal , zout=65.3, eup=  233.39 +- 0.313906402
                                            [WORKER 19] ia=1948, thermal , zout=65.3, eup=  234.06 +- 0.304030774
                                            [WORKER  4] ia=1949, thermal , zout=65.3, eup=  233.41 +- 0.307264119
     Process 12 started calculating ia=1966
     Process 19 started calculating ia=1967
                                            [WORKER  5] ia=1957, solar   , zout=65.3, eup=  328.71 +- 1.23533434
                                            [WORKER  6] ia=1959, solar   , zout=65.3, eup=  318.85 +- 1.2689154
                                            [WORKER  2] ia=1958, solar   , zout=65.3, eup=  325.66 +- 1.24569548
     Process 4 started calculating ia=1968
                                            [WORKER 18] ia=1960, solar   , zout=65.3, eup=  317.33 +- 1.26085111
                                            [WORKER 15] ia=1951, thermal , zout=65.3, eup=  234.14 +- 0.309103509
                                            [WORKER 13] ia=1950, thermal , zout=65.3, eup=  233.39 +- 0.32562698
                                            [WORKER 16] ia=1953, thermal , zout=65.3, eup=  234.59 +- 0.309819431
                                            [WORKER 14] ia=1952, thermal , zout=65.3, eup=  234.89 +- 0.291276559
                                            [WORKER 10] ia=1961, solar   , zout=65.3, eup=  315.56 +- 1.26447314
     Process 15 started calculating ia=1969
     Process 13 started calculating ia=1970
     Process 16 started calculating ia=1971
     Process 14 started calculating ia=1972
                                            [WORKER 11] ia=1962, solar   , zout=65.3, eup=  314.06 +- 1.26800605
                                            [WORKER 17] ia=1955, thermal , zout=65.3, eup=  235.39 +- 0.290279623
                                            [WORKER  8] ia=1954, thermal , zout=65.3, eup=  234.76 +- 0.299393947
                                            [WORKER  7] ia=1963, solar   , zout=65.3, eup=  308.25 +- 1.27933159
                                            [WORKER  3] ia=1964, solar   , zout=65.3, eup=  304.35 +- 1.27901804
                                            [WORKER  1] ia=1956, thermal , zout=65.3, eup=  236.55 +- 0.288587334
     Process 17 started calculating ia=1973
     Process 8 started calculating ia=1974
                                            [WORKER  9] ia=1965, solar   , zout=65.3, eup=  301.31 +- 1.27807274
     Process 1 started calculating ia=1975
                                            [WORKER  5] ia=1957, thermal , zout=65.3, eup=  236.32 +- 0.294242265
                                            [WORKER  6] ia=1959, thermal , zout=65.3, eup=  236.10 +- 0.301152768
                                            [WORKER 12] ia=1966, solar   , zout=65.3, eup=  297.94 +- 1.27286212
                                            [WORKER 19] ia=1967, solar   , zout=65.3, eup=  294.35 +- 1.29630469
                                            [WORKER  2] ia=1958, thermal , zout=65.3, eup=  236.94 +- 0.274581817
                                            [WORKER  4] ia=1968, solar   , zout=65.3, eup=  289.17 +- 1.29966954
     Process 5 started calculating ia=1976
     Process 6 started calculating ia=1977
     Process 2 started calculating ia=1978
                                            [WORKER 18] ia=1960, thermal , zout=65.3, eup=  236.91 +- 0.278738958
                                            [WORKER 10] ia=1961, thermal , zout=65.3, eup=  236.16 +- 0.293478738
     Process 18 started calculating ia=1979
     Process 10 started calculating ia=1980
                                            [WORKER 16] ia=1971, solar   , zout=65.3, eup=  275.74 +- 1.30686518
                                            [WORKER 15] ia=1969, solar   , zout=65.3, eup=  282.47 +- 1.30306838
                                            [WORKER 13] ia=1970, solar   , zout=65.3, eup=  280.18 +- 1.29030355
                                            [WORKER 14] ia=1972, solar   , zout=65.3, eup=  274.97 +- 1.30655281
                                            [WORKER 11] ia=1962, thermal , zout=65.3, eup=  236.35 +- 0.30865525
                                            [WORKER  7] ia=1963, thermal , zout=65.3, eup=  235.04 +- 0.311416955
                                            [WORKER  3] ia=1964, thermal , zout=65.3, eup=  231.11 +- 0.361132203
     Process 11 started calculating ia=1981
                                            [WORKER  8] ia=1974, solar   , zout=65.3, eup=  266.35 +- 1.31405765
                                            [WORKER 17] ia=1973, solar   , zout=65.3, eup=  272.32 +- 1.30901656
     Process 7 started calculating ia=1982
     Process 3 started calculating ia=1983
                                            [WORKER  9] ia=1965, thermal , zout=65.3, eup=  232.78 +- 0.347803213
                                            [WORKER  1] ia=1975, solar   , zout=65.3, eup=  263.68 +- 1.30769445
                                            [WORKER 12] ia=1966, thermal , zout=65.3, eup=  233.68 +- 0.346718187
     Process 9 started calculating ia=1984
                                            [WORKER 19] ia=1967, thermal , zout=65.3, eup=  235.13 +- 0.322478992
                                            [WORKER  4] ia=1968, thermal , zout=65.3, eup=  234.74 +- 0.34536674
     Process 12 started calculating ia=1985
     Process 19 started calculating ia=1986
     Process 4 started calculating ia=1987
                                            [WORKER  5] ia=1976, solar   , zout=65.3, eup=  261.71 +- 1.31332494
                                            [WORKER  6] ia=1977, solar   , zout=65.3, eup=  258.84 +- 1.30427531
                                            [WORKER  2] ia=1978, solar   , zout=65.3, eup=  257.71 +- 1.31458471
                                            [WORKER 18] ia=1979, solar   , zout=65.3, eup=  254.73 +- 1.31551773
                                            [WORKER 10] ia=1980, solar   , zout=65.3, eup=  255.04 +- 1.31446278
                                            [WORKER 15] ia=1969, thermal , zout=65.3, eup=  234.38 +- 0.348294594
                                            [WORKER 16] ia=1971, thermal , zout=65.3, eup=  234.11 +- 0.346924021
                                            [WORKER 13] ia=1970, thermal , zout=65.3, eup=  228.61 +- 0.389629105
                                            [WORKER 14] ia=1972, thermal , zout=65.3, eup=  233.99 +- 0.357113252
     Process 15 started calculating ia=1988
     Process 16 started calculating ia=1989
     Process 13 started calculating ia=1990
     Process 14 started calculating ia=1991
                                            [WORKER 11] ia=1981, solar   , zout=65.3, eup=  254.84 +- 1.31382852
                                            [WORKER  8] ia=1974, thermal , zout=65.3, eup=  235.99 +- 0.337808963
                                            [WORKER 17] ia=1973, thermal , zout=65.3, eup=  235.02 +- 0.341834322
                                            [WORKER  7] ia=1982, solar   , zout=65.3, eup=  256.19 +- 1.32340875
                                            [WORKER  3] ia=1983, solar   , zout=65.3, eup=  258.01 +- 1.32475499
     Process 8 started calculating ia=1992
     Process 17 started calculating ia=1993
                                            [WORKER  1] ia=1975, thermal , zout=65.3, eup=  233.82 +- 0.358926908
                                            [WORKER  9] ia=1984, solar   , zout=65.3, eup=  259.44 +- 1.32029783
     Process 1 started calculating ia=1994
                                            [WORKER  5] ia=1976, thermal , zout=65.3, eup=  233.24 +- 0.371749259
                                            [WORKER 12] ia=1985, solar   , zout=65.3, eup=  256.11 +- 1.300773
                                            [WORKER 19] ia=1986, solar   , zout=65.3, eup=  259.66 +- 1.32573346
                                            [WORKER  4] ia=1987, solar   , zout=65.3, eup=  261.02 +- 1.32063515
                                            [WORKER  6] ia=1977, thermal , zout=65.3, eup=  231.26 +- 0.3837221
                                            [WORKER  2] ia=1978, thermal , zout=65.3, eup=  232.88 +- 0.39004101
     Process 5 started calculating ia=1995
                                            [WORKER 18] ia=1979, thermal , zout=65.3, eup=  231.91 +- 0.406653039
                                            [WORKER 10] ia=1980, thermal , zout=65.3, eup=  231.66 +- 0.410776795
     Process 6 started calculating ia=1996
     Process 2 started calculating ia=1997
     Process 18 started calculating ia=1998
     Process 10 started calculating ia=1999
                                            [WORKER 16] ia=1989, solar   , zout=65.3, eup=  264.86 +- 1.32536766
                                            [WORKER 15] ia=1988, solar   , zout=65.3, eup=  262.55 +- 1.31945317
                                            [WORKER 13] ia=1990, solar   , zout=65.3, eup=  265.84 +- 1.33265144
                                            [WORKER 14] ia=1991, solar   , zout=65.3, eup=  269.99 +- 1.32715764
                                            [WORKER 11] ia=1981, thermal , zout=65.3, eup=  232.71 +- 0.398260638
                                            [WORKER  3] ia=1983, thermal , zout=65.3, eup=  236.39 +- 0.353053713
     Process 11 started calculating ia=2000
                                            [WORKER  7] ia=1982, thermal , zout=65.3, eup=  236.81 +- 0.353961411
                                            [WORKER  8] ia=1992, solar   , zout=65.3, eup=  273.63 +- 1.32719353
                                            [WORKER 17] ia=1993, solar   , zout=65.3, eup=  278.04 +- 1.31081928
                                            [WORKER  9] ia=1984, thermal , zout=65.3, eup=  235.48 +- 0.365895901
     Process 3 started calculating ia=2001
                                            [WORKER  1] ia=1994, solar   , zout=65.3, eup=  279.00 +- 1.32750328
     Process 7 started calculating ia=2002
     Process 9 started calculating ia=2003
                                            [WORKER 12] ia=1985, thermal , zout=65.3, eup=  222.19 +- 0.471722445
                                            [WORKER  4] ia=1987, thermal , zout=65.3, eup=  233.02 +- 0.397406441
                                            [WORKER 19] ia=1986, thermal , zout=65.3, eup=  233.74 +- 0.390621586
     Process 12 started calculating ia=2004
                                            [WORKER  5] ia=1995, solar   , zout=65.3, eup=  282.80 +- 1.32506478
     Process 4 started calculating ia=2005
     Process 19 started calculating ia=2006
                                            [WORKER  6] ia=1996, solar   , zout=65.3, eup=  286.28 +- 1.31482513
                                            [WORKER  2] ia=1997, solar   , zout=65.3, eup=  286.75 +- 1.31888472
                                            [WORKER 18] ia=1998, solar   , zout=65.3, eup=  285.21 +- 1.32279757
                                            [WORKER 10] ia=1999, solar   , zout=65.3, eup=  287.95 +- 1.32034857
                                            [WORKER 16] ia=1989, thermal , zout=65.3, eup=  231.78 +- 0.426492919
                                            [WORKER 15] ia=1988, thermal , zout=65.3, eup=  230.51 +- 0.428133321
                                            [WORKER 13] ia=1990, thermal , zout=65.3, eup=  229.81 +- 0.428730402
                                            [WORKER 14] ia=1991, thermal , zout=65.3, eup=  227.15 +- 0.460577016
     Process 16 started calculating ia=2007
     Process 15 started calculating ia=2008
     Process 13 started calculating ia=2009
     Process 14 started calculating ia=2010
                                            [WORKER 11] ia=2000, solar   , zout=65.3, eup=  289.16 +- 1.31704253
                                            [WORKER 17] ia=1993, thermal , zout=65.3, eup=  221.27 +- 0.475153576
                                            [WORKER  8] ia=1992, thermal , zout=65.3, eup=  225.88 +- 0.462986642
                                            [WORKER  1] ia=1994, thermal , zout=65.3, eup=  221.55 +- 0.483741792
     Process 17 started calculating ia=2011
     Process 8 started calculating ia=2012
                                            [WORKER  3] ia=2001, solar   , zout=65.3, eup=  286.79 +- 1.32634913
     Process 1 started calculating ia=2013
                                            [WORKER  7] ia=2002, solar   , zout=65.3, eup=  288.85 +- 1.32463423
                                            [WORKER  9] ia=2003, solar   , zout=65.3, eup=  285.43 +- 1.33809051
                                            [WORKER  5] ia=1995, thermal , zout=65.3, eup=  218.28 +- 0.507590612
                                            [WORKER 12] ia=2004, solar   , zout=65.3, eup=  285.68 +- 1.33396387
     Process 5 started calculating ia=2014
                                            [WORKER  6] ia=1996, thermal , zout=65.3, eup=  218.20 +- 0.503435758
                                            [WORKER  4] ia=2005, solar   , zout=65.3, eup=  287.84 +- 1.32726134
                                            [WORKER 19] ia=2006, solar   , zout=65.3, eup=  286.64 +- 1.33385899
                                            [WORKER  2] ia=1997, thermal , zout=65.3, eup=  216.57 +- 0.504573233
     Process 6 started calculating ia=2015
                                            [WORKER 18] ia=1998, thermal , zout=65.3, eup=  218.51 +- 0.492736767
                                            [WORKER 10] ia=1999, thermal , zout=65.3, eup=  217.85 +- 0.498173791
     Process 2 started calculating ia=2016
     Process 18 started calculating ia=2017
     Process 10 started calculating ia=2018
                                            [WORKER 11] ia=2000, thermal , zout=65.3, eup=  218.09 +- 0.508787452
                                            [WORKER 16] ia=2007, solar   , zout=65.3, eup=  284.95 +- 1.33157099
                                            [WORKER 15] ia=2008, solar   , zout=65.3, eup=  284.30 +- 1.33808267
                                            [WORKER 13] ia=2009, solar   , zout=65.3, eup=  284.61 +- 1.3313361
                                            [WORKER 14] ia=2010, solar   , zout=65.3, eup=  281.95 +- 1.33328045
     Process 11 started calculating ia=2019
                                            [WORKER  3] ia=2001, thermal , zout=65.3, eup=  218.37 +- 0.511707801
                                            [WORKER 17] ia=2011, solar   , zout=65.3, eup=  282.16 +- 1.32920556
                                            [WORKER  8] ia=2012, solar   , zout=65.3, eup=  277.28 +- 1.33289204
                                            [WORKER  7] ia=2002, thermal , zout=65.3, eup=  218.24 +- 0.510528053
                                            [WORKER  1] ia=2013, solar   , zout=65.3, eup=  271.45 +- 1.34525813
                                            [WORKER  9] ia=2003, thermal , zout=65.3, eup=  218.99 +- 0.502531587
     Process 3 started calculating ia=2020
     Process 7 started calculating ia=2021
     Process 9 started calculating ia=2022
                                            [WORKER  5] ia=2014, solar   , zout=65.3, eup=  271.34 +- 1.33836715
                                            [WORKER 12] ia=2004, thermal , zout=65.3, eup=  218.01 +- 0.51477307
                                            [WORKER  4] ia=2005, thermal , zout=65.3, eup=  219.33 +- 0.495063448
                                            [WORKER 19] ia=2006, thermal , zout=65.3, eup=  219.65 +- 0.497983143
     Process 12 started calculating ia=2023
                                            [WORKER  6] ia=2015, solar   , zout=65.3, eup=  265.92 +- 1.33875255
     Process 4 started calculating ia=2024
     Process 19 started calculating ia=2025
                                            [WORKER  2] ia=2016, solar   , zout=65.3, eup=  263.13 +- 1.34019297
                                            [WORKER 10] ia=2018, solar   , zout=65.3, eup=  250.55 +- 1.34799438
                                            [WORKER 18] ia=2017, solar   , zout=65.3, eup=  256.35 +- 1.33873011
                                            [WORKER 16] ia=2007, thermal , zout=65.3, eup=  219.10 +- 0.504249929
                                            [WORKER 15] ia=2008, thermal , zout=65.3, eup=  220.51 +- 0.488311248
                                            [WORKER 13] ia=2009, thermal , zout=65.3, eup=  219.44 +- 0.496633131
                                            [WORKER 14] ia=2010, thermal , zout=65.3, eup=  220.90 +- 0.492958389
                                            [WORKER 11] ia=2019, solar   , zout=65.3, eup=  246.89 +- 1.34811632
     Process 16 started calculating ia=2026
     Process 15 started calculating ia=2027
     Process 13 started calculating ia=2028
     Process 14 started calculating ia=2029
                                            [WORKER 17] ia=2011, thermal , zout=65.3, eup=  221.02 +- 0.491537892
                                            [WORKER  8] ia=2012, thermal , zout=65.3, eup=  222.19 +- 0.481756361
                                            [WORKER  1] ia=2013, thermal , zout=65.3, eup=  223.60 +- 0.472435876
                                            [WORKER  3] ia=2020, solar   , zout=65.3, eup=  243.47 +- 1.3482837
     Process 17 started calculating ia=2030
     Process 8 started calculating ia=2031
     Process 1 started calculating ia=2032
                                            [WORKER  7] ia=2021, solar   , zout=65.3, eup=  238.53 +- 1.35121278
                                            [WORKER  9] ia=2022, solar   , zout=65.3, eup=  235.24 +- 1.35089871
                                            [WORKER  5] ia=2014, thermal , zout=65.3, eup=  224.05 +- 0.471323135
                                            [WORKER  6] ia=2015, thermal , zout=65.3, eup=  224.51 +- 0.476721049
     Process 5 started calculating ia=2033
                                            [WORKER 12] ia=2023, solar   , zout=65.3, eup=  233.54 +- 1.35008706
                                            [WORKER  4] ia=2024, solar   , zout=65.3, eup=  231.43 +- 1.35420687
                                            [WORKER 19] ia=2025, solar   , zout=65.3, eup=  231.96 +- 1.35228057
                                            [WORKER  2] ia=2016, thermal , zout=65.3, eup=  226.03 +- 0.471043365
     Process 6 started calculating ia=2034
                                            [WORKER 10] ia=2018, thermal , zout=65.3, eup=  230.95 +- 0.424336757
                                            [WORKER 18] ia=2017, thermal , zout=65.3, eup=  227.82 +- 0.452552104
     Process 2 started calculating ia=2035
     Process 10 started calculating ia=2036
     Process 18 started calculating ia=2037
                                            [WORKER 11] ia=2019, thermal , zout=65.3, eup=  233.01 +- 0.404209551
                                            [WORKER 16] ia=2026, solar   , zout=65.3, eup=  229.37 +- 1.35497378
     Process 11 started calculating ia=2038
                                            [WORKER 13] ia=2028, solar   , zout=65.3, eup=  236.50 +- 1.35510306
                                            [WORKER 15] ia=2027, solar   , zout=65.3, eup=  229.34 +- 1.35387932
                                            [WORKER 14] ia=2029, solar   , zout=65.3, eup=  236.53 +- 1.35771468
                                            [WORKER  3] ia=2020, thermal , zout=65.3, eup=  233.36 +- 0.406283286
                                            [WORKER  7] ia=2021, thermal , zout=65.3, eup=  235.02 +- 0.383763203
                                            [WORKER 17] ia=2030, solar   , zout=65.3, eup=  237.34 +- 1.36056326
                                            [WORKER  1] ia=2032, solar   , zout=65.3, eup=  238.33 +- 1.36498309
                                            [WORKER  8] ia=2031, solar   , zout=65.3, eup=  241.05 +- 1.35982317
     Process 3 started calculating ia=2039
                                            [WORKER  9] ia=2022, thermal , zout=65.3, eup=  233.64 +- 0.410769359
     Process 7 started calculating ia=2040
                                            [WORKER  5] ia=2033, solar   , zout=65.3, eup=  242.35 +- 1.36323184
     Process 9 started calculating ia=2041
                                            [WORKER 12] ia=2023, thermal , zout=65.3, eup=  234.38 +- 0.39539181
                                            [WORKER  4] ia=2024, thermal , zout=65.3, eup=  233.45 +- 0.412267483
                                            [WORKER  6] ia=2034, solar   , zout=65.3, eup=  242.96 +- 1.36750166
                                            [WORKER 19] ia=2025, thermal , zout=65.3, eup=  232.74 +- 0.415793973
     Process 12 started calculating ia=2042
     Process 4 started calculating ia=2043
     Process 19 started calculating ia=2044
                                            [WORKER  2] ia=2035, solar   , zout=65.3, eup=  246.20 +- 1.36907328
                                            [WORKER 10] ia=2036, solar   , zout=65.3, eup=  249.10 +- 1.37654058
                                            [WORKER 18] ia=2037, solar   , zout=65.3, eup=  254.24 +- 1.37404192
                                            [WORKER 16] ia=2026, thermal , zout=65.3, eup=  232.84 +- 0.410630851
                                            [WORKER 11] ia=2038, solar   , zout=65.3, eup=  257.34 +- 1.37617243
                                            [WORKER 13] ia=2028, thermal , zout=65.3, eup=  230.14 +- 0.423659911
                                            [WORKER 15] ia=2027, thermal , zout=65.3, eup=  230.96 +- 0.4275028
     Process 16 started calculating ia=2045
                                            [WORKER 14] ia=2029, thermal , zout=65.3, eup=  229.09 +- 0.444293882
     Process 13 started calculating ia=2046
     Process 15 started calculating ia=2047
     Process 14 started calculating ia=2048
                                            [WORKER 17] ia=2030, thermal , zout=65.3, eup=  227.59 +- 0.428685059
                                            [WORKER  1] ia=2032, thermal , zout=65.3, eup=  224.34 +- 0.440849443
                                            [WORKER  8] ia=2031, thermal , zout=65.3, eup=  226.35 +- 0.424491223
                                            [WORKER  3] ia=2039, solar   , zout=65.3, eup=  260.64 +- 1.37660609
     Process 1 started calculating ia=2049
     Process 17 started calculating ia=2050
     Process 8 started calculating ia=2051
                                            [WORKER  5] ia=2033, thermal , zout=65.3, eup=  222.53 +- 0.448107747
                                            [WORKER  7] ia=2040, solar   , zout=65.3, eup=  270.76 +- 1.37173868
     Process 5 started calculating ia=2052
                                            [WORKER  9] ia=2041, solar   , zout=65.3, eup=  271.57 +- 1.37565303
                                            [WORKER  6] ia=2034, thermal , zout=65.3, eup=  221.47 +- 0.434784706
     Process 6 started calculating ia=2053
                                            [WORKER 12] ia=2042, solar   , zout=65.3, eup=  274.83 +- 1.37408794
                                            [WORKER  4] ia=2043, solar   , zout=65.3, eup=  277.98 +- 1.37268014
                                            [WORKER 19] ia=2044, solar   , zout=65.3, eup=  281.84 +- 1.36892908
                                            [WORKER  2] ia=2035, thermal , zout=65.3, eup=  220.81 +- 0.432162423
                                            [WORKER 18] ia=2037, thermal , zout=65.3, eup=  218.05 +- 0.427793281
                                            [WORKER 10] ia=2036, thermal , zout=65.3, eup=  220.26 +- 0.427801153
                                            [WORKER 11] ia=2038, thermal , zout=65.3, eup=  217.26 +- 0.420903836
     Process 2 started calculating ia=2054
     Process 18 started calculating ia=2055
     Process 10 started calculating ia=2056
                                            [WORKER 16] ia=2045, solar   , zout=65.3, eup=  284.67 +- 1.3688281
     Process 11 started calculating ia=2057
                                            [WORKER 13] ia=2046, solar   , zout=65.3, eup=  290.32 +- 1.36009005
                                            [WORKER 15] ia=2047, solar   , zout=65.3, eup=  292.89 +- 1.36802587
                                            [WORKER  3] ia=2039, thermal , zout=65.3, eup=  215.57 +- 0.411589199
                                            [WORKER 14] ia=2048, solar   , zout=65.3, eup=  297.54 +- 1.3482475
     Process 3 started calculating ia=2058
                                            [WORKER  7] ia=2040, thermal , zout=65.3, eup=  214.42 +- 0.399985876
                                            [WORKER  1] ia=2049, solar   , zout=65.3, eup=  303.65 +- 1.35564428
                                            [WORKER  8] ia=2051, solar   , zout=65.3, eup=  311.94 +- 1.34449073
                                            [WORKER 17] ia=2050, solar   , zout=65.3, eup=  307.35 +- 1.35128526
                                            [WORKER  9] ia=2041, thermal , zout=65.3, eup=  213.07 +- 0.404522082
     Process 7 started calculating ia=2059
                                            [WORKER  5] ia=2052, solar   , zout=65.3, eup=  310.44 +- 1.35384075
     Process 9 started calculating ia=2060
                                            [WORKER  6] ia=2053, solar   , zout=65.3, eup=  312.71 +- 1.34498717
                                            [WORKER 12] ia=2042, thermal , zout=65.3, eup=  212.00 +- 0.394393765
                                            [WORKER  4] ia=2043, thermal , zout=65.3, eup=  211.37 +- 0.389901043
     Process 12 started calculating ia=2061
                                            [WORKER 19] ia=2044, thermal , zout=65.3, eup=  210.59 +- 0.376090273
     Process 4 started calculating ia=2062
     Process 19 started calculating ia=2063
                                            [WORKER 18] ia=2055, solar   , zout=65.3, eup=  313.62 +- 1.34711576
                                            [WORKER  2] ia=2054, solar   , zout=65.3, eup=  314.40 +- 1.34202332
                                            [WORKER 10] ia=2056, solar   , zout=65.3, eup=  314.44 +- 1.33630714
                                            [WORKER 16] ia=2045, thermal , zout=65.3, eup=  209.50 +- 0.365752643
                                            [WORKER 13] ia=2046, thermal , zout=65.3, eup=  208.16 +- 0.368717678
                                            [WORKER 15] ia=2047, thermal , zout=65.3, eup=  206.57 +- 0.341043121
     Process 16 started calculating ia=2064
                                            [WORKER 11] ia=2057, solar   , zout=65.3, eup=  313.54 +- 1.34356528
                                            [WORKER 14] ia=2048, thermal , zout=65.3, eup=  203.29 +- 0.34552037
     Process 13 started calculating ia=2065
     Process 15 started calculating ia=2066
                                            [WORKER  3] ia=2058, solar   , zout=65.3, eup=  314.27 +- 1.34027124
     Process 14 started calculating ia=2067
                                            [WORKER  1] ia=2049, thermal , zout=65.3, eup=  205.24 +- 0.319949666
                                            [WORKER 17] ia=2050, thermal , zout=65.3, eup=  204.46 +- 0.32075132
                                            [WORKER  8] ia=2051, thermal , zout=65.3, eup=  203.74 +- 0.302560252
                                            [WORKER  5] ia=2052, thermal , zout=65.3, eup=  203.80 +- 0.307395068
     Process 1 started calculating ia=2068
     Process 8 started calculating ia=2069
     Process 17 started calculating ia=2070
                                            [WORKER  7] ia=2059, solar   , zout=65.3, eup=  312.22 +- 1.35069723
                                            [WORKER  6] ia=2053, thermal , zout=65.3, eup=  203.46 +- 0.292550641
     Process 5 started calculating ia=2071
                                            [WORKER  9] ia=2060, solar   , zout=65.3, eup=  308.36 +- 1.35488747
     Process 6 started calculating ia=2072
                                            [WORKER 12] ia=2061, solar   , zout=65.3, eup=  305.13 +- 1.3628566
                                            [WORKER  4] ia=2062, solar   , zout=65.3, eup=  306.38 +- 1.35480881
                                            [WORKER 19] ia=2063, solar   , zout=65.3, eup=  305.53 +- 1.35711337
                                            [WORKER 18] ia=2055, thermal , zout=65.3, eup=  204.53 +- 0.288223079
                                            [WORKER 10] ia=2056, thermal , zout=65.3, eup=  204.40 +- 0.303518694
                                            [WORKER  2] ia=2054, thermal , zout=65.3, eup=  204.00 +- 0.280453123
     Process 18 started calculating ia=2073
     Process 10 started calculating ia=2074
     Process 2 started calculating ia=2075
                                            [WORKER 11] ia=2057, thermal , zout=65.3, eup=  205.38 +- 0.29827603
                                            [WORKER 16] ia=2064, solar   , zout=65.3, eup=  303.50 +- 1.35495605
     Process 11 started calculating ia=2076
                                            [WORKER 13] ia=2065, solar   , zout=65.3, eup=  301.95 +- 1.36158507
                                            [WORKER 15] ia=2066, solar   , zout=65.3, eup=  300.66 +- 1.36488283
                                            [WORKER  3] ia=2058, thermal , zout=65.3, eup=  206.45 +- 0.30351122
                                            [WORKER 14] ia=2067, solar   , zout=65.3, eup=  306.09 +- 1.34791085
     Process 3 started calculating ia=2077
                                            [WORKER  1] ia=2068, solar   , zout=65.3, eup=  302.80 +- 1.35989795
                                            [WORKER  7] ia=2059, thermal , zout=65.3, eup=  206.57 +- 0.31390868
                                            [WORKER  8] ia=2069, solar   , zout=65.3, eup=  303.09 +- 1.36233575
                                            [WORKER 17] ia=2070, solar   , zout=65.3, eup=  304.08 +- 1.35512844
                                            [WORKER  5] ia=2071, solar   , zout=65.3, eup=  306.87 +- 1.35168558
                                            [WORKER  9] ia=2060, thermal , zout=65.3, eup=  207.13 +- 0.302388738
     Process 7 started calculating ia=2078
                                            [WORKER 12] ia=2061, thermal , zout=65.3, eup=  207.65 +- 0.300341148
                                            [WORKER  6] ia=2072, solar   , zout=65.3, eup=  307.02 +- 1.34990569
                                            [WORKER  4] ia=2062, thermal , zout=65.3, eup=  208.38 +- 0.310024914
     Process 9 started calculating ia=2079
                                            [WORKER 19] ia=2063, thermal , zout=65.3, eup=  208.64 +- 0.317645061
     Process 12 started calculating ia=2080
     Process 4 started calculating ia=2081
     Process 19 started calculating ia=2082
                                            [WORKER 18] ia=2073, solar   , zout=65.3, eup=  307.12 +- 1.34877419
                                            [WORKER 10] ia=2074, solar   , zout=65.3, eup=  306.32 +- 1.3552983
                                            [WORKER  2] ia=2075, solar   , zout=65.3, eup=  306.02 +- 1.35784962
                                            [WORKER 16] ia=2064, thermal , zout=65.3, eup=  208.52 +- 0.331154249
     Process 16 started calculating ia=2083
                                            [WORKER 15] ia=2066, thermal , zout=65.3, eup=  208.73 +- 0.322390053
                                            [WORKER 13] ia=2065, thermal , zout=65.3, eup=  208.56 +- 0.312430231
                                            [WORKER 14] ia=2067, thermal , zout=65.3, eup=  208.54 +- 0.326332441
                                            [WORKER 11] ia=2076, solar   , zout=65.3, eup=  309.61 +- 1.33982894
     Process 13 started calculating ia=2084
     Process 15 started calculating ia=2085
     Process 14 started calculating ia=2086
                                            [WORKER  3] ia=2077, solar   , zout=65.3, eup=  311.06 +- 1.34787039
                                            [WORKER  1] ia=2068, thermal , zout=65.3, eup=  208.25 +- 0.325353613
                                            [WORKER  8] ia=2069, thermal , zout=65.3, eup=  208.05 +- 0.323583912
                                            [WORKER 17] ia=2070, thermal , zout=65.3, eup=  206.97 +- 0.336190417
     Process 1 started calculating ia=2087
                                            [WORKER  5] ia=2071, thermal , zout=65.3, eup=  207.08 +- 0.326755994
     Process 8 started calculating ia=2088
     Process 17 started calculating ia=2089
                                            [WORKER  7] ia=2078, solar   , zout=65.3, eup=  308.97 +- 1.35447146
                                            [WORKER  6] ia=2072, thermal , zout=65.3, eup=  206.07 +- 0.346594787
     Process 5 started calculating ia=2090
     Process 6 started calculating ia=2091
                                            [WORKER 12] ia=2080, solar   , zout=65.3, eup=  317.78 +- 1.34281885
                                            [WORKER  9] ia=2079, solar   , zout=65.3, eup=  315.81 +- 1.32661896
                                            [WORKER  4] ia=2081, solar   , zout=65.3, eup=  320.94 +- 1.32934564
                                            [WORKER 19] ia=2082, solar   , zout=65.3, eup=  320.56 +- 1.3397106
                                            [WORKER 18] ia=2073, thermal , zout=65.3, eup=  205.75 +- 0.341165777
                                            [WORKER 10] ia=2074, thermal , zout=65.3, eup=  205.80 +- 0.343384364
                                            [WORKER  2] ia=2075, thermal , zout=65.3, eup=  205.30 +- 0.350775537
     Process 18 started calculating ia=2092
     Process 10 started calculating ia=2093
     Process 2 started calculating ia=2094
                                            [WORKER 11] ia=2076, thermal , zout=65.3, eup=  204.83 +- 0.346025543
                                            [WORKER 16] ia=2083, solar   , zout=65.3, eup=  326.45 +- 1.31315896
     Process 11 started calculating ia=2095
                                            [WORKER 15] ia=2085, solar   , zout=65.3, eup=  329.51 +- 1.314614
                                            [WORKER 13] ia=2084, solar   , zout=65.3, eup=  324.67 +- 1.32723215
                                            [WORKER  3] ia=2077, thermal , zout=65.3, eup=  204.15 +- 0.34046895
                                            [WORKER 14] ia=2086, solar   , zout=65.3, eup=  329.44 +- 1.32083165
     Process 3 started calculating ia=2096
                                            [WORKER  1] ia=2087, solar   , zout=65.3, eup=  332.52 +- 1.31789959
                                            [WORKER  7] ia=2078, thermal , zout=65.3, eup=  202.97 +- 0.339643299
                                            [WORKER  8] ia=2088, solar   , zout=65.3, eup=  338.63 +- 1.29396705
                                            [WORKER 17] ia=2089, solar   , zout=65.3, eup=  339.99 +- 1.29720197
     Process 7 started calculating ia=2097
                                            [WORKER  5] ia=2090, solar   , zout=65.3, eup=  344.71 +- 1.29421158
                                            [WORKER  6] ia=2091, solar   , zout=65.3, eup=  346.86 +- 1.29041377
                                            [WORKER 12] ia=2080, thermal , zout=65.3, eup=  199.10 +- 0.336947796
                                            [WORKER  9] ia=2079, thermal , zout=65.3, eup=  202.28 +- 0.342155671
                                            [WORKER  4] ia=2081, thermal , zout=65.3, eup=  199.44 +- 0.327992946
     Process 12 started calculating ia=2098
                                            [WORKER 19] ia=2082, thermal , zout=65.3, eup=  198.63 +- 0.330281393
     Process 9 started calculating ia=2099
     Process 4 started calculating ia=2100
     Process 19 started calculating ia=2101
                                            [WORKER 16] ia=2083, thermal , zout=65.3, eup=  197.44 +- 0.314393932
                                            [WORKER 18] ia=2092, solar   , zout=65.3, eup=  351.74 +- 1.26533821
     Process 16 started calculating ia=2102
                                            [WORKER 10] ia=2093, solar   , zout=65.3, eup=  352.77 +- 1.27174494
                                            [WORKER  2] ia=2094, solar   , zout=65.3, eup=  358.74 +- 1.24578146
                                            [WORKER 11] ia=2095, solar   , zout=65.3, eup=  362.24 +- 1.23290953
                                            [WORKER 13] ia=2084, thermal , zout=65.3, eup=  197.02 +- 0.300280178
                                            [WORKER 15] ia=2085, thermal , zout=65.3, eup=  195.93 +- 0.310193118
                                            [WORKER 14] ia=2086, thermal , zout=65.3, eup=  195.47 +- 0.30431933
     Process 13 started calculating ia=2103
     Process 15 started calculating ia=2104
     Process 14 started calculating ia=2105
                                            [WORKER  3] ia=2096, solar   , zout=65.3, eup=  367.41 +- 1.21621617
                                            [WORKER  1] ia=2087, thermal , zout=65.3, eup=  195.66 +- 0.309285776
                                            [WORKER  8] ia=2088, thermal , zout=65.3, eup=  193.71 +- 0.307976576
                                            [WORKER 17] ia=2089, thermal , zout=65.3, eup=  192.28 +- 0.307009129
                                            [WORKER  5] ia=2090, thermal , zout=65.3, eup=  191.56 +- 0.303036705
     Process 1 started calculating ia=2106
     Process 8 started calculating ia=2107
     Process 17 started calculating ia=2108
                                            [WORKER  6] ia=2091, thermal , zout=65.3, eup=  190.82 +- 0.300609998
                                            [WORKER  7] ia=2097, solar   , zout=65.3, eup=  369.82 +- 1.22263782
     Process 5 started calculating ia=2109
     Process 6 started calculating ia=2110
                                            [WORKER 12] ia=2098, solar   , zout=65.3, eup=  374.57 +- 1.20316567
                                            [WORKER  4] ia=2100, solar   , zout=65.3, eup=  381.45 +- 1.18918094
                                            [WORKER  9] ia=2099, solar   , zout=65.3, eup=  375.72 +- 1.21413796
                                            [WORKER 19] ia=2101, solar   , zout=65.3, eup=  383.64 +- 1.17534921
                                            [WORKER 18] ia=2092, thermal , zout=65.3, eup=  189.63 +- 0.286340658
                                            [WORKER 10] ia=2093, thermal , zout=65.3, eup=  189.43 +- 0.289380723
                                            [WORKER  2] ia=2094, thermal , zout=65.3, eup=  188.66 +- 0.287527247
                                            [WORKER 16] ia=2102, solar   , zout=65.3, eup=  385.38 +- 1.17938067
                                            [WORKER 11] ia=2095, thermal , zout=65.3, eup=  187.15 +- 0.29315082
     Process 18 started calculating ia=2111
     Process 10 started calculating ia=2112
     Process 2 started calculating ia=2113
     Process 11 started calculating ia=2114
                                            [WORKER  3] ia=2096, thermal , zout=65.3, eup=  186.24 +- 0.282157837
                                            [WORKER 13] ia=2103, solar   , zout=65.3, eup=  390.45 +- 1.14593633
                                            [WORKER 15] ia=2104, solar   , zout=65.3, eup=  391.09 +- 1.16708049
     Process 3 started calculating ia=2115
                                            [WORKER 14] ia=2105, solar   , zout=65.3, eup=  399.11 +- 1.11981873
                                            [WORKER  7] ia=2097, thermal , zout=65.3, eup=  185.69 +- 0.272209078
                                            [WORKER  1] ia=2106, solar   , zout=65.3, eup=  401.30 +- 1.12068206
     Process 7 started calculating ia=2116
                                            [WORKER 12] ia=2098, thermal , zout=65.3, eup=  184.97 +- 0.270165099
                                            [WORKER  8] ia=2107, solar   , zout=65.3, eup=  406.54 +- 1.08677443
                                            [WORKER 17] ia=2108, solar   , zout=65.3, eup=  405.37 +- 1.12929589
                                            [WORKER  5] ia=2109, solar   , zout=65.3, eup=  411.84 +- 1.0827806
     Process 12 started calculating ia=2117
                                            [WORKER  6] ia=2110, solar   , zout=65.3, eup=  415.47 +- 1.0529353
                                            [WORKER  4] ia=2100, thermal , zout=65.3, eup=  182.60 +- 0.260677873
                                            [WORKER 19] ia=2101, thermal , zout=65.3, eup=  181.75 +- 0.250558706
                                            [WORKER  9] ia=2099, thermal , zout=65.3, eup=  183.84 +- 0.269244968
     Process 4 started calculating ia=2118
     Process 19 started calculating ia=2119
     Process 9 started calculating ia=2120
                                            [WORKER 16] ia=2102, thermal , zout=65.3, eup=  180.81 +- 0.252354059
     Process 16 started calculating ia=2121
                                            [WORKER 18] ia=2111, solar   , zout=65.3, eup=  420.13 +- 1.04247184
                                            [WORKER 10] ia=2112, solar   , zout=65.3, eup=  420.24 +- 1.06927066
                                            [WORKER 15] ia=2104, thermal , zout=65.3, eup=  178.85 +- 0.251493212
                                            [WORKER 13] ia=2103, thermal , zout=65.3, eup=  179.69 +- 0.252374725
                                            [WORKER  2] ia=2113, solar   , zout=65.3, eup=  425.25 +- 1.028114
                                            [WORKER 14] ia=2105, thermal , zout=65.3, eup=  178.13 +- 0.240335118
                                            [WORKER 11] ia=2114, solar   , zout=65.3, eup=  426.98 +- 1.00217095
     Process 13 started calculating ia=2122
     Process 15 started calculating ia=2123
                                            [WORKER  3] ia=2115, solar   , zout=65.3, eup=  426.95 +- 1.03873232
     Process 14 started calculating ia=2124
                                            [WORKER  1] ia=2106, thermal , zout=65.3, eup=  177.07 +- 0.23945737
                                            [WORKER  8] ia=2107, thermal , zout=65.3, eup=  175.98 +- 0.239906933
                                            [WORKER 17] ia=2108, thermal , zout=65.3, eup=  175.00 +- 0.229645593
                                            [WORKER  5] ia=2109, thermal , zout=65.3, eup=  173.50 +- 0.236203713
     Process 1 started calculating ia=2125
                                            [WORKER  7] ia=2116, solar   , zout=65.3, eup=  430.40 +- 1.00049162
                                            [WORKER  6] ia=2110, thermal , zout=65.3, eup=  172.47 +- 0.223849188
     Process 8 started calculating ia=2126
     Process 17 started calculating ia=2127
     Process 5 started calculating ia=2128
                                            [WORKER 12] ia=2117, solar   , zout=65.3, eup=  428.68 +- 1.01529741
     Process 6 started calculating ia=2129
                                            [WORKER  4] ia=2118, solar   , zout=65.3, eup=  430.90 +- 0.999437323
                                            [WORKER 19] ia=2119, solar   , zout=65.3, eup=  430.63 +- 1.01169819
                                            [WORKER 18] ia=2111, thermal , zout=65.3, eup=  171.12 +- 0.219653902
                                            [WORKER  9] ia=2120, solar   , zout=65.3, eup=  432.92 +- 0.969892075
                                            [WORKER 10] ia=2112, thermal , zout=65.3, eup=  170.50 +- 0.214337967
                                            [WORKER 16] ia=2121, solar   , zout=65.3, eup=  431.08 +- 1.01137746
     Process 18 started calculating ia=2130
     Process 10 started calculating ia=2131
                                            [WORKER 11] ia=2114, thermal , zout=65.3, eup=  168.80 +- 0.20340918
                                            [WORKER  2] ia=2113, thermal , zout=65.3, eup=  169.07 +- 0.212923712
     Process 11 started calculating ia=2132
     Process 2 started calculating ia=2133
                                            [WORKER 13] ia=2122, solar   , zout=65.3, eup=  431.73 +- 0.996029033
                                            [WORKER 15] ia=2123, solar   , zout=65.3, eup=  431.75 +- 0.98759512
                                            [WORKER  3] ia=2115, thermal , zout=65.3, eup=  167.71 +- 0.202786824
     Process 3 started calculating ia=2134
                                            [WORKER 14] ia=2124, solar   , zout=65.3, eup=  430.12 +- 1.01343406
                                            [WORKER  7] ia=2116, thermal , zout=65.3, eup=  166.97 +- 0.202273261
                                            [WORKER 12] ia=2117, thermal , zout=65.3, eup=  167.17 +- 0.203605963
     Process 7 started calculating ia=2135
     Process 12 started calculating ia=2136
                                            [WORKER  1] ia=2125, solar   , zout=65.3, eup=  428.71 +- 0.997974251
                                            [WORKER  5] ia=2128, solar   , zout=65.3, eup=  421.02 +- 1.06629066
                                            [WORKER 17] ia=2127, solar   , zout=65.3, eup=  424.30 +- 1.03800067
                                            [WORKER  6] ia=2129, solar   , zout=65.3, eup=  417.10 +- 1.08271597
                                            [WORKER  8] ia=2126, solar   , zout=65.3, eup=  425.40 +- 1.04668823
                                            [WORKER  4] ia=2118, thermal , zout=65.3, eup=  166.46 +- 0.20714646
                                            [WORKER 19] ia=2119, thermal , zout=65.3, eup=  167.41 +- 0.197479066
     Process 4 started calculating ia=2137
                                            [WORKER 16] ia=2121, thermal , zout=65.3, eup=  167.70 +- 0.201207204
                                            [WORKER  9] ia=2120, thermal , zout=65.3, eup=  167.34 +- 0.206251475
     Process 19 started calculating ia=2138
     Process 16 started calculating ia=2139
     Process 9 started calculating ia=2140
                                            [WORKER 18] ia=2130, solar   , zout=65.3, eup=  416.59 +- 1.06468839
                                            [WORKER 10] ia=2131, solar   , zout=65.3, eup=  414.42 +- 1.07233794
                                            [WORKER 13] ia=2122, thermal , zout=65.3, eup=  168.36 +- 0.204581759
                                            [WORKER 15] ia=2123, thermal , zout=65.3, eup=  168.48 +- 0.204185578
     Process 13 started calculating ia=2141
     Process 15 started calculating ia=2142
                                            [WORKER  2] ia=2133, solar   , zout=65.3, eup=  409.89 +- 1.10703902
                                            [WORKER 11] ia=2132, solar   , zout=65.3, eup=  411.03 +- 1.09398289
                                            [WORKER 14] ia=2124, thermal , zout=65.3, eup=  169.26 +- 0.216055453
                                            [WORKER  3] ia=2134, solar   , zout=65.3, eup=  408.91 +- 1.10414065
     Process 14 started calculating ia=2143
                                            [WORKER  1] ia=2125, thermal , zout=65.3, eup=  169.69 +- 0.211981662
     Process 1 started calculating ia=2144
                                            [WORKER 12] ia=2136, solar   , zout=65.3, eup=  402.46 +- 1.13178422
                                            [WORKER  7] ia=2135, solar   , zout=65.3, eup=  405.23 +- 1.120119
                                            [WORKER  5] ia=2128, thermal , zout=65.3, eup=  172.24 +- 0.21461078
                                            [WORKER  6] ia=2129, thermal , zout=65.3, eup=  173.11 +- 0.226621291
                                            [WORKER 17] ia=2127, thermal , zout=65.3, eup=  171.11 +- 0.215429107
                                            [WORKER  8] ia=2126, thermal , zout=65.3, eup=  170.39 +- 0.215690254
     Process 5 started calculating ia=2145
     Process 6 started calculating ia=2146
     Process 17 started calculating ia=2147
     Process 8 started calculating ia=2148
                                            [WORKER  4] ia=2137, solar   , zout=65.3, eup=  403.31 +- 1.12144018
                                            [WORKER 18] ia=2130, thermal , zout=65.3, eup=  173.99 +- 0.235452654
                                            [WORKER 19] ia=2138, solar   , zout=65.3, eup=  400.75 +- 1.1249796
                                            [WORKER 16] ia=2139, solar   , zout=65.3, eup=  400.65 +- 1.13056196
                                            [WORKER 10] ia=2131, thermal , zout=65.3, eup=  175.20 +- 0.239714859
                                            [WORKER  9] ia=2140, solar   , zout=65.3, eup=  401.53 +- 1.11654848
     Process 18 started calculating ia=2149
     Process 10 started calculating ia=2150
                                            [WORKER 11] ia=2132, thermal , zout=65.3, eup=  175.93 +- 0.234884923
                                            [WORKER  2] ia=2133, thermal , zout=65.3, eup=  177.17 +- 0.236576706
                                            [WORKER  3] ia=2134, thermal , zout=65.3, eup=  177.76 +- 0.2353029
                                            [WORKER 13] ia=2141, solar   , zout=65.3, eup=  397.52 +- 1.12672975
                                            [WORKER 15] ia=2142, solar   , zout=65.3, eup=  399.70 +- 1.09511138
     Process 11 started calculating ia=2151
     Process 2 started calculating ia=2152
     Process 3 started calculating ia=2153
                                            [WORKER 14] ia=2143, solar   , zout=65.3, eup=  400.51 +- 1.14053041
                                            [WORKER 12] ia=2136, thermal , zout=65.3, eup=  179.45 +- 0.24351929
                                            [WORKER  7] ia=2135, thermal , zout=65.3, eup=  179.09 +- 0.238362025
                                            [WORKER  1] ia=2144, solar   , zout=65.3, eup=  398.56 +- 1.15250129
     Process 12 started calculating ia=2154
     Process 7 started calculating ia=2155
                                            [WORKER  5] ia=2145, solar   , zout=65.3, eup=  401.49 +- 1.12290532
                                            [WORKER  4] ia=2137, thermal , zout=65.3, eup=  180.25 +- 0.236437969
                                            [WORKER  6] ia=2146, solar   , zout=65.3, eup=  399.21 +- 1.14368285
                                            [WORKER 17] ia=2147, solar   , zout=65.3, eup=  395.89 +- 1.17593205
                                            [WORKER  8] ia=2148, solar   , zout=65.3, eup=  395.48 +- 1.17040461
     Process 4 started calculating ia=2156
                                            [WORKER 19] ia=2138, thermal , zout=65.3, eup=  180.63 +- 0.234947974
                                            [WORKER 16] ia=2139, thermal , zout=65.3, eup=  181.37 +- 0.236321883
                                            [WORKER  9] ia=2140, thermal , zout=65.3, eup=  182.18 +- 0.227573728
                                            [WORKER 18] ia=2149, solar   , zout=65.3, eup=  395.10 +- 1.17239292
     Process 19 started calculating ia=2157
     Process 16 started calculating ia=2158
                                            [WORKER 10] ia=2150, solar   , zout=65.3, eup=  396.90 +- 1.1488574
     Process 9 started calculating ia=2159
                                            [WORKER 15] ia=2142, thermal , zout=65.3, eup=  183.09 +- 0.218290621
                                            [WORKER 13] ia=2141, thermal , zout=65.3, eup=  181.99 +- 0.226735066
     Process 15 started calculating ia=2160
     Process 13 started calculating ia=2161
                                            [WORKER 14] ia=2143, thermal , zout=65.3, eup=  183.26 +- 0.22222809
                                            [WORKER 11] ia=2151, solar   , zout=65.3, eup=  398.33 +- 1.15048663
                                            [WORKER  3] ia=2153, solar   , zout=65.3, eup=  399.25 +- 1.15065209
                                            [WORKER  1] ia=2144, thermal , zout=65.3, eup=  183.38 +- 0.21486707
                                            [WORKER  2] ia=2152, solar   , zout=65.3, eup=  397.86 +- 1.15371101
     Process 14 started calculating ia=2162
     Process 1 started calculating ia=2163
                                            [WORKER  5] ia=2145, thermal , zout=65.3, eup=  183.11 +- 0.225283374
                                            [WORKER 12] ia=2154, solar   , zout=65.3, eup=  404.01 +- 1.12394681
                                            [WORKER  7] ia=2155, solar   , zout=65.3, eup=  402.45 +- 1.14238087
     Process 5 started calculating ia=2164
                                            [WORKER  6] ia=2146, thermal , zout=65.3, eup=  183.23 +- 0.234457184
                                            [WORKER  8] ia=2148, thermal , zout=65.3, eup=  183.61 +- 0.236079637
                                            [WORKER 17] ia=2147, thermal , zout=65.3, eup=  183.81 +- 0.231113518
     Process 6 started calculating ia=2165
     Process 8 started calculating ia=2166
     Process 17 started calculating ia=2167
                                            [WORKER  4] ia=2156, solar   , zout=65.3, eup=  401.91 +- 1.14794756
                                            [WORKER 18] ia=2149, thermal , zout=65.3, eup=  183.57 +- 0.234304902
     Process 18 started calculating ia=2168
                                            [WORKER 19] ia=2157, solar   , zout=65.3, eup=  403.24 +- 1.14469924
                                            [WORKER 16] ia=2158, solar   , zout=65.3, eup=  401.97 +- 1.13997098
                                            [WORKER 10] ia=2150, thermal , zout=65.3, eup=  183.45 +- 0.229390256
[WORKER 10] Received termination signal. Exiting.
                                            [WORKER  9] ia=2159, solar   , zout=65.3, eup=  404.78 +- 1.13372818
                                            [WORKER  3] ia=2153, thermal , zout=65.3, eup=  181.66 +- 0.230664542
                                            [WORKER 11] ia=2151, thermal , zout=65.3, eup=  182.56 +- 0.235734233
                                            [WORKER  2] ia=2152, thermal , zout=65.3, eup=  182.34 +- 0.234247849
[WORKER 3] Received termination signal. Exiting.
                                            [WORKER 15] ia=2160, solar   , zout=65.3, eup=  401.75 +- 1.14500225
                                            [WORKER 13] ia=2161, solar   , zout=65.3, eup=  400.87 +- 1.15934386
[WORKER 11] Received termination signal. Exiting.
[WORKER 2] Received termination signal. Exiting.
                                            [WORKER 12] ia=2154, thermal , zout=65.3, eup=  181.75 +- 0.235433485
                                            [WORKER  7] ia=2155, thermal , zout=65.3, eup=  180.76 +- 0.226901007
[WORKER 12] Received termination signal. Exiting.
                                            [WORKER 14] ia=2162, solar   , zout=65.3, eup=  399.91 +- 1.14010054
[WORKER 7] Received termination signal. Exiting.
                                            [WORKER  1] ia=2163, solar   , zout=65.3, eup=  395.33 +- 1.17924714
                                            [WORKER  5] ia=2164, solar   , zout=65.3, eup=  397.22 +- 1.16658361
                                            [WORKER  4] ia=2156, thermal , zout=65.3, eup=  180.85 +- 0.233063214
[WORKER 4] Received termination signal. Exiting.
                                            [WORKER  6] ia=2165, solar   , zout=65.3, eup=  397.22 +- 1.15609281
                                            [WORKER 17] ia=2167, solar   , zout=65.3, eup=  390.76 +- 1.19476934
                                            [WORKER  8] ia=2166, solar   , zout=65.3, eup=  392.96 +- 1.18707032
                                            [WORKER 19] ia=2157, thermal , zout=65.3, eup=  180.96 +- 0.233427605
                                            [WORKER 16] ia=2158, thermal , zout=65.3, eup=  181.81 +- 0.22287359
                                            [WORKER 18] ia=2168, solar   , zout=65.3, eup=  392.65 +- 1.16855956
[WORKER 19] Received termination signal. Exiting.
[WORKER 16] Received termination signal. Exiting.
                                            [WORKER  9] ia=2159, thermal , zout=65.3, eup=  182.11 +- 0.232539428
[WORKER 9] Received termination signal. Exiting.
                                            [WORKER 13] ia=2161, thermal , zout=65.3, eup=  182.98 +- 0.230604059
                                            [WORKER 15] ia=2160, thermal , zout=65.3, eup=  182.40 +- 0.239072409
[WORKER 13] Received termination signal. Exiting.
[WORKER 15] Received termination signal. Exiting.
                                            [WORKER 14] ia=2162, thermal , zout=65.3, eup=  183.98 +- 0.238822939
[WORKER 14] Received termination signal. Exiting.
                                            [WORKER  1] ia=2163, thermal , zout=65.3, eup=  185.05 +- 0.242176448
[WORKER 1] Received termination signal. Exiting.
                                            [WORKER  5] ia=2164, thermal , zout=65.3, eup=  186.19 +- 0.240489437
[WORKER 5] Received termination signal. Exiting.
                                            [WORKER  6] ia=2165, thermal , zout=65.3, eup=  186.39 +- 0.241002259
[WORKER 6] Received termination signal. Exiting.
                                            [WORKER 17] ia=2167, thermal , zout=65.3, eup=  187.90 +- 0.253175873
                                            [WORKER  8] ia=2166, thermal , zout=65.3, eup=  186.86 +- 0.257683331
[WORKER 17] Received termination signal. Exiting.
[WORKER 8] Received termination signal. Exiting.
                                            [WORKER 18] ia=2168, thermal , zout=65.3, eup=  188.37 +- 0.254079437
Writing libRadtran output to netcdf file:  ./RESULTS/libRad_v01_montecarlo_3D_SWIA_solar,thermal_Orbit_06888C_All_FullBuffer_test_new_3D_surface.nc
[WORKER 18] Received termination signal. Exiting.
Run finished. It took 2.978 hours 


Finished running Python file at Mon Nov 24 19:01:52 CET 2025
