Running at /scratch/bgre/92291
Submitdir is /homevip/bgre/RTM
Number of nodes: 1
Number of tasks: 4
Making SLURM ready at  Mon Dec  8 13:15:03 CET 2025
Starting slurm job at  Mon Dec 8 13:15:40 CET 2025
Running Python file at Mon Dec  8 13:15:41 CET 2025
Run started at 2025-12-08T12:16:08.124534+00:00



=================================================================================================================
Nadir Pixel Index    =  151
SceneName            =  Orbit_06888C
Specs                =  disort - 1D - _TEST_new_thermal_range - 
     Process 1 started calculating ia=150
     Process 2 started calculating ia=151
     Process 3 started calculating ia=152
                                            [WORKER  2] ia= 151, thermal , zout=65.3, eup=  226.69
     Process 2 started calculating ia=153
                                            [WORKER  3] ia= 152, thermal , zout=65.3, eup=  231.84
     Process 3 started calculating ia=154
                                            [WORKER  1] ia= 150, thermal , zout=65.3, eup=  231.14
     Process 1 started calculating ia=155
                                            [WORKER  1] ia= 155, thermal , zout=65.3, eup=  234.99
                                            [WORKER  3] ia= 154, thermal , zout=65.3, eup=  237.02
     Process 3 started calculating ia=156
     Process 1 started calculating ia=157
                                            [WORKER  2] ia= 153, thermal , zout=65.3, eup=  234.97
     Process 2 started calculating ia=158
                                            [WORKER  3] ia= 156, thermal , zout=65.3, eup=  234.02
     Process 3 started calculating ia=159
                                            [WORKER  2] ia= 158, thermal , zout=65.3, eup=  233.72
     Process 2 started calculating ia=160
                                            [WORKER  1] ia= 157, thermal , zout=65.3, eup=  230.63
     Process 1 started calculating ia=161
                                            [WORKER  1] ia= 161, thermal , zout=65.3, eup=  229.49
     Process 1 started calculating ia=162
                                            [WORKER  2] ia= 160, thermal , zout=65.3, eup=  230.33
     Process 2 started calculating ia=163
                                            [WORKER  3] ia= 159, thermal , zout=65.3, eup=  230.24
     Process 3 started calculating ia=164
                                            [WORKER  3] ia= 164, thermal , zout=65.3, eup=  230.64
     Process 3 started calculating ia=165
                                            [WORKER  2] ia= 163, thermal , zout=65.3, eup=  229.85
     Process 2 started calculating ia=166
                                            [WORKER  1] ia= 162, thermal , zout=65.3, eup=  229.56
     Process 1 started calculating ia=167
                                            [WORKER  3] ia= 165, thermal , zout=65.3, eup=  229.93
     Process 3 started calculating ia=168
                                            [WORKER  2] ia= 166, thermal , zout=65.3, eup=  229.68
     Process 2 started calculating ia=169
                                            [WORKER  1] ia= 167, thermal , zout=65.3, eup=  232.57
     Process 1 started calculating ia=170
                                            [WORKER  3] ia= 168, thermal , zout=65.3, eup=  233.23
     Process 3 started calculating ia=171
                                            [WORKER  2] ia= 169, thermal , zout=65.3, eup=  231.39
     Process 2 started calculating ia=172
                                            [WORKER  1] ia= 170, thermal , zout=65.3, eup=  231.51
     Process 1 started calculating ia=173
                                            [WORKER  3] ia= 171, thermal , zout=65.3, eup=  230.00
     Process 3 started calculating ia=174
                                            [WORKER  1] ia= 173, thermal , zout=65.3, eup=  230.75
     Process 1 started calculating ia=175
                                            [WORKER  2] ia= 172, thermal , zout=65.3, eup=  230.57
     Process 2 started calculating ia=176
                                            [WORKER  3] ia= 174, thermal , zout=65.3, eup=  233.06
     Process 3 started calculating ia=177
                                            [WORKER  1] ia= 175, thermal , zout=65.3, eup=  227.56
     Process 1 started calculating ia=178
                                            [WORKER  2] ia= 176, thermal , zout=65.3, eup=  227.51
     Process 2 started calculating ia=179
                                            [WORKER  1] ia= 178, thermal , zout=65.3, eup=  229.67
     Process 1 started calculating ia=180
                                            [WORKER  2] ia= 179, thermal , zout=65.3, eup=  231.65
                                            [WORKER  3] ia= 177, thermal , zout=65.3, eup=  229.62
     Process 3 started calculating ia=181
     Process 2 started calculating ia=182
                                            [WORKER  1] ia= 180, thermal , zout=65.3, eup=  231.78
     Process 1 started calculating ia=183
                                            [WORKER  3] ia= 181, thermal , zout=65.3, eup=  231.11
     Process 3 started calculating ia=184
                                            [WORKER  2] ia= 182, thermal , zout=65.3, eup=  228.04
     Process 2 started calculating ia=185
                                            [WORKER  1] ia= 183, thermal , zout=65.3, eup=  226.60
     Process 1 started calculating ia=186
                                            [WORKER  2] ia= 185, thermal , zout=65.3, eup=  220.92
     Process 2 started calculating ia=187
                                            [WORKER  3] ia= 184, thermal , zout=65.3, eup=  213.72
     Process 3 started calculating ia=188
                                            [WORKER  1] ia= 186, thermal , zout=65.3, eup=  216.82
     Process 1 started calculating ia=189
                                            [WORKER  2] ia= 187, thermal , zout=65.3, eup=  219.58
     Process 2 started calculating ia=190
                                            [WORKER  3] ia= 188, thermal , zout=65.3, eup=  223.50
     Process 3 started calculating ia=191
                                            [WORKER  3] ia= 191, thermal , zout=65.3, eup=  229.61
     Process 3 started calculating ia=192
                                            [WORKER  2] ia= 190, thermal , zout=65.3, eup=  228.46
     Process 2 started calculating ia=193
                                            [WORKER  1] ia= 189, thermal , zout=65.3, eup=  222.17
     Process 1 started calculating ia=194
                                            [WORKER  2] ia= 193, thermal , zout=65.3, eup=  231.56
     Process 2 started calculating ia=195
                                            [WORKER  3] ia= 192, thermal , zout=65.3, eup=  227.85
     Process 3 started calculating ia=196
                                            [WORKER  1] ia= 194, thermal , zout=65.3, eup=  229.39
     Process 1 started calculating ia=197
                                            [WORKER  1] ia= 197, thermal , zout=65.3, eup=  223.34
     Process 1 started calculating ia=198
                                            [WORKER  2] ia= 195, thermal , zout=65.3, eup=  229.92
     Process 2 started calculating ia=199
                                            [WORKER  3] ia= 196, thermal , zout=65.3, eup=  221.41
     Process 3 started calculating ia=200
                                            [WORKER  1] ia= 198, thermal , zout=65.3, eup=  211.87
     Process 1 started calculating ia=201
                                            [WORKER  2] ia= 199, thermal , zout=65.3, eup=  191.79
     Process 2 started calculating ia=202
                                            [WORKER  3] ia= 200, thermal , zout=65.3, eup=  194.17
     Process 3 started calculating ia=203
                                            [WORKER  3] ia= 203, thermal , zout=65.3, eup=  172.68
     Process 3 started calculating ia=204
                                            [WORKER  1] ia= 201, thermal , zout=65.3, eup=  198.33
     Process 1 started calculating ia=205
                                            [WORKER  2] ia= 202, thermal , zout=65.3, eup=  179.67
     Process 2 started calculating ia=206
                                            [WORKER  3] ia= 204, thermal , zout=65.3, eup=  171.36
     Process 3 started calculating ia=207
                                            [WORKER  2] ia= 206, thermal , zout=65.3, eup=  171.09
     Process 2 started calculating ia=208
                                            [WORKER  1] ia= 205, thermal , zout=65.3, eup=  174.94
     Process 1 started calculating ia=209
                                            [WORKER  2] ia= 208, thermal , zout=65.3, eup=  185.10
     Process 2 started calculating ia=210
                                            [WORKER  3] ia= 207, thermal , zout=65.3, eup=  174.42
     Process 3 started calculating ia=211
                                            [WORKER  1] ia= 209, thermal , zout=65.3, eup=  178.88
     Process 1 started calculating ia=212
                                            [WORKER  3] ia= 211, thermal , zout=65.3, eup=  182.05
     Process 3 started calculating ia=213
                                            [WORKER  2] ia= 210, thermal , zout=65.3, eup=  193.73
                                            [WORKER  1] ia= 212, thermal , zout=65.3, eup=  180.41
     Process 2 started calculating ia=214
     Process 1 started calculating ia=215
                                            [WORKER  2] ia= 214, thermal , zout=65.3, eup=  183.53
                                            [WORKER  3] ia= 213, thermal , zout=65.3, eup=  176.01
     Process 2 started calculating ia=216
     Process 3 started calculating ia=217
                                            [WORKER  1] ia= 215, thermal , zout=65.3, eup=  180.05
     Process 1 started calculating ia=218
                                            [WORKER  2] ia= 216, thermal , zout=65.3, eup=  180.14
     Process 2 started calculating ia=219
                                            [WORKER  1] ia= 218, thermal , zout=65.3, eup=  169.75
     Process 1 started calculating ia=220
                                            [WORKER  3] ia= 217, thermal , zout=65.3, eup=  175.43
     Process 3 started calculating ia=221
                                            [WORKER  2] ia= 219, thermal , zout=65.3, eup=  171.84
     Process 2 started calculating ia=222
                                            [WORKER  1] ia= 220, thermal , zout=65.3, eup=  164.08
                                            [WORKER  3] ia= 221, thermal , zout=65.3, eup=  169.38
     Process 1 started calculating ia=223
     Process 3 started calculating ia=224
                                            [WORKER  2] ia= 222, thermal , zout=65.3, eup=  164.63
     Process 2 started calculating ia=225
                                            [WORKER  1] ia= 223, thermal , zout=65.3, eup=  166.26
     Process 1 started calculating ia=226
                                            [WORKER  3] ia= 224, thermal , zout=65.3, eup=  178.57
     Process 3 started calculating ia=227
                                            [WORKER  1] ia= 226, thermal , zout=65.3, eup=  173.51
     Process 1 started calculating ia=228
                                            [WORKER  2] ia= 225, thermal , zout=65.3, eup=  179.42
     Process 2 started calculating ia=229
                                            [WORKER  3] ia= 227, thermal , zout=65.3, eup=  179.19
     Process 3 started calculating ia=230
                                            [WORKER  3] ia= 230, thermal , zout=65.3, eup=  179.78
     Process 3 started calculating ia=231
                                            [WORKER  1] ia= 228, thermal , zout=65.3, eup=  186.76
     Process 1 started calculating ia=232
                                            [WORKER  2] ia= 229, thermal , zout=65.3, eup=  184.62
     Process 2 started calculating ia=233
                                            [WORKER  1] ia= 232, thermal , zout=65.3, eup=  180.06
     Process 1 started calculating ia=234
                                            [WORKER  2] ia= 233, thermal , zout=65.3, eup=  172.46
     Process 2 started calculating ia=235
                                            [WORKER  3] ia= 231, thermal , zout=65.3, eup=  180.69
     Process 3 started calculating ia=236
                                            [WORKER  2] ia= 235, thermal , zout=65.3, eup=  174.82
     Process 2 started calculating ia=237
                                            [WORKER  1] ia= 234, thermal , zout=65.3, eup=  173.98
     Process 1 started calculating ia=238
                                            [WORKER  3] ia= 236, thermal , zout=65.3, eup=  172.13
     Process 3 started calculating ia=239
                                            [WORKER  2] ia= 237, thermal , zout=65.3, eup=  170.21
     Process 2 started calculating ia=240
                                            [WORKER  1] ia= 238, thermal , zout=65.3, eup=  175.28
     Process 1 started calculating ia=241
                                            [WORKER  3] ia= 239, thermal , zout=65.3, eup=  201.92
     Process 3 started calculating ia=242
                                            [WORKER  2] ia= 240, thermal , zout=65.3, eup=  215.68
     Process 2 started calculating ia=243
                                            [WORKER  1] ia= 241, thermal , zout=65.3, eup=  213.69
     Process 1 started calculating ia=244
                                            [WORKER  3] ia= 242, thermal , zout=65.3, eup=  215.70
     Process 3 started calculating ia=245
                                            [WORKER  2] ia= 243, thermal , zout=65.3, eup=  218.96
     Process 2 started calculating ia=246
                                            [WORKER  3] ia= 245, thermal , zout=65.3, eup=  213.12
     Process 3 started calculating ia=247
                                            [WORKER  1] ia= 244, thermal , zout=65.3, eup=  216.10
     Process 1 started calculating ia=248
                                            [WORKER  2] ia= 246, thermal , zout=65.3, eup=  215.65
     Process 2 started calculating ia=249
                                            [WORKER  1] ia= 248, thermal , zout=65.3, eup=  217.98
     Process 1 started calculating ia=250
                                            [WORKER  3] ia= 247, thermal , zout=65.3, eup=  214.00
     Process 3 started calculating ia=251
                                            [WORKER  2] ia= 249, thermal , zout=65.3, eup=  221.62
     Process 2 started calculating ia=252
                                            [WORKER  1] ia= 250, thermal , zout=65.3, eup=  225.43
     Process 1 started calculating ia=253
                                            [WORKER  3] ia= 251, thermal , zout=65.3, eup=  219.66
     Process 3 started calculating ia=254
                                            [WORKER  2] ia= 252, thermal , zout=65.3, eup=  212.53
     Process 2 started calculating ia=255
                                            [WORKER  3] ia= 254, thermal , zout=65.3, eup=  223.45
     Process 3 started calculating ia=256
                                            [WORKER  1] ia= 253, thermal , zout=65.3, eup=  213.41
     Process 1 started calculating ia=257
                                            [WORKER  2] ia= 255, thermal , zout=65.3, eup=  229.49
     Process 2 started calculating ia=258
                                            [WORKER  1] ia= 257, thermal , zout=65.3, eup=  228.46
     Process 1 started calculating ia=259
                                            [WORKER  3] ia= 256, thermal , zout=65.3, eup=  231.25
     Process 3 started calculating ia=260
                                            [WORKER  1] ia= 259, thermal , zout=65.3, eup=  211.82
     Process 1 started calculating ia=261
                                            [WORKER  2] ia= 258, thermal , zout=65.3, eup=  218.74
     Process 2 started calculating ia=262
                                            [WORKER  3] ia= 260, thermal , zout=65.3, eup=  221.03
     Process 3 started calculating ia=263
                                            [WORKER  2] ia= 262, thermal , zout=65.3, eup=  214.88
     Process 2 started calculating ia=264
                                            [WORKER  1] ia= 261, thermal , zout=65.3, eup=  224.94
     Process 1 started calculating ia=265
                                            [WORKER  3] ia= 263, thermal , zout=65.3, eup=  207.45
     Process 3 started calculating ia=266
                                            [WORKER  3] ia= 266, thermal , zout=65.3, eup=  215.25
     Process 3 started calculating ia=267
                                            [WORKER  1] ia= 265, thermal , zout=65.3, eup=  198.15
     Process 1 started calculating ia=268
                                            [WORKER  2] ia= 264, thermal , zout=65.3, eup=  205.59
     Process 2 started calculating ia=269
                                            [WORKER  3] ia= 267, thermal , zout=65.3, eup=  225.44
     Process 3 started calculating ia=270
                                            [WORKER  2] ia= 269, thermal , zout=65.3, eup=  228.19
     Process 2 started calculating ia=271
                                            [WORKER  1] ia= 268, thermal , zout=65.3, eup=  223.94
     Process 1 started calculating ia=272
                                            [WORKER  3] ia= 270, thermal , zout=65.3, eup=  224.62
                                            [WORKER  1] ia= 272, thermal , zout=65.3, eup=  228.04
     Process 1 started calculating ia=274
     Process 3 started calculating ia=273
                                            [WORKER  2] ia= 271, thermal , zout=65.3, eup=  226.75
     Process 2 started calculating ia=275
                                            [WORKER  2] ia= 275, thermal , zout=65.3, eup=  231.62
     Process 2 started calculating ia=276
                                            [WORKER  1] ia= 274, thermal , zout=65.3, eup=  232.99
     Process 1 started calculating ia=277
                                            [WORKER  3] ia= 273, thermal , zout=65.3, eup=  231.18
     Process 3 started calculating ia=278
                                            [WORKER  2] ia= 276, thermal , zout=65.3, eup=  228.65
     Process 2 started calculating ia=279
                                            [WORKER  3] ia= 278, thermal , zout=65.3, eup=  233.70
     Process 3 started calculating ia=280
                                            [WORKER  1] ia= 277, thermal , zout=65.3, eup=  234.03
     Process 1 started calculating ia=281
                                            [WORKER  3] ia= 280, thermal , zout=65.3, eup=  234.12
     Process 3 started calculating ia=282
                                            [WORKER  1] ia= 281, thermal , zout=65.3, eup=  232.01
     Process 1 started calculating ia=283
                                            [WORKER  2] ia= 279, thermal , zout=65.3, eup=  233.59
     Process 2 started calculating ia=284
                                            [WORKER  3] ia= 282, thermal , zout=65.3, eup=  234.04
     Process 3 started calculating ia=285
                                            [WORKER  1] ia= 283, thermal , zout=65.3, eup=  234.62
     Process 1 started calculating ia=286
                                            [WORKER  2] ia= 284, thermal , zout=65.3, eup=  232.84
     Process 2 started calculating ia=287
                                            [WORKER  2] ia= 287, thermal , zout=65.3, eup=  232.65
     Process 2 started calculating ia=288
                                            [WORKER  1] ia= 286, thermal , zout=65.3, eup=  235.60
     Process 1 started calculating ia=289
                                            [WORKER  3] ia= 285, thermal , zout=65.3, eup=  234.86
     Process 3 started calculating ia=290
                                            [WORKER  1] ia= 289, thermal , zout=65.3, eup=  229.19
     Process 1 started calculating ia=291
                                            [WORKER  3] ia= 290, thermal , zout=65.3, eup=  229.35
     Process 3 started calculating ia=292
                                            [WORKER  2] ia= 288, thermal , zout=65.3, eup=  229.54
     Process 2 started calculating ia=293
                                            [WORKER  2] ia= 293, thermal , zout=65.3, eup=  235.13
     Process 2 started calculating ia=294
                                            [WORKER  3] ia= 292, thermal , zout=65.3, eup=  233.96
     Process 3 started calculating ia=295
                                            [WORKER  1] ia= 291, thermal , zout=65.3, eup=  233.94
     Process 1 started calculating ia=296
                                            [WORKER  1] ia= 296, thermal , zout=65.3, eup=  233.82
     Process 1 started calculating ia=297
                                            [WORKER  3] ia= 295, thermal , zout=65.3, eup=  234.24
     Process 3 started calculating ia=298
                                            [WORKER  2] ia= 294, thermal , zout=65.3, eup=  234.39
     Process 2 started calculating ia=299
                                            [WORKER  2] ia= 299, thermal , zout=65.3, eup=  233.39
     Process 2 started calculating ia=300
                                            [WORKER  3] ia= 298, thermal , zout=65.3, eup=  233.14
     Process 3 started calculating ia=301
                                            [WORKER  1] ia= 297, thermal , zout=65.3, eup=  233.11
     Process 1 started calculating ia=302
                                            [WORKER  2] ia= 300, thermal , zout=65.3, eup=  232.83
     Process 2 started calculating ia=303
                                            [WORKER  3] ia= 301, thermal , zout=65.3, eup=  233.33
     Process 3 started calculating ia=304
                                            [WORKER  1] ia= 302, thermal , zout=65.3, eup=  236.58
     Process 1 started calculating ia=305
                                            [WORKER  1] ia= 305, thermal , zout=65.3, eup=  234.95
     Process 1 started calculating ia=306
                                            [WORKER  3] ia= 304, thermal , zout=65.3, eup=  237.02
     Process 3 started calculating ia=307
                                            [WORKER  2] ia= 303, thermal , zout=65.3, eup=  237.62
     Process 2 started calculating ia=308
                                            [WORKER  3] ia= 307, thermal , zout=65.3, eup=  238.36
     Process 3 started calculating ia=309
                                            [WORKER  1] ia= 306, thermal , zout=65.3, eup=  237.65
     Process 1 started calculating ia=310
                                            [WORKER  2] ia= 308, thermal , zout=65.3, eup=  237.52
     Process 2 started calculating ia=311
                                            [WORKER  2] ia= 311, thermal , zout=65.3, eup=  234.45
     Process 2 started calculating ia=312
                                            [WORKER  1] ia= 310, thermal , zout=65.3, eup=  236.40
     Process 1 started calculating ia=313
                                            [WORKER  3] ia= 309, thermal , zout=65.3, eup=  235.86
     Process 3 started calculating ia=314
                                            [WORKER  2] ia= 312, thermal , zout=65.3, eup=  235.30
     Process 2 started calculating ia=315
                                            [WORKER  1] ia= 313, thermal , zout=65.3, eup=  235.19
     Process 1 started calculating ia=316
                                            [WORKER  3] ia= 314, thermal , zout=65.3, eup=  234.95
     Process 3 started calculating ia=317
                                            [WORKER  2] ia= 315, thermal , zout=65.3, eup=  234.75
     Process 2 started calculating ia=318
                                            [WORKER  1] ia= 316, thermal , zout=65.3, eup=  234.48
     Process 1 started calculating ia=319
                                            [WORKER  3] ia= 317, thermal , zout=65.3, eup=  234.12
     Process 3 started calculating ia=320
                                            [WORKER  2] ia= 318, thermal , zout=65.3, eup=  234.19
     Process 2 started calculating ia=321
                                            [WORKER  1] ia= 319, thermal , zout=65.3, eup=  233.93
     Process 1 started calculating ia=322
                                            [WORKER  3] ia= 320, thermal , zout=65.3, eup=  233.82
     Process 3 started calculating ia=323
                                            [WORKER  2] ia= 321, thermal , zout=65.3, eup=  233.39
     Process 2 started calculating ia=324
                                            [WORKER  1] ia= 322, thermal , zout=65.3, eup=  233.28
     Process 1 started calculating ia=325
                                            [WORKER  3] ia= 323, thermal , zout=65.3, eup=  232.44
     Process 3 started calculating ia=326
                                            [WORKER  1] ia= 325, thermal , zout=65.3, eup=  233.49
                                            [WORKER  2] ia= 324, thermal , zout=65.3, eup=  233.26
     Process 1 started calculating ia=327
                                            [WORKER  3] ia= 326, thermal , zout=65.3, eup=  228.64
     Process 2 started calculating ia=328
     Process 3 started calculating ia=329
                                            [WORKER  3] ia= 329, thermal , zout=65.3, eup=  232.58
     Process 3 started calculating ia=330
                                            [WORKER  2] ia= 328, thermal , zout=65.3, eup=  232.81
     Process 2 started calculating ia=331
                                            [WORKER  1] ia= 327, thermal , zout=65.3, eup=  233.61
     Process 1 started calculating ia=332
                                            [WORKER  1] ia= 332, thermal , zout=65.3, eup=  233.18
     Process 1 started calculating ia=333
                                            [WORKER  3] ia= 330, thermal , zout=65.3, eup=  232.87
     Process 3 started calculating ia=334
                                            [WORKER  2] ia= 331, thermal , zout=65.3, eup=  233.60
     Process 2 started calculating ia=335
                                            [WORKER  1] ia= 333, thermal , zout=65.3, eup=  233.61
     Process 1 started calculating ia=336
                                            [WORKER  3] ia= 334, thermal , zout=65.3, eup=  233.68
     Process 3 started calculating ia=337
                                            [WORKER  2] ia= 335, thermal , zout=65.3, eup=  229.58
     Process 2 started calculating ia=338
                                            [WORKER  1] ia= 336, thermal , zout=65.3, eup=  226.49
     Process 1 started calculating ia=339
                                            [WORKER  2] ia= 338, thermal , zout=65.3, eup=  226.89
     Process 2 started calculating ia=340
                                            [WORKER  3] ia= 337, thermal , zout=65.3, eup=  226.09
     Process 3 started calculating ia=341
                                            [WORKER  1] ia= 339, thermal , zout=65.3, eup=  228.41
     Process 1 started calculating ia=342
                                            [WORKER  2] ia= 340, thermal , zout=65.3, eup=  233.98
     Process 2 started calculating ia=343
                                            [WORKER  3] ia= 341, thermal , zout=65.3, eup=  228.48
     Process 3 started calculating ia=344
                                            [WORKER  1] ia= 342, thermal , zout=65.3, eup=  229.88
     Process 1 started calculating ia=345
                                            [WORKER  2] ia= 343, thermal , zout=65.3, eup=  230.63
     Process 2 started calculating ia=346
                                            [WORKER  3] ia= 344, thermal , zout=65.3, eup=  231.52
     Process 3 started calculating ia=347
                                            [WORKER  1] ia= 345, thermal , zout=65.3, eup=  230.59
     Process 1 started calculating ia=348
                                            [WORKER  3] ia= 347, thermal , zout=65.3, eup=  235.38
     Process 3 started calculating ia=349
                                            [WORKER  2] ia= 346, thermal , zout=65.3, eup=  235.60
     Process 2 started calculating ia=350
                                            [WORKER  1] ia= 348, thermal , zout=65.3, eup=  235.29
     Process 1 started calculating ia=351
                                            [WORKER  3] ia= 349, thermal , zout=65.3, eup=  235.34
     Process 3 started calculating ia=352
                                            [WORKER  2] ia= 350, thermal , zout=65.3, eup=  233.03
     Process 2 started calculating ia=353
                                            [WORKER  1] ia= 351, thermal , zout=65.3, eup=  234.67
     Process 1 started calculating ia=354
                                            [WORKER  3] ia= 352, thermal , zout=65.3, eup=  227.77
     Process 3 started calculating ia=355
                                            [WORKER  2] ia= 353, thermal , zout=65.3, eup=  226.45
     Process 2 started calculating ia=356
                                            [WORKER  1] ia= 354, thermal , zout=65.3, eup=  227.12
     Process 1 started calculating ia=357
                                            [WORKER  3] ia= 355, thermal , zout=65.3, eup=  232.73
     Process 3 started calculating ia=358
                                            [WORKER  2] ia= 356, thermal , zout=65.3, eup=  234.70
     Process 2 started calculating ia=359
                                            [WORKER  1] ia= 357, thermal , zout=65.3, eup=  233.08
     Process 1 started calculating ia=360
                                            [WORKER  3] ia= 358, thermal , zout=65.3, eup=  233.14
     Process 3 started calculating ia=361
                                            [WORKER  2] ia= 359, thermal , zout=65.3, eup=  230.35
     Process 2 started calculating ia=362
                                            [WORKER  1] ia= 360, thermal , zout=65.3, eup=  234.34
     Process 1 started calculating ia=363
                                            [WORKER  3] ia= 361, thermal , zout=65.3, eup=  230.46
     Process 3 started calculating ia=364
                                            [WORKER  2] ia= 362, thermal , zout=65.3, eup=  228.58
     Process 2 started calculating ia=365
                                            [WORKER  1] ia= 363, thermal , zout=65.3, eup=  239.15
     Process 1 started calculating ia=366
                                            [WORKER  3] ia= 364, thermal , zout=65.3, eup=  235.50
     Process 3 started calculating ia=367
                                            [WORKER  2] ia= 365, thermal , zout=65.3, eup=  230.61
     Process 2 started calculating ia=368
                                            [WORKER  1] ia= 366, thermal , zout=65.3, eup=  228.59
     Process 1 started calculating ia=369
                                            [WORKER  3] ia= 367, thermal , zout=65.3, eup=  228.75
     Process 3 started calculating ia=370
                                            [WORKER  2] ia= 368, thermal , zout=65.3, eup=  229.69
     Process 2 started calculating ia=371
                                            [WORKER  1] ia= 369, thermal , zout=65.3, eup=  229.26
     Process 1 started calculating ia=372
                                            [WORKER  3] ia= 370, thermal , zout=65.3, eup=  229.63
     Process 3 started calculating ia=373
                                            [WORKER  2] ia= 371, thermal , zout=65.3, eup=  227.71
     Process 2 started calculating ia=374
                                            [WORKER  1] ia= 372, thermal , zout=65.2, eup=  229.95
     Process 1 started calculating ia=375
                                            [WORKER  3] ia= 373, thermal , zout=65.3, eup=  229.68
     Process 3 started calculating ia=376
                                            [WORKER  2] ia= 374, thermal , zout=65.3, eup=  228.79
     Process 2 started calculating ia=377
                                            [WORKER  1] ia= 375, thermal , zout=65.3, eup=  228.15
     Process 1 started calculating ia=378
                                            [WORKER  3] ia= 376, thermal , zout=65.3, eup=  228.97
     Process 3 started calculating ia=379
                                            [WORKER  2] ia= 377, thermal , zout=65.3, eup=  232.12
     Process 2 started calculating ia=380
                                            [WORKER  1] ia= 378, thermal , zout=65.3, eup=  230.76
     Process 1 started calculating ia=381
                                            [WORKER  3] ia= 379, thermal , zout=65.2, eup=  231.46
     Process 3 started calculating ia=382
                                            [WORKER  2] ia= 380, thermal , zout=65.3, eup=  229.41
     Process 2 started calculating ia=383
                                            [WORKER  3] ia= 382, thermal , zout=65.3, eup=  234.47
     Process 3 started calculating ia=384
                                            [WORKER  2] ia= 383, thermal , zout=65.3, eup=  238.35
     Process 2 started calculating ia=385
                                            [WORKER  1] ia= 381, thermal , zout=65.3, eup=  229.77
     Process 1 started calculating ia=386
                                            [WORKER  3] ia= 384, thermal , zout=65.3, eup=  238.26
     Process 3 started calculating ia=387
                                            [WORKER  2] ia= 385, thermal , zout=65.3, eup=  234.91
     Process 2 started calculating ia=388
                                            [WORKER  1] ia= 386, thermal , zout=65.3, eup=  235.00
     Process 1 started calculating ia=389
                                            [WORKER  3] ia= 387, thermal , zout=65.3, eup=  234.01
     Process 3 started calculating ia=390
                                            [WORKER  2] ia= 388, thermal , zout=65.3, eup=  230.00
                                            [WORKER  1] ia= 389, thermal , zout=65.3, eup=  230.16
     Process 1 started calculating ia=392
     Process 2 started calculating ia=391
                                            [WORKER  3] ia= 390, thermal , zout=65.3, eup=  229.03
     Process 3 started calculating ia=393
                                            [WORKER  1] ia= 392, thermal , zout=65.3, eup=  228.69
     Process 1 started calculating ia=394
                                            [WORKER  2] ia= 391, thermal , zout=65.3, eup=  229.65
     Process 2 started calculating ia=395
                                            [WORKER  1] ia= 394, thermal , zout=65.3, eup=  232.35
     Process 1 started calculating ia=396
                                            [WORKER  2] ia= 395, thermal , zout=65.3, eup=  229.10
     Process 2 started calculating ia=397
                                            [WORKER  3] ia= 393, thermal , zout=65.3, eup=  238.88
     Process 3 started calculating ia=398
                                            [WORKER  1] ia= 396, thermal , zout=65.3, eup=  228.62
     Process 1 started calculating ia=399
                                            [WORKER  2] ia= 397, thermal , zout=65.3, eup=  227.41
                                            [WORKER  3] ia= 398, thermal , zout=65.3, eup=  227.31
     Process 2 started calculating ia=400
     Process 3 started calculating ia=401
                                            [WORKER  3] ia= 401, thermal , zout=65.3, eup=  234.85
     Process 3 started calculating ia=402
                                            [WORKER  2] ia= 400, thermal , zout=65.3, eup=  229.31
     Process 2 started calculating ia=403
                                            [WORKER  1] ia= 399, thermal , zout=65.3, eup=  236.20
     Process 1 started calculating ia=404
                                            [WORKER  1] ia= 404, thermal , zout=65.3, eup=  228.04
     Process 1 started calculating ia=405
                                            [WORKER  3] ia= 402, thermal , zout=65.3, eup=  224.35
     Process 3 started calculating ia=406
                                            [WORKER  2] ia= 403, thermal , zout=65.3, eup=  234.16
     Process 2 started calculating ia=407
                                            [WORKER  1] ia= 405, thermal , zout=65.3, eup=  229.12
     Process 1 started calculating ia=408
                                            [WORKER  3] ia= 406, thermal , zout=65.3, eup=  227.72
     Process 3 started calculating ia=409
                                            [WORKER  2] ia= 407, thermal , zout=65.3, eup=  225.77
     Process 2 started calculating ia=410
                                            [WORKER  1] ia= 408, thermal , zout=65.3, eup=  221.67
                                            [WORKER  2] ia= 410, thermal , zout=65.3, eup=  222.07
     Process 1 started calculating ia=412
     Process 2 started calculating ia=411
                                            [WORKER  3] ia= 409, thermal , zout=65.3, eup=  221.05
     Process 3 started calculating ia=413
                                            [WORKER  3] ia= 413, thermal , zout=65.3, eup=  227.69
     Process 3 started calculating ia=414
                                            [WORKER  2] ia= 411, thermal , zout=65.3, eup=  224.84
     Process 2 started calculating ia=415
                                            [WORKER  1] ia= 412, thermal , zout=65.3, eup=  228.30
     Process 1 started calculating ia=416
                                            [WORKER  2] ia= 415, thermal , zout=65.2, eup=  226.98
     Process 2 started calculating ia=417
                                            [WORKER  1] ia= 416, thermal , zout=65.2, eup=  224.32
     Process 1 started calculating ia=418
                                            [WORKER  3] ia= 414, thermal , zout=65.3, eup=  228.69
     Process 3 started calculating ia=419
                                            [WORKER  3] ia= 419, thermal , zout=65.2, eup=  222.76
     Process 3 started calculating ia=420
                                            [WORKER  1] ia= 418, thermal , zout=65.2, eup=  218.20
     Process 1 started calculating ia=421
                                            [WORKER  2] ia= 417, thermal , zout=65.2, eup=  214.87
     Process 2 started calculating ia=422
                                            [WORKER  3] ia= 420, thermal , zout=65.2, eup=  224.22
     Process 3 started calculating ia=423
                                            [WORKER  1] ia= 421, thermal , zout=65.2, eup=  229.82
     Process 1 started calculating ia=424
                                            [WORKER  2] ia= 422, thermal , zout=65.2, eup=  233.64
     Process 2 started calculating ia=425
                                            [WORKER  3] ia= 423, thermal , zout=65.2, eup=  243.03
     Process 3 started calculating ia=426
                                            [WORKER  2] ia= 425, thermal , zout=65.2, eup=  240.07
     Process 2 started calculating ia=427
                                            [WORKER  1] ia= 424, thermal , zout=65.2, eup=  239.02
     Process 1 started calculating ia=428
                                            [WORKER  3] ia= 426, thermal , zout=65.2, eup=  245.16
     Process 3 started calculating ia=429
                                            [WORKER  2] ia= 427, thermal , zout=65.2, eup=  241.22
     Process 2 started calculating ia=430
                                            [WORKER  1] ia= 428, thermal , zout=65.2, eup=  235.97
     Process 1 started calculating ia=431
                                            [WORKER  3] ia= 429, thermal , zout=65.2, eup=  236.40
     Process 3 started calculating ia=432
                                            [WORKER  2] ia= 430, thermal , zout=65.2, eup=  238.06
     Process 2 started calculating ia=433
                                            [WORKER  1] ia= 431, thermal , zout=65.2, eup=  236.88
     Process 1 started calculating ia=434
                                            [WORKER  3] ia= 432, thermal , zout=65.2, eup=  237.32
     Process 3 started calculating ia=435
                                            [WORKER  2] ia= 433, thermal , zout=65.2, eup=  243.48
     Process 2 started calculating ia=436
                                            [WORKER  1] ia= 434, thermal , zout=65.2, eup=  241.61
     Process 1 started calculating ia=437
                                            [WORKER  3] ia= 435, thermal , zout=65.2, eup=  242.44
     Process 3 started calculating ia=438
                                            [WORKER  2] ia= 436, thermal , zout=65.2, eup=  240.52
     Process 2 started calculating ia=439
                                            [WORKER  1] ia= 437, thermal , zout=65.2, eup=  245.63
     Process 1 started calculating ia=440
                                            [WORKER  3] ia= 438, thermal , zout=65.2, eup=  244.61
     Process 3 started calculating ia=441
                                            [WORKER  2] ia= 439, thermal , zout=65.2, eup=  245.66
     Process 2 started calculating ia=442
                                            [WORKER  1] ia= 440, thermal , zout=65.2, eup=  243.41
     Process 1 started calculating ia=443
                                            [WORKER  3] ia= 441, thermal , zout=65.2, eup=  241.64
     Process 3 started calculating ia=444
                                            [WORKER  1] ia= 443, thermal , zout=65.2, eup=  240.18
     Process 1 started calculating ia=445
                                            [WORKER  2] ia= 442, thermal , zout=65.2, eup=  245.88
     Process 2 started calculating ia=446
                                            [WORKER  3] ia= 444, thermal , zout=65.2, eup=  242.41
     Process 3 started calculating ia=447
                                            [WORKER  1] ia= 445, thermal , zout=65.2, eup=  243.84
     Process 1 started calculating ia=448
                                            [WORKER  2] ia= 446, thermal , zout=65.2, eup=  245.16
     Process 2 started calculating ia=449
                                            [WORKER  3] ia= 447, thermal , zout=65.2, eup=  247.42
     Process 3 started calculating ia=450
                                            [WORKER  1] ia= 448, thermal , zout=65.2, eup=  245.05
     Process 1 started calculating ia=451
                                            [WORKER  2] ia= 449, thermal , zout=65.2, eup=  245.26
     Process 2 started calculating ia=452
                                            [WORKER  3] ia= 450, thermal , zout=65.2, eup=  246.31
     Process 3 started calculating ia=453
                                            [WORKER  1] ia= 451, thermal , zout=65.2, eup=  246.81
     Process 1 started calculating ia=454
                                            [WORKER  2] ia= 452, thermal , zout=65.2, eup=  239.11
     Process 2 started calculating ia=455
                                            [WORKER  3] ia= 453, thermal , zout=65.2, eup=  238.32
     Process 3 started calculating ia=456
                                            [WORKER  1] ia= 454, thermal , zout=65.2, eup=  236.13
     Process 1 started calculating ia=457
                                            [WORKER  2] ia= 455, thermal , zout=65.2, eup=  232.43
     Process 2 started calculating ia=458
                                            [WORKER  1] ia= 457, thermal , zout=65.2, eup=  239.76
     Process 1 started calculating ia=459
                                            [WORKER  3] ia= 456, thermal , zout=65.2, eup=  245.02
     Process 3 started calculating ia=460
                                            [WORKER  2] ia= 458, thermal , zout=65.2, eup=  239.62
     Process 2 started calculating ia=461
                                            [WORKER  3] ia= 460, thermal , zout=65.2, eup=  236.22
     Process 3 started calculating ia=462
                                            [WORKER  1] ia= 459, thermal , zout=65.2, eup=  239.39
     Process 1 started calculating ia=463
                                            [WORKER  2] ia= 461, thermal , zout=65.2, eup=  234.34
     Process 2 started calculating ia=464
                                            [WORKER  3] ia= 462, thermal , zout=65.2, eup=  232.69
     Process 3 started calculating ia=465
                                            [WORKER  1] ia= 463, thermal , zout=65.2, eup=  238.31
     Process 1 started calculating ia=466
                                            [WORKER  2] ia= 464, thermal , zout=65.2, eup=  235.72
     Process 2 started calculating ia=467
                                            [WORKER  3] ia= 465, thermal , zout=65.2, eup=  233.08
     Process 3 started calculating ia=468
                                            [WORKER  1] ia= 466, thermal , zout=65.2, eup=  230.66
     Process 1 started calculating ia=469
                                            [WORKER  2] ia= 467, thermal , zout=65.2, eup=  235.47
     Process 2 started calculating ia=470
                                            [WORKER  1] ia= 469, thermal , zout=65.2, eup=  234.52
     Process 1 started calculating ia=471
                                            [WORKER  2] ia= 470, thermal , zout=65.2, eup=  234.27
     Process 2 started calculating ia=472
                                            [WORKER  3] ia= 468, thermal , zout=65.2, eup=  235.60
     Process 3 started calculating ia=473
                                            [WORKER  2] ia= 472, thermal , zout=65.2, eup=  234.87
     Process 2 started calculating ia=474
                                            [WORKER  3] ia= 473, thermal , zout=65.2, eup=  234.60
     Process 3 started calculating ia=475
                                            [WORKER  1] ia= 471, thermal , zout=65.2, eup=  234.51
     Process 1 started calculating ia=476
                                            [WORKER  1] ia= 476, thermal , zout=65.2, eup=  233.98
     Process 1 started calculating ia=477
                                            [WORKER  2] ia= 474, thermal , zout=65.2, eup=  235.28
     Process 2 started calculating ia=478
                                            [WORKER  3] ia= 475, thermal , zout=65.2, eup=  235.88
     Process 3 started calculating ia=479
                                            [WORKER  1] ia= 477, thermal , zout=65.2, eup=  233.96
     Process 1 started calculating ia=480
                                            [WORKER  3] ia= 479, thermal , zout=65.2, eup=  236.39
     Process 3 started calculating ia=481
                                            [WORKER  2] ia= 478, thermal , zout=65.2, eup=  233.53
     Process 2 started calculating ia=482
                                            [WORKER  1] ia= 480, thermal , zout=65.2, eup=  243.04
     Process 1 started calculating ia=483
                                            [WORKER  3] ia= 481, thermal , zout=65.2, eup=  235.58
     Process 3 started calculating ia=484
                                            [WORKER  2] ia= 482, thermal , zout=65.2, eup=  238.38
     Process 2 started calculating ia=485
                                            [WORKER  2] ia= 485, thermal , zout=65.2, eup=  236.97
     Process 2 started calculating ia=486
                                            [WORKER  3] ia= 484, thermal , zout=65.2, eup=  234.41
     Process 3 started calculating ia=487
                                            [WORKER  1] ia= 483, thermal , zout=65.2, eup=  234.60
     Process 1 started calculating ia=488
                                            [WORKER  2] ia= 486, thermal , zout=65.2, eup=  236.90
     Process 2 started calculating ia=489
                                            [WORKER  1] ia= 488, thermal , zout=65.2, eup=  241.55
     Process 1 started calculating ia=490
                                            [WORKER  3] ia= 487, thermal , zout=65.2, eup=  242.61
     Process 3 started calculating ia=491
                                            [WORKER  1] ia= 490, thermal , zout=65.2, eup=  232.00
     Process 1 started calculating ia=492
                                            [WORKER  2] ia= 489, thermal , zout=65.2, eup=  229.15
     Process 2 started calculating ia=493
                                            [WORKER  3] ia= 491, thermal , zout=65.2, eup=  238.59
     Process 3 started calculating ia=494
                                            [WORKER  1] ia= 492, thermal , zout=65.2, eup=  238.72
     Process 1 started calculating ia=495
                                            [WORKER  2] ia= 493, thermal , zout=65.2, eup=  235.11
     Process 2 started calculating ia=496
                                            [WORKER  3] ia= 494, thermal , zout=65.2, eup=  227.71
     Process 3 started calculating ia=497
                                            [WORKER  1] ia= 495, thermal , zout=65.2, eup=  227.53
     Process 1 started calculating ia=498
                                            [WORKER  2] ia= 496, thermal , zout=65.2, eup=  227.08
     Process 2 started calculating ia=499
                                            [WORKER  3] ia= 497, thermal , zout=65.2, eup=  226.90
     Process 3 started calculating ia=500
                                            [WORKER  1] ia= 498, thermal , zout=65.2, eup=  227.63
     Process 1 started calculating ia=501
                                            [WORKER  2] ia= 499, thermal , zout=65.2, eup=  228.73
     Process 2 started calculating ia=502
                                            [WORKER  3] ia= 500, thermal , zout=65.2, eup=  228.40
     Process 3 started calculating ia=503
                                            [WORKER  3] ia= 503, thermal , zout=65.2, eup=  229.65
     Process 3 started calculating ia=504
                                            [WORKER  1] ia= 501, thermal , zout=65.2, eup=  227.77
     Process 1 started calculating ia=505
                                            [WORKER  2] ia= 502, thermal , zout=65.2, eup=  229.09
     Process 2 started calculating ia=506
                                            [WORKER  2] ia= 506, thermal , zout=65.2, eup=  229.86
     Process 2 started calculating ia=507
                                            [WORKER  1] ia= 505, thermal , zout=65.2, eup=  231.13
                                            [WORKER  3] ia= 504, thermal , zout=65.2, eup=  232.16
     Process 1 started calculating ia=509
     Process 3 started calculating ia=508
                                            [WORKER  1] ia= 509, thermal , zout=65.2, eup=  230.07
     Process 1 started calculating ia=510
                                            [WORKER  2] ia= 507, thermal , zout=65.2, eup=  229.49
     Process 2 started calculating ia=511
                                            [WORKER  3] ia= 508, thermal , zout=65.2, eup=  229.27
     Process 3 started calculating ia=512
                                            [WORKER  1] ia= 510, thermal , zout=65.2, eup=  230.54
     Process 1 started calculating ia=513
                                            [WORKER  2] ia= 511, thermal , zout=65.2, eup=  230.76
     Process 2 started calculating ia=514
                                            [WORKER  3] ia= 512, thermal , zout=65.2, eup=  231.97
     Process 3 started calculating ia=515
                                            [WORKER  1] ia= 513, thermal , zout=65.2, eup=  231.26
     Process 1 started calculating ia=516
                                            [WORKER  2] ia= 514, thermal , zout=65.2, eup=  230.73
     Process 2 started calculating ia=517
                                            [WORKER  3] ia= 515, thermal , zout=65.2, eup=  230.27
     Process 3 started calculating ia=518
                                            [WORKER  1] ia= 516, thermal , zout=65.2, eup=  230.42
     Process 1 started calculating ia=519
                                            [WORKER  3] ia= 518, thermal , zout=65.2, eup=  230.21
     Process 3 started calculating ia=520
                                            [WORKER  2] ia= 517, thermal , zout=65.2, eup=  230.37
     Process 2 started calculating ia=521
                                            [WORKER  2] ia= 521, thermal , zout=65.2, eup=  240.82
     Process 2 started calculating ia=522
                                            [WORKER  1] ia= 519, thermal , zout=65.2, eup=  230.78
                                            [WORKER  3] ia= 520, thermal , zout=65.2, eup=  240.33
     Process 3 started calculating ia=523
     Process 1 started calculating ia=524
                                            [WORKER  1] ia= 524, thermal , zout=65.2, eup=  253.55
     Process 1 started calculating ia=525
                                            [WORKER  2] ia= 522, thermal , zout=65.2, eup=  241.45
     Process 2 started calculating ia=526
                                            [WORKER  3] ia= 523, thermal , zout=65.2, eup=  247.17
     Process 3 started calculating ia=527
                                            [WORKER  1] ia= 525, thermal , zout=65.2, eup=  253.50
     Process 1 started calculating ia=528
                                            [WORKER  3] ia= 527, thermal , zout=65.2, eup=  251.99
     Process 3 started calculating ia=529
                                            [WORKER  2] ia= 526, thermal , zout=65.2, eup=  247.62
     Process 2 started calculating ia=530
                                            [WORKER  1] ia= 528, thermal , zout=65.2, eup=  235.92
     Process 1 started calculating ia=531
                                            [WORKER  2] ia= 530, thermal , zout=65.2, eup=  229.37
     Process 2 started calculating ia=532
                                            [WORKER  3] ia= 529, thermal , zout=65.2, eup=  229.54
     Process 3 started calculating ia=533
                                            [WORKER  1] ia= 531, thermal , zout=65.2, eup=  228.52
     Process 1 started calculating ia=534
                                            [WORKER  3] ia= 533, thermal , zout=65.2, eup=  229.14
     Process 3 started calculating ia=535
                                            [WORKER  2] ia= 532, thermal , zout=65.2, eup=  228.87
     Process 2 started calculating ia=536
                                            [WORKER  2] ia= 536, thermal , zout=65.2, eup=  227.99
     Process 2 started calculating ia=537
                                            [WORKER  1] ia= 534, thermal , zout=65.2, eup=  228.35
     Process 1 started calculating ia=538
                                            [WORKER  3] ia= 535, thermal , zout=65.2, eup=  227.99
     Process 3 started calculating ia=539
                                            [WORKER  2] ia= 537, thermal , zout=65.2, eup=  228.02
     Process 2 started calculating ia=540
                                            [WORKER  1] ia= 538, thermal , zout=65.2, eup=  227.83
                                            [WORKER  3] ia= 539, thermal , zout=65.2, eup=  227.41
     Process 1 started calculating ia=542
     Process 3 started calculating ia=541
                                            [WORKER  1] ia= 542, thermal , zout=65.2, eup=  235.13
     Process 1 started calculating ia=543
                                            [WORKER  3] ia= 541, thermal , zout=65.2, eup=  229.08
     Process 3 started calculating ia=544
                                            [WORKER  2] ia= 540, thermal , zout=65.2, eup=  231.14
     Process 2 started calculating ia=545
                                            [WORKER  1] ia= 543, thermal , zout=65.2, eup=  227.67
     Process 1 started calculating ia=546
                                            [WORKER  2] ia= 545, thermal , zout=65.2, eup=  226.71
     Process 2 started calculating ia=547
                                            [WORKER  3] ia= 544, thermal , zout=65.2, eup=  226.83
     Process 3 started calculating ia=548
                                            [WORKER  1] ia= 546, thermal , zout=65.2, eup=  238.06
     Process 1 started calculating ia=549
                                            [WORKER  3] ia= 548, thermal , zout=65.2, eup=  245.50
     Process 3 started calculating ia=550
                                            [WORKER  2] ia= 547, thermal , zout=65.2, eup=  241.20
     Process 2 started calculating ia=551
                                            [WORKER  3] ia= 550, thermal , zout=65.2, eup=  243.92
     Process 3 started calculating ia=552
                                            [WORKER  1] ia= 549, thermal , zout=65.2, eup=  242.24
     Process 1 started calculating ia=553
                                            [WORKER  2] ia= 551, thermal , zout=65.2, eup=  240.30
     Process 2 started calculating ia=554
                                            [WORKER  3] ia= 552, thermal , zout=65.2, eup=  243.34
     Process 3 started calculating ia=555
                                            [WORKER  2] ia= 554, thermal , zout=65.2, eup=  236.80
     Process 2 started calculating ia=556
                                            [WORKER  1] ia= 553, thermal , zout=65.2, eup=  249.53
     Process 1 started calculating ia=557
                                            [WORKER  1] ia= 557, thermal , zout=65.2, eup=  242.08
     Process 1 started calculating ia=558
                                            [WORKER  2] ia= 556, thermal , zout=65.2, eup=  225.47
     Process 2 started calculating ia=559
                                            [WORKER  3] ia= 555, thermal , zout=65.2, eup=  235.35
     Process 3 started calculating ia=560
                                            [WORKER  2] ia= 559, thermal , zout=65.2, eup=  243.06
     Process 2 started calculating ia=561
                                            [WORKER  3] ia= 560, thermal , zout=65.2, eup=  253.60
     Process 3 started calculating ia=562
                                            [WORKER  1] ia= 558, thermal , zout=65.2, eup=  241.29
     Process 1 started calculating ia=563
                                            [WORKER  3] ia= 562, thermal , zout=65.2, eup=  252.40
     Process 3 started calculating ia=564
                                            [WORKER  2] ia= 561, thermal , zout=65.2, eup=  252.66
     Process 2 started calculating ia=565
                                            [WORKER  1] ia= 563, thermal , zout=65.2, eup=  253.11
     Process 1 started calculating ia=566
                                            [WORKER  3] ia= 564, thermal , zout=65.2, eup=  251.29
     Process 3 started calculating ia=567
                                            [WORKER  1] ia= 566, thermal , zout=65.2, eup=  253.99
     Process 1 started calculating ia=568
                                            [WORKER  2] ia= 565, thermal , zout=65.2, eup=  254.18
     Process 2 started calculating ia=569
                                            [WORKER  3] ia= 567, thermal , zout=65.2, eup=  251.61
     Process 3 started calculating ia=570
                                            [WORKER  1] ia= 568, thermal , zout=65.2, eup=  254.38
                                            [WORKER  2] ia= 569, thermal , zout=65.2, eup=  244.89
     Process 1 started calculating ia=572
     Process 2 started calculating ia=571
                                            [WORKER  2] ia= 571, thermal , zout=65.2, eup=  225.56
     Process 2 started calculating ia=573
                                            [WORKER  3] ia= 570, thermal , zout=65.2, eup=  225.72
     Process 3 started calculating ia=574
                                            [WORKER  1] ia= 572, thermal , zout=65.2, eup=  224.96
     Process 1 started calculating ia=575
                                            [WORKER  2] ia= 573, thermal , zout=65.2, eup=  229.23
     Process 2 started calculating ia=576
                                            [WORKER  3] ia= 574, thermal , zout=65.2, eup=  233.26
     Process 3 started calculating ia=577
                                            [WORKER  1] ia= 575, thermal , zout=65.2, eup=  238.23
     Process 1 started calculating ia=578
                                            [WORKER  3] ia= 577, thermal , zout=65.2, eup=  255.18
     Process 3 started calculating ia=579
                                            [WORKER  1] ia= 578, thermal , zout=65.2, eup=  242.03
     Process 1 started calculating ia=580
                                            [WORKER  2] ia= 576, thermal , zout=65.2, eup=  255.07
     Process 2 started calculating ia=581
                                            [WORKER  1] ia= 580, thermal , zout=65.2, eup=  226.42
     Process 1 started calculating ia=582
                                            [WORKER  3] ia= 579, thermal , zout=65.2, eup=  240.07
     Process 3 started calculating ia=583
                                            [WORKER  2] ia= 581, thermal , zout=65.2, eup=  224.36
     Process 2 started calculating ia=584
                                            [WORKER  1] ia= 582, thermal , zout=65.2, eup=  224.11
     Process 1 started calculating ia=585
                                            [WORKER  3] ia= 583, thermal , zout=65.2, eup=  239.51
     Process 3 started calculating ia=586
                                            [WORKER  2] ia= 584, thermal , zout=65.2, eup=  228.41
     Process 2 started calculating ia=587
                                            [WORKER  1] ia= 585, thermal , zout=65.2, eup=  226.38
                                            [WORKER  2] ia= 587, thermal , zout=65.2, eup=  226.48
     Process 2 started calculating ia=588
     Process 1 started calculating ia=589
                                            [WORKER  3] ia= 586, thermal , zout=65.2, eup=  226.08
     Process 3 started calculating ia=590
                                            [WORKER  3] ia= 590, thermal , zout=65.2, eup=  225.30
     Process 3 started calculating ia=591
                                            [WORKER  1] ia= 589, thermal , zout=65.2, eup=  227.33
     Process 1 started calculating ia=592
                                            [WORKER  2] ia= 588, thermal , zout=65.2, eup=  226.32
     Process 2 started calculating ia=593
                                            [WORKER  1] ia= 592, thermal , zout=65.2, eup=  223.56
     Process 1 started calculating ia=594
                                            [WORKER  3] ia= 591, thermal , zout=65.2, eup=  225.06
     Process 3 started calculating ia=595
                                            [WORKER  2] ia= 593, thermal , zout=65.2, eup=  224.65
     Process 2 started calculating ia=596
                                            [WORKER  3] ia= 595, thermal , zout=65.2, eup=  251.61
     Process 3 started calculating ia=597
                                            [WORKER  2] ia= 596, thermal , zout=65.2, eup=  254.23
     Process 2 started calculating ia=598
                                            [WORKER  1] ia= 594, thermal , zout=65.2, eup=  224.56
     Process 1 started calculating ia=599
                                            [WORKER  1] ia= 599, thermal , zout=65.2, eup=  248.17
     Process 1 started calculating ia=600
                                            [WORKER  3] ia= 597, thermal , zout=65.2, eup=  255.68
     Process 3 started calculating ia=601
                                            [WORKER  2] ia= 598, thermal , zout=65.2, eup=  255.52
     Process 2 started calculating ia=602
                                            [WORKER  1] ia= 600, thermal , zout=65.2, eup=  244.54
     Process 1 started calculating ia=603
                                            [WORKER  3] ia= 601, thermal , zout=65.2, eup=  250.83
     Process 3 started calculating ia=604
                                            [WORKER  2] ia= 602, thermal , zout=65.2, eup=  247.22
     Process 2 started calculating ia=605
                                            [WORKER  1] ia= 603, thermal , zout=65.2, eup=  246.38
     Process 1 started calculating ia=606
                                            [WORKER  3] ia= 604, thermal , zout=65.2, eup=  243.81
     Process 3 started calculating ia=607
                                            [WORKER  2] ia= 605, thermal , zout=65.2, eup=  246.58
     Process 2 started calculating ia=608
                                            [WORKER  1] ia= 606, thermal , zout=65.2, eup=  250.26
     Process 1 started calculating ia=609
                                            [WORKER  3] ia= 607, thermal , zout=65.2, eup=  250.91
     Process 3 started calculating ia=610
                                            [WORKER  2] ia= 608, thermal , zout=65.2, eup=  249.39
     Process 2 started calculating ia=611
                                            [WORKER  1] ia= 609, thermal , zout=65.2, eup=  255.10
     Process 1 started calculating ia=612
                                            [WORKER  3] ia= 610, thermal , zout=65.2, eup=  255.56
     Process 3 started calculating ia=613
                                            [WORKER  2] ia= 611, thermal , zout=65.2, eup=  255.51
     Process 2 started calculating ia=614
                                            [WORKER  1] ia= 612, thermal , zout=65.2, eup=  247.24
     Process 1 started calculating ia=615
                                            [WORKER  3] ia= 613, thermal , zout=65.2, eup=  233.64
     Process 3 started calculating ia=616
                                            [WORKER  2] ia= 614, thermal , zout=65.2, eup=  237.83
     Process 2 started calculating ia=617
                                            [WORKER  1] ia= 615, thermal , zout=65.2, eup=  231.15
     Process 1 started calculating ia=618
                                            [WORKER  3] ia= 616, thermal , zout=65.2, eup=  229.68
     Process 3 started calculating ia=619
                                            [WORKER  2] ia= 617, thermal , zout=65.2, eup=  238.24
     Process 2 started calculating ia=620
                                            [WORKER  1] ia= 618, thermal , zout=65.2, eup=  229.48
     Process 1 started calculating ia=621
                                            [WORKER  3] ia= 619, thermal , zout=65.2, eup=  232.31
     Process 3 started calculating ia=622
                                            [WORKER  2] ia= 620, thermal , zout=65.2, eup=  230.64
     Process 2 started calculating ia=623
                                            [WORKER  1] ia= 621, thermal , zout=65.2, eup=  232.73
     Process 1 started calculating ia=624
                                            [WORKER  3] ia= 622, thermal , zout=65.2, eup=  228.48
     Process 3 started calculating ia=625
                                            [WORKER  2] ia= 623, thermal , zout=65.2, eup=  227.61
     Process 2 started calculating ia=626
                                            [WORKER  1] ia= 624, thermal , zout=65.2, eup=  229.80
     Process 1 started calculating ia=627
                                            [WORKER  3] ia= 625, thermal , zout=65.1, eup=  227.20
     Process 3 started calculating ia=628
                                            [WORKER  2] ia= 626, thermal , zout=65.1, eup=  229.99
     Process 2 started calculating ia=629
                                            [WORKER  1] ia= 627, thermal , zout=65.2, eup=  228.80
     Process 1 started calculating ia=630
                                            [WORKER  3] ia= 628, thermal , zout=65.1, eup=  227.64
     Process 3 started calculating ia=631
                                            [WORKER  2] ia= 629, thermal , zout=65.1, eup=  230.39
     Process 2 started calculating ia=632
                                            [WORKER  1] ia= 630, thermal , zout=65.1, eup=  242.03
     Process 1 started calculating ia=633
                                            [WORKER  3] ia= 631, thermal , zout=65.0, eup=  239.06
     Process 3 started calculating ia=634
                                            [WORKER  2] ia= 632, thermal , zout=65.1, eup=  231.52
     Process 2 started calculating ia=635
                                            [WORKER  1] ia= 633, thermal , zout=65.1, eup=  229.51
     Process 1 started calculating ia=636
                                            [WORKER  3] ia= 634, thermal , zout=65.1, eup=  233.14
     Process 3 started calculating ia=637
                                            [WORKER  2] ia= 635, thermal , zout=65.1, eup=  230.87
     Process 2 started calculating ia=638
                                            [WORKER  1] ia= 636, thermal , zout=65.1, eup=  231.48
     Process 1 started calculating ia=639
                                            [WORKER  3] ia= 637, thermal , zout=65.1, eup=  227.60
     Process 3 started calculating ia=640
                                            [WORKER  2] ia= 638, thermal , zout=65.1, eup=  228.04
     Process 2 started calculating ia=641
                                            [WORKER  1] ia= 639, thermal , zout=65.1, eup=  232.54
     Process 1 started calculating ia=642
                                            [WORKER  3] ia= 640, thermal , zout=65.1, eup=  230.38
     Process 3 started calculating ia=643
                                            [WORKER  2] ia= 641, thermal , zout=65.2, eup=  230.51
     Process 2 started calculating ia=644
                                            [WORKER  3] ia= 643, thermal , zout=65.2, eup=  228.19
     Process 3 started calculating ia=645
                                            [WORKER  1] ia= 642, thermal , zout=65.2, eup=  227.28
     Process 1 started calculating ia=646
                                            [WORKER  2] ia= 644, thermal , zout=65.2, eup=  228.11
     Process 2 started calculating ia=647
                                            [WORKER  3] ia= 645, thermal , zout=65.2, eup=  226.63
     Process 3 started calculating ia=648
                                            [WORKER  1] ia= 646, thermal , zout=65.2, eup=  226.15
     Process 1 started calculating ia=649
                                            [WORKER  2] ia= 647, thermal , zout=65.2, eup=  226.44
     Process 2 started calculating ia=650
                                            [WORKER  3] ia= 648, thermal , zout=65.2, eup=  226.86
     Process 3 started calculating ia=651
                                            [WORKER  1] ia= 649, thermal , zout=65.2, eup=  229.26
     Process 1 started calculating ia=652
                                            [WORKER  2] ia= 650, thermal , zout=65.2, eup=  233.64
     Process 2 started calculating ia=653
                                            [WORKER  3] ia= 651, thermal , zout=65.2, eup=  236.30
     Process 3 started calculating ia=654
                                            [WORKER  1] ia= 652, thermal , zout=65.2, eup=  248.89
     Process 1 started calculating ia=655
                                            [WORKER  2] ia= 653, thermal , zout=65.2, eup=  240.47
     Process 2 started calculating ia=656
                                            [WORKER  1] ia= 655, thermal , zout=65.2, eup=  244.03
     Process 1 started calculating ia=657
                                            [WORKER  3] ia= 654, thermal , zout=65.2, eup=  245.91
     Process 3 started calculating ia=658
                                            [WORKER  2] ia= 656, thermal , zout=65.3, eup=  249.60
     Process 2 started calculating ia=659
                                            [WORKER  3] ia= 658, thermal , zout=65.1, eup=  251.01
     Process 3 started calculating ia=660
                                            [WORKER  2] ia= 659, thermal , zout=65.1, eup=  250.78
     Process 2 started calculating ia=661
                                            [WORKER  1] ia= 657, thermal , zout=65.3, eup=  255.79
     Process 1 started calculating ia=662
                                            [WORKER  3] ia= 660, thermal , zout=65.1, eup=  247.90
     Process 3 started calculating ia=663
                                            [WORKER  2] ia= 661, thermal , zout=65.1, eup=  250.37
     Process 2 started calculating ia=664
                                            [WORKER  1] ia= 662, thermal , zout=65.2, eup=  250.05
     Process 1 started calculating ia=665
                                            [WORKER  3] ia= 663, thermal , zout=65.1, eup=  256.12
     Process 3 started calculating ia=666
                                            [WORKER  2] ia= 664, thermal , zout=64.9, eup=  255.66
     Process 2 started calculating ia=667
                                            [WORKER  1] ia= 665, thermal , zout=65.0, eup=  252.61
     Process 1 started calculating ia=668
                                            [WORKER  3] ia= 666, thermal , zout=64.9, eup=  243.02
     Process 3 started calculating ia=669
                                            [WORKER  2] ia= 667, thermal , zout=64.8, eup=  228.80
     Process 2 started calculating ia=670
                                            [WORKER  1] ia= 668, thermal , zout=64.8, eup=  253.61
     Process 1 started calculating ia=671
                                            [WORKER  3] ia= 669, thermal , zout=64.8, eup=  249.71
     Process 3 started calculating ia=672
                                            [WORKER  2] ia= 670, thermal , zout=64.7, eup=  251.03
     Process 2 started calculating ia=673
                                            [WORKER  1] ia= 671, thermal , zout=64.7, eup=  251.03
     Process 1 started calculating ia=674
                                            [WORKER  3] ia= 672, thermal , zout=64.7, eup=  243.66
     Process 3 started calculating ia=675
                                            [WORKER  2] ia= 673, thermal , zout=64.7, eup=  247.00
     Process 2 started calculating ia=676
                                            [WORKER  1] ia= 674, thermal , zout=64.7, eup=  250.25
     Process 1 started calculating ia=677
                                            [WORKER  3] ia= 675, thermal , zout=64.7, eup=  250.01
     Process 3 started calculating ia=678
                                            [WORKER  2] ia= 676, thermal , zout=64.7, eup=  230.39
     Process 2 started calculating ia=679
                                            [WORKER  1] ia= 677, thermal , zout=64.7, eup=  231.68
     Process 1 started calculating ia=680
                                            [WORKER  3] ia= 678, thermal , zout=64.7, eup=  230.84
     Process 3 started calculating ia=681
                                            [WORKER  2] ia= 679, thermal , zout=64.7, eup=  254.95
     Process 2 started calculating ia=682
                                            [WORKER  1] ia= 680, thermal , zout=64.7, eup=  253.04
     Process 1 started calculating ia=683
                                            [WORKER  3] ia= 681, thermal , zout=64.7, eup=  252.13
     Process 3 started calculating ia=684
                                            [WORKER  1] ia= 683, thermal , zout=64.7, eup=  250.69
     Process 1 started calculating ia=685
                                            [WORKER  2] ia= 682, thermal , zout=64.7, eup=  252.13
     Process 2 started calculating ia=686
                                            [WORKER  3] ia= 684, thermal , zout=64.7, eup=  252.12
     Process 3 started calculating ia=687
                                            [WORKER  1] ia= 685, thermal , zout=64.7, eup=  250.44
     Process 1 started calculating ia=688
                                            [WORKER  2] ia= 686, thermal , zout=64.7, eup=  250.45
     Process 2 started calculating ia=689
                                            [WORKER  3] ia= 687, thermal , zout=64.7, eup=  249.35
     Process 3 started calculating ia=690
                                            [WORKER  1] ia= 688, thermal , zout=64.7, eup=  249.53
     Process 1 started calculating ia=691
                                            [WORKER  2] ia= 689, thermal , zout=64.7, eup=  248.55
     Process 2 started calculating ia=692
                                            [WORKER  3] ia= 690, thermal , zout=64.7, eup=  245.11
     Process 3 started calculating ia=693
                                            [WORKER  1] ia= 691, thermal , zout=64.8, eup=  242.63
     Process 1 started calculating ia=694
                                            [WORKER  2] ia= 692, thermal , zout=64.8, eup=  239.97
     Process 2 started calculating ia=695
                                            [WORKER  3] ia= 693, thermal , zout=64.8, eup=  238.92
     Process 3 started calculating ia=696
                                            [WORKER  1] ia= 694, thermal , zout=64.8, eup=  239.37
     Process 1 started calculating ia=697
                                            [WORKER  2] ia= 695, thermal , zout=64.9, eup=  239.27
     Process 2 started calculating ia=698
                                            [WORKER  3] ia= 696, thermal , zout=64.9, eup=  239.00
     Process 3 started calculating ia=699
                                            [WORKER  1] ia= 697, thermal , zout=64.9, eup=  238.94
     Process 1 started calculating ia=700
                                            [WORKER  2] ia= 698, thermal , zout=65.0, eup=  238.92
     Process 2 started calculating ia=701
                                            [WORKER  3] ia= 699, thermal , zout=65.0, eup=  239.97
     Process 3 started calculating ia=702
                                            [WORKER  1] ia= 700, thermal , zout=65.0, eup=  250.29
     Process 1 started calculating ia=703
                                            [WORKER  2] ia= 701, thermal , zout=65.0, eup=  249.96
     Process 2 started calculating ia=704
                                            [WORKER  3] ia= 702, thermal , zout=65.0, eup=  241.25
     Process 3 started calculating ia=705
                                            [WORKER  1] ia= 703, thermal , zout=65.1, eup=  248.34
     Process 1 started calculating ia=706
                                            [WORKER  2] ia= 704, thermal , zout=65.1, eup=  244.63
     Process 2 started calculating ia=707
                                            [WORKER  3] ia= 705, thermal , zout=65.0, eup=  245.26
     Process 3 started calculating ia=708
                                            [WORKER  1] ia= 706, thermal , zout=65.0, eup=  245.78
     Process 1 started calculating ia=709
                                            [WORKER  2] ia= 707, thermal , zout=65.0, eup=  245.31
     Process 2 started calculating ia=710
                                            [WORKER  3] ia= 708, thermal , zout=65.0, eup=  235.25
     Process 3 started calculating ia=711
                                            [WORKER  2] ia= 710, thermal , zout=65.1, eup=  236.90
     Process 2 started calculating ia=712
                                            [WORKER  1] ia= 709, thermal , zout=65.0, eup=  242.93
     Process 1 started calculating ia=713
                                            [WORKER  3] ia= 711, thermal , zout=65.1, eup=  241.31
     Process 3 started calculating ia=714
                                            [WORKER  2] ia= 712, thermal , zout=65.2, eup=  239.82
     Process 2 started calculating ia=715
                                            [WORKER  1] ia= 713, thermal , zout=65.2, eup=  242.22
     Process 1 started calculating ia=716
                                            [WORKER  3] ia= 714, thermal , zout=65.2, eup=  240.78
     Process 3 started calculating ia=717
                                            [WORKER  2] ia= 715, thermal , zout=65.2, eup=  240.82
     Process 2 started calculating ia=718
                                            [WORKER  1] ia= 716, thermal , zout=65.2, eup=  237.70
     Process 1 started calculating ia=719
                                            [WORKER  3] ia= 717, thermal , zout=65.2, eup=  242.00
     Process 3 started calculating ia=720
                                            [WORKER  1] ia= 719, thermal , zout=65.2, eup=  236.39
     Process 1 started calculating ia=721
                                            [WORKER  2] ia= 718, thermal , zout=65.2, eup=  238.18
     Process 2 started calculating ia=722
                                            [WORKER  3] ia= 720, thermal , zout=65.2, eup=  226.95
     Process 3 started calculating ia=723
                                            [WORKER  2] ia= 722, thermal , zout=65.2, eup=  219.04
     Process 2 started calculating ia=724
                                            [WORKER  1] ia= 721, thermal , zout=65.2, eup=  225.16
     Process 1 started calculating ia=725
                                            [WORKER  3] ia= 723, thermal , zout=65.2, eup=  226.58
     Process 3 started calculating ia=726
                                            [WORKER  1] ia= 725, thermal , zout=65.2, eup=  239.35
     Process 1 started calculating ia=727
                                            [WORKER  2] ia= 724, thermal , zout=65.2, eup=  237.80
     Process 2 started calculating ia=728
                                            [WORKER  3] ia= 726, thermal , zout=65.2, eup=  242.96
     Process 3 started calculating ia=729
                                            [WORKER  1] ia= 727, thermal , zout=65.2, eup=  236.68
     Process 1 started calculating ia=730
                                            [WORKER  2] ia= 728, thermal , zout=65.2, eup=  234.04
     Process 2 started calculating ia=731
                                            [WORKER  3] ia= 729, thermal , zout=65.2, eup=  229.84
     Process 3 started calculating ia=732
                                            [WORKER  1] ia= 730, thermal , zout=65.2, eup=  227.90
     Process 1 started calculating ia=733
                                            [WORKER  2] ia= 731, thermal , zout=65.2, eup=  237.61
     Process 2 started calculating ia=734
                                            [WORKER  3] ia= 732, thermal , zout=65.2, eup=  238.25
     Process 3 started calculating ia=735
                                            [WORKER  1] ia= 733, thermal , zout=65.2, eup=  238.26
     Process 1 started calculating ia=736
                                            [WORKER  2] ia= 734, thermal , zout=65.2, eup=  235.27
     Process 2 started calculating ia=737
                                            [WORKER  3] ia= 735, thermal , zout=65.2, eup=  237.47
     Process 3 started calculating ia=738
                                            [WORKER  1] ia= 736, thermal , zout=65.2, eup=  239.65
     Process 1 started calculating ia=739
                                            [WORKER  2] ia= 737, thermal , zout=65.2, eup=  232.93
     Process 2 started calculating ia=740
                                            [WORKER  3] ia= 738, thermal , zout=65.2, eup=  227.21
     Process 3 started calculating ia=741
                                            [WORKER  2] ia= 740, thermal , zout=65.2, eup=  231.27
     Process 2 started calculating ia=742
                                            [WORKER  1] ia= 739, thermal , zout=65.2, eup=  229.19
     Process 1 started calculating ia=743
                                            [WORKER  3] ia= 741, thermal , zout=65.2, eup=  226.22
     Process 3 started calculating ia=744
                                            [WORKER  1] ia= 743, thermal , zout=65.2, eup=  229.62
     Process 1 started calculating ia=745
                                            [WORKER  2] ia= 742, thermal , zout=65.2, eup=  214.67
     Process 2 started calculating ia=746
                                            [WORKER  3] ia= 744, thermal , zout=65.2, eup=  240.76
     Process 3 started calculating ia=747
                                            [WORKER  1] ia= 745, thermal , zout=65.2, eup=  234.12
     Process 1 started calculating ia=748
                                            [WORKER  2] ia= 746, thermal , zout=65.3, eup=  231.32
     Process 2 started calculating ia=749
                                            [WORKER  3] ia= 747, thermal , zout=65.2, eup=  241.44
     Process 3 started calculating ia=750
                                            [WORKER  1] ia= 748, thermal , zout=65.1, eup=  232.44
     Process 1 started calculating ia=751
                                            [WORKER  2] ia= 749, thermal , zout=65.1, eup=  215.45
     Process 2 started calculating ia=752
                                            [WORKER  3] ia= 750, thermal , zout=65.1, eup=  209.87
     Process 3 started calculating ia=753
                                            [WORKER  1] ia= 751, thermal , zout=65.1, eup=  219.46
     Process 1 started calculating ia=754
                                            [WORKER  2] ia= 752, thermal , zout=65.1, eup=  223.56
     Process 2 started calculating ia=755
                                            [WORKER  3] ia= 753, thermal , zout=65.1, eup=  221.09
     Process 3 started calculating ia=756
                                            [WORKER  1] ia= 754, thermal , zout=65.1, eup=  224.66
     Process 1 started calculating ia=757
                                            [WORKER  2] ia= 755, thermal , zout=65.1, eup=  225.85
     Process 2 started calculating ia=758
                                            [WORKER  3] ia= 756, thermal , zout=65.0, eup=  226.00
     Process 3 started calculating ia=759
                                            [WORKER  1] ia= 757, thermal , zout=64.9, eup=  227.05
     Process 1 started calculating ia=760
                                            [WORKER  2] ia= 758, thermal , zout=64.9, eup=  225.21
     Process 2 started calculating ia=761
                                            [WORKER  3] ia= 759, thermal , zout=64.8, eup=  237.50
     Process 3 started calculating ia=762
                                            [WORKER  1] ia= 760, thermal , zout=64.9, eup=  231.36
     Process 1 started calculating ia=763
                                            [WORKER  2] ia= 761, thermal , zout=64.9, eup=  221.30
     Process 2 started calculating ia=764
                                            [WORKER  3] ia= 762, thermal , zout=65.0, eup=  216.24
     Process 3 started calculating ia=765
                                            [WORKER  2] ia= 764, thermal , zout=64.9, eup=  217.74
     Process 2 started calculating ia=766
                                            [WORKER  3] ia= 765, thermal , zout=64.9, eup=  213.58
     Process 3 started calculating ia=767
                                            [WORKER  1] ia= 763, thermal , zout=65.0, eup=  216.72
     Process 1 started calculating ia=768
                                            [WORKER  2] ia= 766, thermal , zout=64.9, eup=  204.37
     Process 2 started calculating ia=769
                                            [WORKER  3] ia= 767, thermal , zout=64.9, eup=  203.31
     Process 3 started calculating ia=770
                                            [WORKER  1] ia= 768, thermal , zout=64.8, eup=  209.02
     Process 1 started calculating ia=771
                                            [WORKER  1] ia= 771, thermal , zout=64.9, eup=  190.01
     Process 1 started calculating ia=772
                                            [WORKER  3] ia= 770, thermal , zout=65.0, eup=  171.74
     Process 3 started calculating ia=773
                                            [WORKER  2] ia= 769, thermal , zout=64.9, eup=  202.34
     Process 2 started calculating ia=774
                                            [WORKER  1] ia= 772, thermal , zout=64.9, eup=  172.79
     Process 1 started calculating ia=775
                                            [WORKER  3] ia= 773, thermal , zout=64.9, eup=  170.83
     Process 3 started calculating ia=776
                                            [WORKER  2] ia= 774, thermal , zout=64.9, eup=  172.96
     Process 2 started calculating ia=777
                                            [WORKER  2] ia= 777, thermal , zout=64.7, eup=  170.33
     Process 2 started calculating ia=778
                                            [WORKER  3] ia= 776, thermal , zout=64.8, eup=  173.32
     Process 3 started calculating ia=779
                                            [WORKER  1] ia= 775, thermal , zout=64.8, eup=  175.13
     Process 1 started calculating ia=780
                                            [WORKER  3] ia= 779, thermal , zout=64.7, eup=  186.10
     Process 3 started calculating ia=781
                                            [WORKER  1] ia= 780, thermal , zout=64.6, eup=  180.57
     Process 1 started calculating ia=782
                                            [WORKER  2] ia= 778, thermal , zout=64.8, eup=  173.46
     Process 2 started calculating ia=783
                                            [WORKER  1] ia= 782, thermal , zout=64.5, eup=  183.64
     Process 1 started calculating ia=784
                                            [WORKER  3] ia= 781, thermal , zout=64.6, eup=  177.09
     Process 3 started calculating ia=785
                                            [WORKER  2] ia= 783, thermal , zout=64.4, eup=  181.07
     Process 2 started calculating ia=786
                                            [WORKER  2] ia= 786, thermal , zout=64.5, eup=  178.85
     Process 2 started calculating ia=787
                                            [WORKER  1] ia= 784, thermal , zout=64.4, eup=  189.42
     Process 1 started calculating ia=788
                                            [WORKER  3] ia= 785, thermal , zout=64.3, eup=  187.02
     Process 3 started calculating ia=789
                                            [WORKER  2] ia= 787, thermal , zout=64.7, eup=  167.40
     Process 2 started calculating ia=790
                                            [WORKER  1] ia= 788, thermal , zout=64.6, eup=  172.96
     Process 1 started calculating ia=791
                                            [WORKER  3] ia= 789, thermal , zout=64.6, eup=  188.16
     Process 3 started calculating ia=792
                                            [WORKER  2] ia= 790, thermal , zout=64.6, eup=  196.89
     Process 2 started calculating ia=793
                                            [WORKER  3] ia= 792, thermal , zout=64.5, eup=  210.54
     Process 3 started calculating ia=794
                                            [WORKER  1] ia= 791, thermal , zout=64.6, eup=  207.56
     Process 1 started calculating ia=795
                                            [WORKER  2] ia= 793, thermal , zout=64.5, eup=  209.84
     Process 2 started calculating ia=796
                                            [WORKER  1] ia= 795, thermal , zout=64.3, eup=  204.74
     Process 1 started calculating ia=797
                                            [WORKER  3] ia= 794, thermal , zout=64.4, eup=  206.82
     Process 3 started calculating ia=798
                                            [WORKER  1] ia= 797, thermal , zout=64.2, eup=  204.59
     Process 1 started calculating ia=799
                                            [WORKER  3] ia= 798, thermal , zout=64.1, eup=  201.31
     Process 3 started calculating ia=800
                                            [WORKER  2] ia= 796, thermal , zout=64.3, eup=  199.06
     Process 2 started calculating ia=801
                                            [WORKER  1] ia= 799, thermal , zout=64.1, eup=  200.09
     Process 1 started calculating ia=802
                                            [WORKER  3] ia= 800, thermal , zout=63.9, eup=  195.28
     Process 3 started calculating ia=803
                                            [WORKER  2] ia= 801, thermal , zout=64.3, eup=  192.39
     Process 2 started calculating ia=804
                                            [WORKER  3] ia= 803, thermal , zout=64.3, eup=  213.42
     Process 3 started calculating ia=805
                                            [WORKER  1] ia= 802, thermal , zout=64.4, eup=  201.95
     Process 1 started calculating ia=806
                                            [WORKER  2] ia= 804, thermal , zout=64.3, eup=  197.09
     Process 2 started calculating ia=807
                                            [WORKER  3] ia= 805, thermal , zout=64.3, eup=  214.55
     Process 3 started calculating ia=808
                                            [WORKER  1] ia= 806, thermal , zout=64.2, eup=  208.04
     Process 1 started calculating ia=809
                                            [WORKER  2] ia= 807, thermal , zout=64.1, eup=  209.60
     Process 2 started calculating ia=810
                                            [WORKER  3] ia= 808, thermal , zout=64.3, eup=  234.19
     Process 3 started calculating ia=811
                                            [WORKER  1] ia= 809, thermal , zout=64.2, eup=  239.18
     Process 1 started calculating ia=812
                                            [WORKER  2] ia= 810, thermal , zout=64.2, eup=  237.11
     Process 2 started calculating ia=813
                                            [WORKER  1] ia= 812, thermal , zout=64.3, eup=  212.59
     Process 1 started calculating ia=814
                                            [WORKER  3] ia= 811, thermal , zout=64.3, eup=  220.91
     Process 3 started calculating ia=815
                                            [WORKER  2] ia= 813, thermal , zout=64.8, eup=  213.41
     Process 2 started calculating ia=816
                                            [WORKER  1] ia= 814, thermal , zout=65.2, eup=  221.25
     Process 1 started calculating ia=817
                                            [WORKER  3] ia= 815, thermal , zout=65.2, eup=  227.30
     Process 3 started calculating ia=818
                                            [WORKER  2] ia= 816, thermal , zout=65.0, eup=  221.99
     Process 2 started calculating ia=819
                                            [WORKER  2] ia= 819, thermal , zout=65.2, eup=  231.00
     Process 2 started calculating ia=820
                                            [WORKER  3] ia= 818, thermal , zout=65.2, eup=  227.04
     Process 3 started calculating ia=821
                                            [WORKER  1] ia= 817, thermal , zout=65.2, eup=  224.04
     Process 1 started calculating ia=822
                                            [WORKER  1] ia= 822, thermal , zout=65.2, eup=  237.02
     Process 1 started calculating ia=823
                                            [WORKER  3] ia= 821, thermal , zout=65.2, eup=  236.62
     Process 3 started calculating ia=824
                                            [WORKER  2] ia= 820, thermal , zout=65.2, eup=  231.18
     Process 2 started calculating ia=825
                                            [WORKER  1] ia= 823, thermal , zout=65.2, eup=  249.71
     Process 1 started calculating ia=826
                                            [WORKER  3] ia= 824, thermal , zout=65.2, eup=  250.91
     Process 3 started calculating ia=827
                                            [WORKER  2] ia= 825, thermal , zout=64.9, eup=  234.98
     Process 2 started calculating ia=828
                                            [WORKER  3] ia= 827, thermal , zout=64.8, eup=  229.75
     Process 3 started calculating ia=829
                                            [WORKER  1] ia= 826, thermal , zout=64.7, eup=  238.05
     Process 1 started calculating ia=830
                                            [WORKER  2] ia= 828, thermal , zout=64.9, eup=  232.15
     Process 2 started calculating ia=831
                                            [WORKER  1] ia= 830, thermal , zout=65.1, eup=  241.29
     Process 1 started calculating ia=832
                                            [WORKER  3] ia= 829, thermal , zout=65.0, eup=  249.63
     Process 3 started calculating ia=833
                                            [WORKER  2] ia= 831, thermal , zout=65.1, eup=  247.87
     Process 2 started calculating ia=834
                                            [WORKER  2] ia= 834, thermal , zout=65.1, eup=  258.09
     Process 2 started calculating ia=835
                                            [WORKER  3] ia= 833, thermal , zout=65.1, eup=  259.94
     Process 3 started calculating ia=836
                                            [WORKER  1] ia= 832, thermal , zout=64.9, eup=  244.10
     Process 1 started calculating ia=837
                                            [WORKER  3] ia= 836, thermal , zout=64.9, eup=  253.29
     Process 3 started calculating ia=838
                                            [WORKER  1] ia= 837, thermal , zout=64.5, eup=  249.39
     Process 1 started calculating ia=839
                                            [WORKER  2] ia= 835, thermal , zout=65.0, eup=  258.09
     Process 2 started calculating ia=840
                                            [WORKER  1] ia= 839, thermal , zout=64.8, eup=  227.67
     Process 1 started calculating ia=841
                                            [WORKER  2] ia= 840, thermal , zout=64.8, eup=  222.20
     Process 2 started calculating ia=842
                                            [WORKER  3] ia= 838, thermal , zout=64.6, eup=  246.12
     Process 3 started calculating ia=843
                                            [WORKER  2] ia= 842, thermal , zout=65.0, eup=  225.38
     Process 2 started calculating ia=844
                                            [WORKER  1] ia= 841, thermal , zout=64.9, eup=  223.97
     Process 1 started calculating ia=845
                                            [WORKER  3] ia= 843, thermal , zout=65.0, eup=  231.99
     Process 3 started calculating ia=846
                                            [WORKER  1] ia= 845, thermal , zout=64.7, eup=  248.73
     Process 1 started calculating ia=847
                                            [WORKER  2] ia= 844, thermal , zout=64.7, eup=  233.55
     Process 2 started calculating ia=848
                                            [WORKER  3] ia= 846, thermal , zout=65.0, eup=  250.71
     Process 3 started calculating ia=849
                                            [WORKER  2] ia= 848, thermal , zout=65.2, eup=  255.58
     Process 2 started calculating ia=850
                                            [WORKER  1] ia= 847, thermal , zout=65.2, eup=  252.00
     Process 1 started calculating ia=851
                                            [WORKER  3] ia= 849, thermal , zout=65.2, eup=  255.84
     Process 3 started calculating ia=852
                                            [WORKER  2] ia= 850, thermal , zout=65.2, eup=  255.83
     Process 2 started calculating ia=853
                                            [WORKER  1] ia= 851, thermal , zout=65.2, eup=  256.69
     Process 1 started calculating ia=854
                                            [WORKER  3] ia= 852, thermal , zout=65.2, eup=  255.92
     Process 3 started calculating ia=855
                                            [WORKER  3] ia= 855, thermal , zout=65.2, eup=  253.27
     Process 3 started calculating ia=856
                                            [WORKER  2] ia= 853, thermal , zout=65.2, eup=  251.47
     Process 2 started calculating ia=857
                                            [WORKER  1] ia= 854, thermal , zout=65.2, eup=  251.47
     Process 1 started calculating ia=858
                                            [WORKER  3] ia= 856, thermal , zout=65.2, eup=  258.77
     Process 3 started calculating ia=859
                                            [WORKER  2] ia= 857, thermal , zout=65.2, eup=  259.81
     Process 2 started calculating ia=860
                                            [WORKER  1] ia= 858, thermal , zout=65.0, eup=  257.26
     Process 1 started calculating ia=861
                                            [WORKER  3] ia= 859, thermal , zout=64.8, eup=  252.67
     Process 3 started calculating ia=862
                                            [WORKER  2] ia= 860, thermal , zout=64.7, eup=  252.64
     Process 2 started calculating ia=863
                                            [WORKER  1] ia= 861, thermal , zout=64.7, eup=  251.76
     Process 1 started calculating ia=864
                                            [WORKER  3] ia= 862, thermal , zout=64.8, eup=  251.85
     Process 3 started calculating ia=865
                                            [WORKER  2] ia= 863, thermal , zout=64.6, eup=  245.70
     Process 2 started calculating ia=866
                                            [WORKER  1] ia= 864, thermal , zout=64.7, eup=  238.30
     Process 1 started calculating ia=867
                                            [WORKER  3] ia= 865, thermal , zout=65.0, eup=  243.50
     Process 3 started calculating ia=868
                                            [WORKER  2] ia= 866, thermal , zout=65.0, eup=  250.63
     Process 2 started calculating ia=869
                                            [WORKER  1] ia= 867, thermal , zout=65.2, eup=  245.11
     Process 1 started calculating ia=870
                                            [WORKER  3] ia= 868, thermal , zout=65.2, eup=  235.73
     Process 3 started calculating ia=871
                                            [WORKER  2] ia= 869, thermal , zout=65.2, eup=  247.71
     Process 2 started calculating ia=872
                                            [WORKER  1] ia= 870, thermal , zout=65.2, eup=  242.47
     Process 1 started calculating ia=873
                                            [WORKER  3] ia= 871, thermal , zout=65.2, eup=  240.16
     Process 3 started calculating ia=874
                                            [WORKER  2] ia= 872, thermal , zout=65.2, eup=  247.76
     Process 2 started calculating ia=875
                                            [WORKER  1] ia= 873, thermal , zout=65.2, eup=  244.14
     Process 1 started calculating ia=876
                                            [WORKER  3] ia= 874, thermal , zout=65.2, eup=  248.24
     Process 3 started calculating ia=877
                                            [WORKER  1] ia= 876, thermal , zout=65.2, eup=  245.05
     Process 1 started calculating ia=878
                                            [WORKER  2] ia= 875, thermal , zout=65.2, eup=  242.36
     Process 2 started calculating ia=879
                                            [WORKER  3] ia= 877, thermal , zout=65.2, eup=  244.00
     Process 3 started calculating ia=880
                                            [WORKER  1] ia= 878, thermal , zout=65.2, eup=  247.01
     Process 1 started calculating ia=881
                                            [WORKER  2] ia= 879, thermal , zout=65.2, eup=  248.45
     Process 2 started calculating ia=882
                                            [WORKER  3] ia= 880, thermal , zout=65.2, eup=  243.12
     Process 3 started calculating ia=883
                                            [WORKER  1] ia= 881, thermal , zout=65.2, eup=  246.07
     Process 1 started calculating ia=884
                                            [WORKER  2] ia= 882, thermal , zout=65.2, eup=  241.77
     Process 2 started calculating ia=885
                                            [WORKER  3] ia= 883, thermal , zout=65.2, eup=  247.88
     Process 3 started calculating ia=886
                                            [WORKER  1] ia= 884, thermal , zout=65.2, eup=  242.56
     Process 1 started calculating ia=887
                                            [WORKER  2] ia= 885, thermal , zout=65.2, eup=  247.88
     Process 2 started calculating ia=888
                                            [WORKER  3] ia= 886, thermal , zout=65.2, eup=  248.64
     Process 3 started calculating ia=889
                                            [WORKER  1] ia= 887, thermal , zout=65.1, eup=  248.65
     Process 1 started calculating ia=890
                                            [WORKER  2] ia= 888, thermal , zout=64.8, eup=  247.04
     Process 2 started calculating ia=891
                                            [WORKER  3] ia= 889, thermal , zout=64.9, eup=  244.29
     Process 3 started calculating ia=892
                                            [WORKER  1] ia= 890, thermal , zout=65.1, eup=  247.05
     Process 1 started calculating ia=893
                                            [WORKER  2] ia= 891, thermal , zout=65.1, eup=  247.99
     Process 2 started calculating ia=894
                                            [WORKER  3] ia= 892, thermal , zout=65.0, eup=  244.42
     Process 3 started calculating ia=895
                                            [WORKER  1] ia= 893, thermal , zout=65.0, eup=  249.44
     Process 1 started calculating ia=896
                                            [WORKER  2] ia= 894, thermal , zout=64.8, eup=  241.36
     Process 2 started calculating ia=897
                                            [WORKER  3] ia= 895, thermal , zout=65.0, eup=  243.16
     Process 3 started calculating ia=898
                                            [WORKER  1] ia= 896, thermal , zout=65.0, eup=  233.57
     Process 1 started calculating ia=899
                                            [WORKER  2] ia= 897, thermal , zout=65.0, eup=  230.72
     Process 2 started calculating ia=900
                                            [WORKER  3] ia= 898, thermal , zout=65.0, eup=  230.17
     Process 3 started calculating ia=901
                                            [WORKER  1] ia= 899, thermal , zout=65.0, eup=  235.45
     Process 1 started calculating ia=902
                                            [WORKER  2] ia= 900, thermal , zout=64.9, eup=  243.47
     Process 2 started calculating ia=903
                                            [WORKER  3] ia= 901, thermal , zout=64.8, eup=  244.50
     Process 3 started calculating ia=904
                                            [WORKER  1] ia= 902, thermal , zout=64.8, eup=  243.39
     Process 1 started calculating ia=905
                                            [WORKER  2] ia= 903, thermal , zout=64.9, eup=  245.69
     Process 2 started calculating ia=906
                                            [WORKER  3] ia= 904, thermal , zout=64.9, eup=  252.80
     Process 3 started calculating ia=907
                                            [WORKER  1] ia= 905, thermal , zout=64.8, eup=  251.97
     Process 1 started calculating ia=908
                                            [WORKER  2] ia= 906, thermal , zout=64.8, eup=  253.72
     Process 2 started calculating ia=909
                                            [WORKER  3] ia= 907, thermal , zout=64.8, eup=  252.05
     Process 3 started calculating ia=910
                                            [WORKER  1] ia= 908, thermal , zout=64.8, eup=  252.89
     Process 1 started calculating ia=911
                                            [WORKER  2] ia= 909, thermal , zout=64.7, eup=  254.97
     Process 2 started calculating ia=912
                                            [WORKER  3] ia= 910, thermal , zout=64.7, eup=  251.49
     Process 3 started calculating ia=913
                                            [WORKER  1] ia= 911, thermal , zout=64.7, eup=  253.16
     Process 1 started calculating ia=914
                                            [WORKER  2] ia= 912, thermal , zout=64.8, eup=  252.85
     Process 2 started calculating ia=915
                                            [WORKER  3] ia= 913, thermal , zout=64.9, eup=  249.40
     Process 3 started calculating ia=916
                                            [WORKER  1] ia= 914, thermal , zout=64.9, eup=  247.88
     Process 1 started calculating ia=917
                                            [WORKER  2] ia= 915, thermal , zout=65.0, eup=  239.21
     Process 2 started calculating ia=918
                                            [WORKER  3] ia= 916, thermal , zout=65.0, eup=  233.76
     Process 3 started calculating ia=919
                                            [WORKER  1] ia= 917, thermal , zout=65.1, eup=  229.40
     Process 1 started calculating ia=920
                                            [WORKER  2] ia= 918, thermal , zout=65.1, eup=  231.42
     Process 2 started calculating ia=921
                                            [WORKER  3] ia= 919, thermal , zout=65.1, eup=  235.15
     Process 3 started calculating ia=922
                                            [WORKER  1] ia= 920, thermal , zout=65.2, eup=  242.49
     Process 1 started calculating ia=923
                                            [WORKER  2] ia= 921, thermal , zout=65.2, eup=  244.90
     Process 2 started calculating ia=924
                                            [WORKER  1] ia= 923, thermal , zout=65.2, eup=  240.45
     Process 1 started calculating ia=925
                                            [WORKER  3] ia= 922, thermal , zout=65.2, eup=  242.73
     Process 3 started calculating ia=926
                                            [WORKER  2] ia= 924, thermal , zout=65.2, eup=  244.24
     Process 2 started calculating ia=927
                                            [WORKER  1] ia= 925, thermal , zout=65.2, eup=  255.64
     Process 1 started calculating ia=928
                                            [WORKER  3] ia= 926, thermal , zout=65.2, eup=  253.65
     Process 3 started calculating ia=929
                                            [WORKER  2] ia= 927, thermal , zout=65.2, eup=  257.32
     Process 2 started calculating ia=930
                                            [WORKER  1] ia= 928, thermal , zout=65.2, eup=  256.52
     Process 1 started calculating ia=931
                                            [WORKER  3] ia= 929, thermal , zout=65.2, eup=  246.65
     Process 3 started calculating ia=932
                                            [WORKER  2] ia= 930, thermal , zout=65.2, eup=  249.17
     Process 2 started calculating ia=933
                                            [WORKER  1] ia= 931, thermal , zout=65.2, eup=  237.66
     Process 1 started calculating ia=934
                                            [WORKER  3] ia= 932, thermal , zout=65.2, eup=  241.39
     Process 3 started calculating ia=935
                                            [WORKER  2] ia= 933, thermal , zout=65.2, eup=  238.34
     Process 2 started calculating ia=936
                                            [WORKER  1] ia= 934, thermal , zout=65.2, eup=  239.89
     Process 1 started calculating ia=937
                                            [WORKER  3] ia= 935, thermal , zout=65.2, eup=  235.76
     Process 3 started calculating ia=938
                                            [WORKER  2] ia= 936, thermal , zout=65.2, eup=  236.31
     Process 2 started calculating ia=939
                                            [WORKER  1] ia= 937, thermal , zout=65.2, eup=  240.89
     Process 1 started calculating ia=940
                                            [WORKER  3] ia= 938, thermal , zout=65.2, eup=  240.60
     Process 3 started calculating ia=941
                                            [WORKER  1] ia= 940, thermal , zout=65.2, eup=  235.09
     Process 1 started calculating ia=942
                                            [WORKER  2] ia= 939, thermal , zout=65.2, eup=  236.19
     Process 2 started calculating ia=943
                                            [WORKER  3] ia= 941, thermal , zout=65.2, eup=  234.51
     Process 3 started calculating ia=944
                                            [WORKER  2] ia= 943, thermal , zout=65.2, eup=  237.19
     Process 2 started calculating ia=945
                                            [WORKER  1] ia= 942, thermal , zout=65.2, eup=  233.22
     Process 1 started calculating ia=946
                                            [WORKER  3] ia= 944, thermal , zout=65.2, eup=  230.27
     Process 3 started calculating ia=947
                                            [WORKER  2] ia= 945, thermal , zout=65.2, eup=  232.54
     Process 2 started calculating ia=948
                                            [WORKER  1] ia= 946, thermal , zout=65.2, eup=  233.16
     Process 1 started calculating ia=949
                                            [WORKER  3] ia= 947, thermal , zout=65.2, eup=  230.55
     Process 3 started calculating ia=950
                                            [WORKER  1] ia= 949, thermal , zout=65.2, eup=  232.87
     Process 1 started calculating ia=951
                                            [WORKER  2] ia= 948, thermal , zout=65.2, eup=  235.57
     Process 2 started calculating ia=952
                                            [WORKER  3] ia= 950, thermal , zout=65.2, eup=  233.70
     Process 3 started calculating ia=953
                                            [WORKER  1] ia= 951, thermal , zout=65.2, eup=  230.72
     Process 1 started calculating ia=954
                                            [WORKER  2] ia= 952, thermal , zout=65.2, eup=  213.39
     Process 2 started calculating ia=955
                                            [WORKER  3] ia= 953, thermal , zout=65.2, eup=  233.61
     Process 3 started calculating ia=956
                                            [WORKER  1] ia= 954, thermal , zout=65.2, eup=  232.60
     Process 1 started calculating ia=957
                                            [WORKER  2] ia= 955, thermal , zout=65.2, eup=  232.61
     Process 2 started calculating ia=958
                                            [WORKER  3] ia= 956, thermal , zout=65.2, eup=  233.18
     Process 3 started calculating ia=959
                                            [WORKER  1] ia= 957, thermal , zout=65.2, eup=  231.96
     Process 1 started calculating ia=960
                                            [WORKER  2] ia= 958, thermal , zout=65.2, eup=  232.83
     Process 2 started calculating ia=961
                                            [WORKER  3] ia= 959, thermal , zout=65.2, eup=  232.69
     Process 3 started calculating ia=962
                                            [WORKER  1] ia= 960, thermal , zout=65.2, eup=  231.16
     Process 1 started calculating ia=963
                                            [WORKER  2] ia= 961, thermal , zout=65.2, eup=  231.63
     Process 2 started calculating ia=964
                                            [WORKER  3] ia= 962, thermal , zout=65.2, eup=  225.93
     Process 3 started calculating ia=965
                                            [WORKER  1] ia= 963, thermal , zout=65.2, eup=  232.29
     Process 1 started calculating ia=966
                                            [WORKER  2] ia= 964, thermal , zout=65.2, eup=  232.69
     Process 2 started calculating ia=967
                                            [WORKER  3] ia= 965, thermal , zout=65.2, eup=  233.75
     Process 3 started calculating ia=968
                                            [WORKER  1] ia= 966, thermal , zout=65.2, eup=  236.24
     Process 1 started calculating ia=969
                                            [WORKER  2] ia= 967, thermal , zout=65.2, eup=  235.26
     Process 2 started calculating ia=970
                                            [WORKER  3] ia= 968, thermal , zout=65.2, eup=  232.02
     Process 3 started calculating ia=971
                                            [WORKER  1] ia= 969, thermal , zout=65.2, eup=  225.31
     Process 1 started calculating ia=972
                                            [WORKER  2] ia= 970, thermal , zout=65.2, eup=  222.54
     Process 2 started calculating ia=973
                                            [WORKER  3] ia= 971, thermal , zout=65.2, eup=  225.35
     Process 3 started calculating ia=974
                                            [WORKER  1] ia= 972, thermal , zout=65.2, eup=  229.14
     Process 1 started calculating ia=975
                                            [WORKER  2] ia= 973, thermal , zout=65.2, eup=  225.44
     Process 2 started calculating ia=976
                                            [WORKER  3] ia= 974, thermal , zout=65.2, eup=  226.09
     Process 3 started calculating ia=977
                                            [WORKER  2] ia= 976, thermal , zout=65.2, eup=  223.00
     Process 2 started calculating ia=978
                                            [WORKER  1] ia= 975, thermal , zout=65.2, eup=  221.81
     Process 1 started calculating ia=979
                                            [WORKER  3] ia= 977, thermal , zout=65.2, eup=  219.44
     Process 3 started calculating ia=980
                                            [WORKER  2] ia= 978, thermal , zout=65.2, eup=  221.62
     Process 2 started calculating ia=981
                                            [WORKER  1] ia= 979, thermal , zout=65.2, eup=  213.06
     Process 1 started calculating ia=982
                                            [WORKER  3] ia= 980, thermal , zout=65.2, eup=  225.35
     Process 3 started calculating ia=983
                                            [WORKER  2] ia= 981, thermal , zout=65.2, eup=  229.21
     Process 2 started calculating ia=984
                                            [WORKER  1] ia= 982, thermal , zout=65.2, eup=  227.53
     Process 1 started calculating ia=985
                                            [WORKER  3] ia= 983, thermal , zout=65.2, eup=  228.80
     Process 3 started calculating ia=986
                                            [WORKER  2] ia= 984, thermal , zout=65.2, eup=  230.73
     Process 2 started calculating ia=987
                                            [WORKER  1] ia= 985, thermal , zout=65.2, eup=  237.00
     Process 1 started calculating ia=988
                                            [WORKER  3] ia= 986, thermal , zout=65.2, eup=  232.72
     Process 3 started calculating ia=989
                                            [WORKER  1] ia= 988, thermal , zout=65.2, eup=  232.49
     Process 1 started calculating ia=990
                                            [WORKER  2] ia= 987, thermal , zout=65.2, eup=  230.41
     Process 2 started calculating ia=991
                                            [WORKER  3] ia= 989, thermal , zout=65.2, eup=  230.68
     Process 3 started calculating ia=992
                                            [WORKER  1] ia= 990, thermal , zout=65.2, eup=  229.77
     Process 1 started calculating ia=993
                                            [WORKER  2] ia= 991, thermal , zout=65.2, eup=  233.61
     Process 2 started calculating ia=994
                                            [WORKER  3] ia= 992, thermal , zout=65.2, eup=  230.99
     Process 3 started calculating ia=995
                                            [WORKER  2] ia= 994, thermal , zout=65.2, eup=  230.53
     Process 2 started calculating ia=996
                                            [WORKER  1] ia= 993, thermal , zout=65.2, eup=  231.54
     Process 1 started calculating ia=997
                                            [WORKER  3] ia= 995, thermal , zout=65.2, eup=  229.28
     Process 3 started calculating ia=998
                                            [WORKER  1] ia= 997, thermal , zout=65.2, eup=  222.52
     Process 1 started calculating ia=999
                                            [WORKER  2] ia= 996, thermal , zout=65.2, eup=  225.84
     Process 2 started calculating ia=1000
                                            [WORKER  3] ia= 998, thermal , zout=65.2, eup=  223.08
     Process 3 started calculating ia=1001
                                            [WORKER  2] ia=1000, thermal , zout=65.2, eup=  222.00
     Process 2 started calculating ia=1002
                                            [WORKER  1] ia= 999, thermal , zout=65.2, eup=  227.26
     Process 1 started calculating ia=1003
                                            [WORKER  3] ia=1001, thermal , zout=65.2, eup=  222.09
     Process 3 started calculating ia=1004
                                            [WORKER  2] ia=1002, thermal , zout=65.2, eup=  225.29
                                            [WORKER  3] ia=1004, thermal , zout=65.2, eup=  225.98
     Process 3 started calculating ia=1006
     Process 2 started calculating ia=1005
                                            [WORKER  1] ia=1003, thermal , zout=65.2, eup=  223.55
     Process 1 started calculating ia=1007
                                            [WORKER  3] ia=1006, thermal , zout=65.2, eup=  234.94
     Process 3 started calculating ia=1008
                                            [WORKER  1] ia=1007, thermal , zout=65.2, eup=  235.44
     Process 1 started calculating ia=1009
                                            [WORKER  2] ia=1005, thermal , zout=65.2, eup=  232.60
     Process 2 started calculating ia=1010
                                            [WORKER  3] ia=1008, thermal , zout=65.2, eup=  235.10
     Process 3 started calculating ia=1011
                                            [WORKER  1] ia=1009, thermal , zout=65.2, eup=  229.95
     Process 1 started calculating ia=1012
                                            [WORKER  2] ia=1010, thermal , zout=65.2, eup=  222.37
     Process 2 started calculating ia=1013
                                            [WORKER  3] ia=1011, thermal , zout=65.2, eup=  212.03
     Process 3 started calculating ia=1014
                                            [WORKER  1] ia=1012, thermal , zout=65.2, eup=  196.76
     Process 1 started calculating ia=1015
                                            [WORKER  2] ia=1013, thermal , zout=65.2, eup=  191.26
     Process 2 started calculating ia=1016
                                            [WORKER  3] ia=1014, thermal , zout=65.2, eup=  177.66
     Process 3 started calculating ia=1017
                                            [WORKER  1] ia=1015, thermal , zout=65.2, eup=  190.49
     Process 1 started calculating ia=1018
                                            [WORKER  2] ia=1016, thermal , zout=65.2, eup=  191.82
     Process 2 started calculating ia=1019
                                            [WORKER  3] ia=1017, thermal , zout=65.2, eup=  209.02
     Process 3 started calculating ia=1020
                                            [WORKER  1] ia=1018, thermal , zout=65.2, eup=  202.73
     Process 1 started calculating ia=1021
                                            [WORKER  2] ia=1019, thermal , zout=65.2, eup=  204.46
     Process 2 started calculating ia=1022
                                            [WORKER  3] ia=1020, thermal , zout=65.2, eup=  197.60
     Process 3 started calculating ia=1023
                                            [WORKER  1] ia=1021, thermal , zout=65.2, eup=  191.48
     Process 1 started calculating ia=1024
                                            [WORKER  2] ia=1022, thermal , zout=65.2, eup=  193.34
     Process 2 started calculating ia=1025
                                            [WORKER  3] ia=1023, thermal , zout=65.2, eup=  188.93
     Process 3 started calculating ia=1026
                                            [WORKER  1] ia=1024, thermal , zout=65.2, eup=  187.59
     Process 1 started calculating ia=1027
                                            [WORKER  2] ia=1025, thermal , zout=65.2, eup=  186.54
     Process 2 started calculating ia=1028
                                            [WORKER  3] ia=1026, thermal , zout=65.2, eup=  187.61
     Process 3 started calculating ia=1029
                                            [WORKER  2] ia=1028, thermal , zout=65.2, eup=  186.79
     Process 2 started calculating ia=1030
                                            [WORKER  1] ia=1027, thermal , zout=65.2, eup=  184.11
     Process 1 started calculating ia=1031
                                            [WORKER  3] ia=1029, thermal , zout=65.2, eup=  184.71
     Process 3 started calculating ia=1032
                                            [WORKER  1] ia=1031, thermal , zout=65.2, eup=  182.71
     Process 1 started calculating ia=1033
                                            [WORKER  2] ia=1030, thermal , zout=65.2, eup=  183.49
     Process 2 started calculating ia=1034
                                            [WORKER  3] ia=1032, thermal , zout=65.2, eup=  183.42
     Process 3 started calculating ia=1035
                                            [WORKER  1] ia=1033, thermal , zout=65.2, eup=  183.74
     Process 1 started calculating ia=1036
                                            [WORKER  2] ia=1034, thermal , zout=65.2, eup=  184.12
     Process 2 started calculating ia=1037
                                            [WORKER  1] ia=1036, thermal , zout=65.2, eup=  188.38
     Process 1 started calculating ia=1038
                                            [WORKER  3] ia=1035, thermal , zout=65.2, eup=  207.70
     Process 3 started calculating ia=1039
                                            [WORKER  2] ia=1037, thermal , zout=65.2, eup=  188.64
     Process 2 started calculating ia=1040
                                            [WORKER  2] ia=1040, thermal , zout=65.2, eup=  183.75
     Process 2 started calculating ia=1041
                                            [WORKER  1] ia=1038, thermal , zout=65.2, eup=  184.82
     Process 1 started calculating ia=1042
                                            [WORKER  3] ia=1039, thermal , zout=65.2, eup=  183.43
     Process 3 started calculating ia=1043
                                            [WORKER  2] ia=1041, thermal , zout=65.2, eup=  181.26
                                            [WORKER  1] ia=1042, thermal , zout=65.2, eup=  187.68
     Process 1 started calculating ia=1044
     Process 2 started calculating ia=1045
                                            [WORKER  3] ia=1043, thermal , zout=65.2, eup=  188.16
     Process 3 started calculating ia=1046
                                            [WORKER  3] ia=1046, thermal , zout=65.2, eup=  186.99
     Process 3 started calculating ia=1047
                                            [WORKER  1] ia=1044, thermal , zout=65.2, eup=  183.28
     Process 1 started calculating ia=1048
                                            [WORKER  2] ia=1045, thermal , zout=65.2, eup=  187.97
     Process 2 started calculating ia=1049
                                            [WORKER  2] ia=1049, thermal , zout=65.2, eup=  182.48
     Process 2 started calculating ia=1050
                                            [WORKER  3] ia=1047, thermal , zout=65.2, eup=  184.21
     Process 3 started calculating ia=1051
                                            [WORKER  1] ia=1048, thermal , zout=65.2, eup=  182.71
     Process 1 started calculating ia=1052
                                            [WORKER  2] ia=1050, thermal , zout=65.2, eup=  181.98
     Process 2 started calculating ia=1053
                                            [WORKER  1] ia=1052, thermal , zout=65.2, eup=  208.05
     Process 1 started calculating ia=1054
                                            [WORKER  3] ia=1051, thermal , zout=65.2, eup=  208.07
     Process 3 started calculating ia=1055
                                            [WORKER  2] ia=1053, thermal , zout=65.2, eup=  208.03
     Process 2 started calculating ia=1056
                                            [WORKER  3] ia=1055, thermal , zout=65.2, eup=  213.09
     Process 3 started calculating ia=1057
                                            [WORKER  1] ia=1054, thermal , zout=65.2, eup=  214.60
     Process 1 started calculating ia=1058
                                            [WORKER  3] ia=1057, thermal , zout=65.2, eup=  207.83
     Process 3 started calculating ia=1059
                                            [WORKER  1] ia=1058, thermal , zout=65.2, eup=  212.33
     Process 1 started calculating ia=1060
                                            [WORKER  2] ia=1056, thermal , zout=65.2, eup=  213.15
     Process 2 started calculating ia=1061
                                            [WORKER  2] ia=1061, thermal , zout=65.2, eup=  219.66
     Process 2 started calculating ia=1062
                                            [WORKER  3] ia=1059, thermal , zout=65.2, eup=  204.75
     Process 3 started calculating ia=1063
                                            [WORKER  1] ia=1060, thermal , zout=65.2, eup=  215.89
     Process 1 started calculating ia=1064
                                            [WORKER  2] ia=1062, thermal , zout=65.2, eup=  210.15
     Process 2 started calculating ia=1065
                                            [WORKER  1] ia=1064, thermal , zout=65.2, eup=  195.62
     Process 1 started calculating ia=1066
                                            [WORKER  3] ia=1063, thermal , zout=65.2, eup=  196.74
     Process 3 started calculating ia=1067
                                            [WORKER  2] ia=1065, thermal , zout=65.2, eup=  202.99
     Process 2 started calculating ia=1068
                                            [WORKER  1] ia=1066, thermal , zout=65.2, eup=  203.93
     Process 1 started calculating ia=1069
                                            [WORKER  3] ia=1067, thermal , zout=65.2, eup=  198.68
     Process 3 started calculating ia=1070
                                            [WORKER  3] ia=1070, thermal , zout=65.2, eup=  190.53
     Process 3 started calculating ia=1071
                                            [WORKER  1] ia=1069, thermal , zout=65.2, eup=  189.38
     Process 1 started calculating ia=1072
                                            [WORKER  2] ia=1068, thermal , zout=65.2, eup=  191.63
     Process 2 started calculating ia=1073
                                            [WORKER  3] ia=1071, thermal , zout=65.2, eup=  192.97
     Process 3 started calculating ia=1074
                                            [WORKER  2] ia=1073, thermal , zout=65.2, eup=  211.89
     Process 2 started calculating ia=1075
                                            [WORKER  1] ia=1072, thermal , zout=65.2, eup=  207.30
     Process 1 started calculating ia=1076
                                            [WORKER  3] ia=1074, thermal , zout=65.2, eup=  201.99
     Process 3 started calculating ia=1077
                                            [WORKER  2] ia=1075, thermal , zout=65.2, eup=  206.37
     Process 2 started calculating ia=1078
                                            [WORKER  1] ia=1076, thermal , zout=65.2, eup=  220.22
     Process 1 started calculating ia=1079
                                            [WORKER  2] ia=1078, thermal , zout=65.2, eup=  235.92
     Process 2 started calculating ia=1080
                                            [WORKER  3] ia=1077, thermal , zout=65.2, eup=  229.22
     Process 3 started calculating ia=1081
                                            [WORKER  1] ia=1079, thermal , zout=65.2, eup=  229.45
     Process 1 started calculating ia=1082
                                            [WORKER  2] ia=1080, thermal , zout=65.2, eup=  231.41
     Process 2 started calculating ia=1083
                                            [WORKER  3] ia=1081, thermal , zout=65.2, eup=  225.43
     Process 3 started calculating ia=1084
                                            [WORKER  1] ia=1082, thermal , zout=65.2, eup=  203.57
     Process 1 started calculating ia=1085
                                            [WORKER  3] ia=1084, thermal , zout=65.2, eup=  233.03
     Process 3 started calculating ia=1086
                                            [WORKER  2] ia=1083, thermal , zout=65.2, eup=  228.69
     Process 2 started calculating ia=1087
                                            [WORKER  1] ia=1085, thermal , zout=65.2, eup=  217.96
     Process 1 started calculating ia=1088
                                            [WORKER  3] ia=1086, thermal , zout=65.2, eup=  220.63
     Process 3 started calculating ia=1089
                                            [WORKER  2] ia=1087, thermal , zout=65.2, eup=  217.06
     Process 2 started calculating ia=1090
                                            [WORKER  1] ia=1088, thermal , zout=65.2, eup=  211.92
     Process 1 started calculating ia=1091
                                            [WORKER  1] ia=1091, thermal , zout=65.2, eup=  222.67
     Process 1 started calculating ia=1092
                                            [WORKER  3] ia=1089, thermal , zout=65.2, eup=  218.43
     Process 3 started calculating ia=1093
                                            [WORKER  2] ia=1090, thermal , zout=65.2, eup=  230.74
     Process 2 started calculating ia=1094
                                            [WORKER  1] ia=1092, thermal , zout=65.2, eup=  203.27
     Process 1 started calculating ia=1095
                                            [WORKER  3] ia=1093, thermal , zout=65.2, eup=  197.29
     Process 3 started calculating ia=1096
                                            [WORKER  2] ia=1094, thermal , zout=65.2, eup=  196.35
     Process 2 started calculating ia=1097
                                            [WORKER  1] ia=1095, thermal , zout=65.2, eup=  197.78
     Process 1 started calculating ia=1098
                                            [WORKER  3] ia=1096, thermal , zout=65.2, eup=  203.11
     Process 3 started calculating ia=1099
                                            [WORKER  2] ia=1097, thermal , zout=65.2, eup=  201.09
     Process 2 started calculating ia=1100
                                            [WORKER  3] ia=1099, thermal , zout=65.2, eup=  191.80
     Process 3 started calculating ia=1101
                                            [WORKER  1] ia=1098, thermal , zout=65.2, eup=  195.53
     Process 1 started calculating ia=1102
                                            [WORKER  2] ia=1100, thermal , zout=65.2, eup=  190.63
     Process 2 started calculating ia=1103
                                            [WORKER  1] ia=1102, thermal , zout=65.2, eup=  196.25
     Process 1 started calculating ia=1104
                                            [WORKER  3] ia=1101, thermal , zout=65.2, eup=  191.58
     Process 3 started calculating ia=1105
                                            [WORKER  2] ia=1103, thermal , zout=65.2, eup=  195.67
     Process 2 started calculating ia=1106
                                            [WORKER  2] ia=1106, thermal , zout=65.2, eup=  216.08
     Process 2 started calculating ia=1107
                                            [WORKER  3] ia=1105, thermal , zout=65.2, eup=  209.69
     Process 3 started calculating ia=1108
                                            [WORKER  1] ia=1104, thermal , zout=65.2, eup=  198.96
     Process 1 started calculating ia=1109
                                            [WORKER  3] ia=1108, thermal , zout=65.2, eup=  218.78
     Process 3 started calculating ia=1110
                                            [WORKER  2] ia=1107, thermal , zout=65.2, eup=  219.01
     Process 2 started calculating ia=1111
                                            [WORKER  1] ia=1109, thermal , zout=65.2, eup=  217.42
     Process 1 started calculating ia=1112
                                            [WORKER  3] ia=1110, thermal , zout=65.2, eup=  218.89
     Process 3 started calculating ia=1113
                                            [WORKER  1] ia=1112, thermal , zout=65.2, eup=  216.65
     Process 1 started calculating ia=1114
                                            [WORKER  2] ia=1111, thermal , zout=65.2, eup=  221.94
     Process 2 started calculating ia=1115
                                            [WORKER  3] ia=1113, thermal , zout=65.2, eup=  204.95
     Process 3 started calculating ia=1116
                                            [WORKER  1] ia=1114, thermal , zout=65.2, eup=  210.62
     Process 1 started calculating ia=1117
                                            [WORKER  2] ia=1115, thermal , zout=65.2, eup=  205.80
     Process 2 started calculating ia=1118
                                            [WORKER  1] ia=1117, thermal , zout=65.2, eup=  205.74
     Process 1 started calculating ia=1119
                                            [WORKER  3] ia=1116, thermal , zout=65.2, eup=  200.07
     Process 3 started calculating ia=1120
                                            [WORKER  2] ia=1118, thermal , zout=65.2, eup=  214.99
     Process 2 started calculating ia=1121
                                            [WORKER  1] ia=1119, thermal , zout=65.2, eup=  224.39
     Process 1 started calculating ia=1122
                                            [WORKER  2] ia=1121, thermal , zout=65.2, eup=  208.74
     Process 2 started calculating ia=1123
                                            [WORKER  3] ia=1120, thermal , zout=65.2, eup=  214.96
     Process 3 started calculating ia=1124
                                            [WORKER  1] ia=1122, thermal , zout=65.2, eup=  219.81
     Process 1 started calculating ia=1125
                                            [WORKER  3] ia=1124, thermal , zout=65.2, eup=  220.98
     Process 3 started calculating ia=1126
                                            [WORKER  2] ia=1123, thermal , zout=65.2, eup=  225.38
     Process 2 started calculating ia=1127
                                            [WORKER  1] ia=1125, thermal , zout=65.2, eup=  225.71
     Process 1 started calculating ia=1128
                                            [WORKER  3] ia=1126, thermal , zout=65.2, eup=  226.50
     Process 3 started calculating ia=1129
                                            [WORKER  2] ia=1127, thermal , zout=65.2, eup=  223.57
     Process 2 started calculating ia=1130
                                            [WORKER  1] ia=1128, thermal , zout=65.2, eup=  211.32
     Process 1 started calculating ia=1131
                                            [WORKER  3] ia=1129, thermal , zout=65.2, eup=  210.71
     Process 3 started calculating ia=1132
                                            [WORKER  2] ia=1130, thermal , zout=65.2, eup=  206.59
     Process 2 started calculating ia=1133
                                            [WORKER  3] ia=1132, thermal , zout=65.2, eup=  204.06
     Process 3 started calculating ia=1134
                                            [WORKER  1] ia=1131, thermal , zout=65.2, eup=  206.71
     Process 1 started calculating ia=1135
                                            [WORKER  2] ia=1133, thermal , zout=65.2, eup=  204.60
     Process 2 started calculating ia=1136
                                            [WORKER  3] ia=1134, thermal , zout=65.2, eup=  199.29
     Process 3 started calculating ia=1137
                                            [WORKER  1] ia=1135, thermal , zout=65.2, eup=  210.82
     Process 1 started calculating ia=1138
                                            [WORKER  2] ia=1136, thermal , zout=65.2, eup=  213.78
     Process 2 started calculating ia=1139
                                            [WORKER  3] ia=1137, thermal , zout=65.2, eup=  209.24
     Process 3 started calculating ia=1140
                                            [WORKER  1] ia=1138, thermal , zout=65.2, eup=  203.80
     Process 1 started calculating ia=1141
                                            [WORKER  2] ia=1139, thermal , zout=65.2, eup=  205.52
     Process 2 started calculating ia=1142
                                            [WORKER  3] ia=1140, thermal , zout=65.2, eup=  208.66
     Process 3 started calculating ia=1143
                                            [WORKER  1] ia=1141, thermal , zout=65.2, eup=  210.30
     Process 1 started calculating ia=1144
                                            [WORKER  2] ia=1142, thermal , zout=65.2, eup=  212.62
     Process 2 started calculating ia=1145
                                            [WORKER  3] ia=1143, thermal , zout=65.2, eup=  207.26
     Process 3 started calculating ia=1146
                                            [WORKER  2] ia=1145, thermal , zout=65.2, eup=  205.20
     Process 2 started calculating ia=1147
                                            [WORKER  1] ia=1144, thermal , zout=65.2, eup=  206.52
     Process 1 started calculating ia=1148
                                            [WORKER  3] ia=1146, thermal , zout=65.2, eup=  197.28
     Process 3 started calculating ia=1149
                                            [WORKER  2] ia=1147, thermal , zout=65.2, eup=  178.71
     Process 2 started calculating ia=1150
                                            [WORKER  1] ia=1148, thermal , zout=65.2, eup=  178.01
     Process 1 started calculating ia=1151
                                            [WORKER  3] ia=1149, thermal , zout=65.2, eup=  178.42
     Process 3 started calculating ia=1152
                                            [WORKER  2] ia=1150, thermal , zout=65.2, eup=  176.14
     Process 2 started calculating ia=1153
                                            [WORKER  1] ia=1151, thermal , zout=65.2, eup=  174.90
     Process 1 started calculating ia=1154
                                            [WORKER  3] ia=1152, thermal , zout=65.2, eup=  180.82
     Process 3 started calculating ia=1155
                                            [WORKER  2] ia=1153, thermal , zout=65.2, eup=  188.66
     Process 2 started calculating ia=1156
                                            [WORKER  1] ia=1154, thermal , zout=65.2, eup=  186.32
     Process 1 started calculating ia=1157
                                            [WORKER  3] ia=1155, thermal , zout=65.2, eup=  190.11
     Process 3 started calculating ia=1158
                                            [WORKER  2] ia=1156, thermal , zout=65.2, eup=  197.77
     Process 2 started calculating ia=1159
                                            [WORKER  1] ia=1157, thermal , zout=65.2, eup=  204.99
     Process 1 started calculating ia=1160
                                            [WORKER  3] ia=1158, thermal , zout=65.2, eup=  193.54
     Process 3 started calculating ia=1161
                                            [WORKER  2] ia=1159, thermal , zout=65.2, eup=  190.24
     Process 2 started calculating ia=1162
                                            [WORKER  1] ia=1160, thermal , zout=65.2, eup=  181.79
     Process 1 started calculating ia=1163
                                            [WORKER  3] ia=1161, thermal , zout=65.2, eup=  179.56
     Process 3 started calculating ia=1164
                                            [WORKER  2] ia=1162, thermal , zout=65.2, eup=  182.66
     Process 2 started calculating ia=1165
                                            [WORKER  1] ia=1163, thermal , zout=65.2, eup=  183.75
     Process 1 started calculating ia=1166
                                            [WORKER  3] ia=1164, thermal , zout=65.2, eup=  189.03
     Process 3 started calculating ia=1167
                                            [WORKER  2] ia=1165, thermal , zout=65.2, eup=  191.92
     Process 2 started calculating ia=1168
                                            [WORKER  1] ia=1166, thermal , zout=65.2, eup=  189.33
     Process 1 started calculating ia=1169
                                            [WORKER  3] ia=1167, thermal , zout=65.2, eup=  189.35
     Process 3 started calculating ia=1170
                                            [WORKER  2] ia=1168, thermal , zout=65.2, eup=  185.12
     Process 2 started calculating ia=1171
                                            [WORKER  1] ia=1169, thermal , zout=65.2, eup=  180.56
     Process 1 started calculating ia=1172
                                            [WORKER  3] ia=1170, thermal , zout=65.2, eup=  182.04
     Process 3 started calculating ia=1173
                                            [WORKER  2] ia=1171, thermal , zout=65.2, eup=  177.82
     Process 2 started calculating ia=1174
                                            [WORKER  1] ia=1172, thermal , zout=65.2, eup=  179.67
     Process 1 started calculating ia=1175
                                            [WORKER  3] ia=1173, thermal , zout=65.2, eup=  184.50
     Process 3 started calculating ia=1176
                                            [WORKER  2] ia=1174, thermal , zout=65.2, eup=  184.43
     Process 2 started calculating ia=1177
                                            [WORKER  1] ia=1175, thermal , zout=65.2, eup=  185.60
     Process 1 started calculating ia=1178
                                            [WORKER  3] ia=1176, thermal , zout=65.2, eup=  181.99
     Process 3 started calculating ia=1179
                                            [WORKER  2] ia=1177, thermal , zout=65.2, eup=  181.94
     Process 2 started calculating ia=1180
                                            [WORKER  1] ia=1178, thermal , zout=65.2, eup=  179.35
     Process 1 started calculating ia=1181
                                            [WORKER  3] ia=1179, thermal , zout=65.2, eup=  178.04
     Process 3 started calculating ia=1182
                                            [WORKER  2] ia=1180, thermal , zout=65.2, eup=  174.20
     Process 2 started calculating ia=1183
                                            [WORKER  1] ia=1181, thermal , zout=65.2, eup=  172.67
     Process 1 started calculating ia=1184
                                            [WORKER  3] ia=1182, thermal , zout=65.2, eup=  176.46
     Process 3 started calculating ia=1185
                                            [WORKER  2] ia=1183, thermal , zout=65.2, eup=  187.06
     Process 2 started calculating ia=1186
                                            [WORKER  1] ia=1184, thermal , zout=65.2, eup=  184.21
     Process 1 started calculating ia=1187
                                            [WORKER  3] ia=1185, thermal , zout=65.2, eup=  180.39
     Process 3 started calculating ia=1188
                                            [WORKER  2] ia=1186, thermal , zout=65.2, eup=  177.75
     Process 2 started calculating ia=1189
                                            [WORKER  1] ia=1187, thermal , zout=65.2, eup=  177.42
     Process 1 started calculating ia=1190
                                            [WORKER  3] ia=1188, thermal , zout=65.2, eup=  180.83
     Process 3 started calculating ia=1191
                                            [WORKER  2] ia=1189, thermal , zout=65.2, eup=  183.22
     Process 2 started calculating ia=1192
                                            [WORKER  1] ia=1190, thermal , zout=65.2, eup=  179.26
     Process 1 started calculating ia=1193
                                            [WORKER  3] ia=1191, thermal , zout=65.2, eup=  178.34
     Process 3 started calculating ia=1194
                                            [WORKER  2] ia=1192, thermal , zout=65.2, eup=  181.75
     Process 2 started calculating ia=1195
                                            [WORKER  1] ia=1193, thermal , zout=65.2, eup=  180.37
     Process 1 started calculating ia=1196
                                            [WORKER  3] ia=1194, thermal , zout=65.2, eup=  183.50
     Process 3 started calculating ia=1197
                                            [WORKER  2] ia=1195, thermal , zout=65.2, eup=  187.35
     Process 2 started calculating ia=1198
                                            [WORKER  1] ia=1196, thermal , zout=65.2, eup=  184.74
     Process 1 started calculating ia=1199
                                            [WORKER  3] ia=1197, thermal , zout=65.2, eup=  186.88
     Process 3 started calculating ia=1200
                                            [WORKER  1] ia=1199, thermal , zout=65.2, eup=  179.65
     Process 1 started calculating ia=1201
                                            [WORKER  2] ia=1198, thermal , zout=65.2, eup=  180.46
     Process 2 started calculating ia=1202
                                            [WORKER  3] ia=1200, thermal , zout=65.2, eup=  178.22
     Process 3 started calculating ia=1203
                                            [WORKER  1] ia=1201, thermal , zout=65.2, eup=  174.33
     Process 1 started calculating ia=1204
                                            [WORKER  2] ia=1202, thermal , zout=65.2, eup=  171.94
     Process 2 started calculating ia=1205
                                            [WORKER  3] ia=1203, thermal , zout=65.2, eup=  172.47
     Process 3 started calculating ia=1206
                                            [WORKER  1] ia=1204, thermal , zout=65.2, eup=  172.28
     Process 1 started calculating ia=1207
                                            [WORKER  2] ia=1205, thermal , zout=65.2, eup=  175.00
     Process 2 started calculating ia=1208
                                            [WORKER  2] ia=1208, thermal , zout=65.2, eup=  187.49
     Process 2 started calculating ia=1209
                                            [WORKER  1] ia=1207, thermal , zout=65.2, eup=  184.50
     Process 1 started calculating ia=1210
                                            [WORKER  3] ia=1206, thermal , zout=65.2, eup=  176.74
     Process 3 started calculating ia=1211
                                            [WORKER  2] ia=1209, thermal , zout=65.2, eup=  184.65
     Process 2 started calculating ia=1212
                                            [WORKER  1] ia=1210, thermal , zout=65.2, eup=  182.41
     Process 1 started calculating ia=1213
                                            [WORKER  3] ia=1211, thermal , zout=65.2, eup=  181.25
     Process 3 started calculating ia=1214
                                            [WORKER  3] ia=1214, thermal , zout=65.2, eup=  178.96
                                            [WORKER  2] ia=1212, thermal , zout=65.2, eup=  181.67
     Process 3 started calculating ia=1215
                                            [WORKER  1] ia=1213, thermal , zout=65.2, eup=  178.97
     Process 1 started calculating ia=1216
     Process 2 started calculating ia=1217
                                            [WORKER  1] ia=1216, thermal , zout=65.2, eup=  173.95
     Process 1 started calculating ia=1218
                                            [WORKER  2] ia=1217, thermal , zout=65.2, eup=  173.51
                                            [WORKER  3] ia=1215, thermal , zout=65.2, eup=  177.47
     Process 3 started calculating ia=1219
     Process 2 started calculating ia=1220
                                            [WORKER  1] ia=1218, thermal , zout=65.2, eup=  171.03
     Process 1 started calculating ia=1221
                                            [WORKER  2] ia=1220, thermal , zout=65.2, eup=  173.07
     Process 2 started calculating ia=1222
                                            [WORKER  3] ia=1219, thermal , zout=65.2, eup=  171.06
     Process 3 started calculating ia=1223
                                            [WORKER  1] ia=1221, thermal , zout=65.2, eup=  174.54
     Process 1 started calculating ia=1224
                                            [WORKER  3] ia=1223, thermal , zout=65.2, eup=  181.66
                                            [WORKER  2] ia=1222, thermal , zout=65.2, eup=  177.07
     Process 2 started calculating ia=1225
     Process 3 started calculating ia=1226
                                            [WORKER  2] ia=1225, thermal , zout=65.2, eup=  182.02
     Process 2 started calculating ia=1227
                                            [WORKER  1] ia=1224, thermal , zout=65.2, eup=  183.21
     Process 1 started calculating ia=1228
                                            [WORKER  3] ia=1226, thermal , zout=65.2, eup=  181.33
     Process 3 started calculating ia=1229
                                            [WORKER  1] ia=1228, thermal , zout=65.2, eup=  179.23
     Process 1 started calculating ia=1230
                                            [WORKER  3] ia=1229, thermal , zout=65.2, eup=  179.34
     Process 3 started calculating ia=1231
                                            [WORKER  2] ia=1227, thermal , zout=65.2, eup=  180.58
     Process 2 started calculating ia=1232
                                            [WORKER  3] ia=1231, thermal , zout=65.2, eup=  181.32
     Process 3 started calculating ia=1233
                                            [WORKER  2] ia=1232, thermal , zout=65.2, eup=  181.52
     Process 2 started calculating ia=1234
                                            [WORKER  1] ia=1230, thermal , zout=65.2, eup=  183.87
     Process 1 started calculating ia=1235
                                            [WORKER  3] ia=1233, thermal , zout=65.2, eup=  178.43
     Process 3 started calculating ia=1236
                                            [WORKER  2] ia=1234, thermal , zout=65.2, eup=  177.75
     Process 2 started calculating ia=1237
                                            [WORKER  1] ia=1235, thermal , zout=65.2, eup=  176.47
     Process 1 started calculating ia=1238
                                            [WORKER  3] ia=1236, thermal , zout=65.2, eup=  175.39
     Process 3 started calculating ia=1239
                                            [WORKER  2] ia=1237, thermal , zout=65.2, eup=  177.20
     Process 2 started calculating ia=1240
                                            [WORKER  1] ia=1238, thermal , zout=65.2, eup=  178.11
     Process 1 started calculating ia=1241
                                            [WORKER  3] ia=1239, thermal , zout=65.2, eup=  177.58
     Process 3 started calculating ia=1242
                                            [WORKER  2] ia=1240, thermal , zout=65.2, eup=  177.34
     Process 2 started calculating ia=1243
                                            [WORKER  1] ia=1241, thermal , zout=65.2, eup=  179.21
     Process 1 started calculating ia=1244
                                            [WORKER  3] ia=1242, thermal , zout=65.2, eup=  183.80
     Process 3 started calculating ia=1245
                                            [WORKER  2] ia=1243, thermal , zout=65.2, eup=  181.05
     Process 2 started calculating ia=1246
                                            [WORKER  1] ia=1244, thermal , zout=65.2, eup=  177.14
     Process 1 started calculating ia=1247
                                            [WORKER  2] ia=1246, thermal , zout=65.2, eup=  171.44
     Process 2 started calculating ia=1248
                                            [WORKER  3] ia=1245, thermal , zout=65.2, eup=  174.05
     Process 3 started calculating ia=1249
                                            [WORKER  1] ia=1247, thermal , zout=65.2, eup=  173.66
     Process 1 started calculating ia=1250
                                            [WORKER  3] ia=1249, thermal , zout=65.2, eup=  176.08
     Process 3 started calculating ia=1251
                                            [WORKER  2] ia=1248, thermal , zout=65.2, eup=  176.87
     Process 2 started calculating ia=1252
                                            [WORKER  1] ia=1250, thermal , zout=65.2, eup=  171.01
     Process 1 started calculating ia=1253
                                            [WORKER  3] ia=1251, thermal , zout=65.2, eup=  171.19
     Process 3 started calculating ia=1254
                                            [WORKER  2] ia=1252, thermal , zout=65.2, eup=  172.07
     Process 2 started calculating ia=1255
                                            [WORKER  1] ia=1253, thermal , zout=65.2, eup=  176.31
     Process 1 started calculating ia=1256
                                            [WORKER  3] ia=1254, thermal , zout=65.2, eup=  177.26
     Process 3 started calculating ia=1257
                                            [WORKER  2] ia=1255, thermal , zout=65.2, eup=  177.72
     Process 2 started calculating ia=1258
                                            [WORKER  1] ia=1256, thermal , zout=65.2, eup=  179.25
     Process 1 started calculating ia=1259
                                            [WORKER  2] ia=1258, thermal , zout=65.2, eup=  176.22
     Process 2 started calculating ia=1260
                                            [WORKER  3] ia=1257, thermal , zout=65.2, eup=  178.33
     Process 3 started calculating ia=1261
                                            [WORKER  1] ia=1259, thermal , zout=65.2, eup=  176.72
     Process 1 started calculating ia=1262
                                            [WORKER  2] ia=1260, thermal , zout=65.2, eup=  181.55
     Process 2 started calculating ia=1263
                                            [WORKER  3] ia=1261, thermal , zout=65.2, eup=  182.34
     Process 3 started calculating ia=1264
                                            [WORKER  1] ia=1262, thermal , zout=65.2, eup=  181.84
     Process 1 started calculating ia=1265
                                            [WORKER  2] ia=1263, thermal , zout=65.2, eup=  187.16
     Process 2 started calculating ia=1266
                                            [WORKER  3] ia=1264, thermal , zout=65.2, eup=  190.63
     Process 3 started calculating ia=1267
                                            [WORKER  1] ia=1265, thermal , zout=65.2, eup=  190.75
     Process 1 started calculating ia=1268
                                            [WORKER  2] ia=1266, thermal , zout=65.2, eup=  197.50
     Process 2 started calculating ia=1269
                                            [WORKER  3] ia=1267, thermal , zout=65.2, eup=  196.69
     Process 3 started calculating ia=1270
                                            [WORKER  1] ia=1268, thermal , zout=65.2, eup=  199.14
     Process 1 started calculating ia=1271
                                            [WORKER  3] ia=1270, thermal , zout=65.2, eup=  203.71
     Process 3 started calculating ia=1272
                                            [WORKER  2] ia=1269, thermal , zout=65.2, eup=  200.64
     Process 2 started calculating ia=1273
                                            [WORKER  1] ia=1271, thermal , zout=65.2, eup=  205.01
     Process 1 started calculating ia=1274
                                            [WORKER  3] ia=1272, thermal , zout=65.2, eup=  200.92
     Process 3 started calculating ia=1275
                                            [WORKER  2] ia=1273, thermal , zout=65.2, eup=  199.94
     Process 2 started calculating ia=1276
                                            [WORKER  1] ia=1274, thermal , zout=65.2, eup=  196.50
     Process 1 started calculating ia=1277
                                            [WORKER  1] ia=1277, thermal , zout=65.2, eup=  211.31
     Process 1 started calculating ia=1278
                                            [WORKER  2] ia=1276, thermal , zout=65.2, eup=  203.09
     Process 2 started calculating ia=1279
                                            [WORKER  3] ia=1275, thermal , zout=65.2, eup=  199.71
     Process 3 started calculating ia=1280
                                            [WORKER  3] ia=1280, thermal , zout=65.2, eup=  214.06
     Process 3 started calculating ia=1281
                                            [WORKER  2] ia=1279, thermal , zout=65.2, eup=  211.81
     Process 2 started calculating ia=1282
                                            [WORKER  1] ia=1278, thermal , zout=65.2, eup=  208.46
     Process 1 started calculating ia=1283
                                            [WORKER  3] ia=1281, thermal , zout=65.2, eup=  215.77
     Process 3 started calculating ia=1284
                                            [WORKER  2] ia=1282, thermal , zout=65.2, eup=  214.15
     Process 2 started calculating ia=1285
                                            [WORKER  1] ia=1283, thermal , zout=65.2, eup=  219.27
     Process 1 started calculating ia=1286
                                            [WORKER  3] ia=1284, thermal , zout=65.2, eup=  219.44
     Process 3 started calculating ia=1287
                                            [WORKER  1] ia=1286, thermal , zout=65.2, eup=  215.19
     Process 1 started calculating ia=1288
                                            [WORKER  2] ia=1285, thermal , zout=65.2, eup=  217.77
     Process 2 started calculating ia=1289
                                            [WORKER  3] ia=1287, thermal , zout=65.2, eup=  212.45
     Process 3 started calculating ia=1290
                                            [WORKER  1] ia=1288, thermal , zout=65.2, eup=  219.14
     Process 1 started calculating ia=1291
                                            [WORKER  2] ia=1289, thermal , zout=65.2, eup=  221.18
     Process 2 started calculating ia=1292
                                            [WORKER  3] ia=1290, thermal , zout=65.2, eup=  222.04
     Process 3 started calculating ia=1293
                                            [WORKER  2] ia=1292, thermal , zout=65.2, eup=  227.80
     Process 2 started calculating ia=1294
                                            [WORKER  1] ia=1291, thermal , zout=65.2, eup=  228.81
     Process 1 started calculating ia=1295
                                            [WORKER  3] ia=1293, thermal , zout=65.2, eup=  229.86
     Process 3 started calculating ia=1296
                                            [WORKER  2] ia=1294, thermal , zout=65.2, eup=  224.31
     Process 2 started calculating ia=1297
                                            [WORKER  1] ia=1295, thermal , zout=65.2, eup=  218.51
     Process 1 started calculating ia=1298
                                            [WORKER  3] ia=1296, thermal , zout=65.2, eup=  219.32
     Process 3 started calculating ia=1299
                                            [WORKER  2] ia=1297, thermal , zout=65.2, eup=  218.92
     Process 2 started calculating ia=1300
                                            [WORKER  1] ia=1298, thermal , zout=65.2, eup=  217.61
     Process 1 started calculating ia=1301
                                            [WORKER  3] ia=1299, thermal , zout=65.2, eup=  220.22
     Process 3 started calculating ia=1302
                                            [WORKER  2] ia=1300, thermal , zout=65.2, eup=  208.61
     Process 2 started calculating ia=1303
                                            [WORKER  1] ia=1301, thermal , zout=65.2, eup=  210.97
     Process 1 started calculating ia=1304
                                            [WORKER  3] ia=1302, thermal , zout=65.2, eup=  210.95
     Process 3 started calculating ia=1305
                                            [WORKER  2] ia=1303, thermal , zout=65.2, eup=  208.23
     Process 2 started calculating ia=1306
                                            [WORKER  1] ia=1304, thermal , zout=65.2, eup=  208.76
     Process 1 started calculating ia=1307
                                            [WORKER  3] ia=1305, thermal , zout=65.2, eup=  197.68
     Process 3 started calculating ia=1308
                                            [WORKER  1] ia=1307, thermal , zout=65.2, eup=  214.93
     Process 1 started calculating ia=1309
                                            [WORKER  2] ia=1306, thermal , zout=65.2, eup=  206.73
     Process 2 started calculating ia=1310
                                            [WORKER  1] ia=1309, thermal , zout=65.2, eup=  222.48
                                            [WORKER  3] ia=1308, thermal , zout=65.2, eup=  220.08
     Process 1 started calculating ia=1311
     Process 3 started calculating ia=1312
                                            [WORKER  2] ia=1310, thermal , zout=65.2, eup=  221.16
     Process 2 started calculating ia=1313
                                            [WORKER  1] ia=1311, thermal , zout=65.2, eup=  221.83
     Process 1 started calculating ia=1314
                                            [WORKER  2] ia=1313, thermal , zout=65.2, eup=  220.59
     Process 2 started calculating ia=1315
                                            [WORKER  3] ia=1312, thermal , zout=65.2, eup=  224.97
     Process 3 started calculating ia=1316
                                            [WORKER  2] ia=1315, thermal , zout=65.2, eup=  218.40
     Process 2 started calculating ia=1317
                                            [WORKER  1] ia=1314, thermal , zout=65.2, eup=  220.11
     Process 1 started calculating ia=1318
                                            [WORKER  3] ia=1316, thermal , zout=65.2, eup=  219.69
     Process 3 started calculating ia=1319
                                            [WORKER  3] ia=1319, thermal , zout=65.2, eup=  227.93
     Process 3 started calculating ia=1320
                                            [WORKER  1] ia=1318, thermal , zout=65.2, eup=  226.02
     Process 1 started calculating ia=1321
                                            [WORKER  2] ia=1317, thermal , zout=65.2, eup=  222.59
     Process 2 started calculating ia=1322
                                            [WORKER  1] ia=1321, thermal , zout=65.2, eup=  225.31
     Process 1 started calculating ia=1323
                                            [WORKER  2] ia=1322, thermal , zout=65.2, eup=  229.74
     Process 2 started calculating ia=1324
                                            [WORKER  3] ia=1320, thermal , zout=65.2, eup=  225.86
     Process 3 started calculating ia=1325
                                            [WORKER  1] ia=1323, thermal , zout=65.2, eup=  236.63
     Process 1 started calculating ia=1326
                                            [WORKER  3] ia=1325, thermal , zout=65.2, eup=  229.82
     Process 3 started calculating ia=1327
                                            [WORKER  2] ia=1324, thermal , zout=65.2, eup=  236.06
     Process 2 started calculating ia=1328
                                            [WORKER  1] ia=1326, thermal , zout=65.2, eup=  233.16
     Process 1 started calculating ia=1329
                                            [WORKER  3] ia=1327, thermal , zout=65.2, eup=  237.87
     Process 3 started calculating ia=1330
                                            [WORKER  2] ia=1328, thermal , zout=65.2, eup=  236.42
     Process 2 started calculating ia=1331
                                            [WORKER  3] ia=1330, thermal , zout=65.2, eup=  233.78
     Process 3 started calculating ia=1332
                                            [WORKER  1] ia=1329, thermal , zout=65.2, eup=  234.66
     Process 1 started calculating ia=1333
                                            [WORKER  2] ia=1331, thermal , zout=65.2, eup=  246.79
     Process 2 started calculating ia=1334
                                            [WORKER  1] ia=1333, thermal , zout=65.2, eup=  236.68
     Process 1 started calculating ia=1335
                                            [WORKER  2] ia=1334, thermal , zout=65.2, eup=  240.12
     Process 2 started calculating ia=1336
                                            [WORKER  3] ia=1332, thermal , zout=65.2, eup=  247.25
     Process 3 started calculating ia=1337
                                            [WORKER  3] ia=1337, thermal , zout=65.2, eup=  229.24
     Process 3 started calculating ia=1338
                                            [WORKER  1] ia=1335, thermal , zout=65.2, eup=  240.69
     Process 1 started calculating ia=1339
                                            [WORKER  2] ia=1336, thermal , zout=65.2, eup=  240.29
     Process 2 started calculating ia=1340
                                            [WORKER  3] ia=1338, thermal , zout=65.2, eup=  223.64
     Process 3 started calculating ia=1341
                                            [WORKER  1] ia=1339, thermal , zout=65.2, eup=  216.99
     Process 1 started calculating ia=1342
                                            [WORKER  2] ia=1340, thermal , zout=65.2, eup=  210.96
     Process 2 started calculating ia=1343
                                            [WORKER  3] ia=1341, thermal , zout=65.2, eup=  199.95
                                            [WORKER  1] ia=1342, thermal , zout=65.2, eup=  195.13
     Process 3 started calculating ia=1344
     Process 1 started calculating ia=1345
                                            [WORKER  2] ia=1343, thermal , zout=65.2, eup=  194.96
     Process 2 started calculating ia=1346
                                            [WORKER  1] ia=1345, thermal , zout=65.2, eup=  190.64
     Process 1 started calculating ia=1347
                                            [WORKER  3] ia=1344, thermal , zout=65.2, eup=  191.47
     Process 3 started calculating ia=1348
                                            [WORKER  2] ia=1346, thermal , zout=65.2, eup=  203.22
     Process 2 started calculating ia=1349
                                            [WORKER  2] ia=1349, thermal , zout=65.2, eup=  196.78
     Process 2 started calculating ia=1350
                                            [WORKER  3] ia=1348, thermal , zout=65.2, eup=  201.51
     Process 3 started calculating ia=1351
                                            [WORKER  1] ia=1347, thermal , zout=65.2, eup=  204.79
     Process 1 started calculating ia=1352
                                            [WORKER  2] ia=1350, thermal , zout=65.2, eup=  209.00
     Process 2 started calculating ia=1353
                                            [WORKER  3] ia=1351, thermal , zout=65.2, eup=  212.79
     Process 3 started calculating ia=1354
                                            [WORKER  1] ia=1352, thermal , zout=65.2, eup=  219.04
     Process 1 started calculating ia=1355
                                            [WORKER  3] ia=1354, thermal , zout=65.2, eup=  225.91
     Process 3 started calculating ia=1356
                                            [WORKER  2] ia=1353, thermal , zout=65.2, eup=  227.30
     Process 2 started calculating ia=1357
                                            [WORKER  1] ia=1355, thermal , zout=65.2, eup=  230.83
     Process 1 started calculating ia=1358
                                            [WORKER  3] ia=1356, thermal , zout=65.2, eup=  232.24
     Process 3 started calculating ia=1359
                                            [WORKER  1] ia=1358, thermal , zout=65.2, eup=  232.40
     Process 1 started calculating ia=1360
                                            [WORKER  2] ia=1357, thermal , zout=65.2, eup=  232.49
     Process 2 started calculating ia=1361
                                            [WORKER  1] ia=1360, thermal , zout=65.2, eup=  231.26
     Process 1 started calculating ia=1362
                                            [WORKER  3] ia=1359, thermal , zout=65.2, eup=  235.14
     Process 3 started calculating ia=1363
                                            [WORKER  2] ia=1361, thermal , zout=65.2, eup=  235.35
     Process 2 started calculating ia=1364
                                            [WORKER  1] ia=1362, thermal , zout=65.2, eup=  234.12
     Process 1 started calculating ia=1365
                                            [WORKER  2] ia=1364, thermal , zout=65.2, eup=  229.76
                                            [WORKER  3] ia=1363, thermal , zout=65.2, eup=  232.90
     Process 2 started calculating ia=1366
     Process 3 started calculating ia=1367
                                            [WORKER  3] ia=1367, thermal , zout=65.2, eup=  221.09
     Process 3 started calculating ia=1368
                                            [WORKER  1] ia=1365, thermal , zout=65.2, eup=  227.34
     Process 1 started calculating ia=1369
                                            [WORKER  2] ia=1366, thermal , zout=65.2, eup=  223.33
     Process 2 started calculating ia=1370
                                            [WORKER  1] ia=1369, thermal , zout=65.2, eup=  232.05
     Process 1 started calculating ia=1371
                                            [WORKER  2] ia=1370, thermal , zout=65.2, eup=  233.72
     Process 2 started calculating ia=1372
                                            [WORKER  3] ia=1368, thermal , zout=65.2, eup=  227.67
     Process 3 started calculating ia=1373
                                            [WORKER  1] ia=1371, thermal , zout=65.2, eup=  242.17
     Process 1 started calculating ia=1374
                                            [WORKER  3] ia=1373, thermal , zout=65.2, eup=  238.79
     Process 3 started calculating ia=1375
                                            [WORKER  2] ia=1372, thermal , zout=65.2, eup=  238.86
     Process 2 started calculating ia=1376
                                            [WORKER  1] ia=1374, thermal , zout=65.2, eup=  233.68
     Process 1 started calculating ia=1377
                                            [WORKER  3] ia=1375, thermal , zout=65.2, eup=  223.55
     Process 3 started calculating ia=1378
                                            [WORKER  2] ia=1376, thermal , zout=65.2, eup=  198.17
     Process 2 started calculating ia=1379
                                            [WORKER  1] ia=1377, thermal , zout=65.2, eup=  177.86
     Process 1 started calculating ia=1380
                                            [WORKER  3] ia=1378, thermal , zout=65.2, eup=  169.96
     Process 3 started calculating ia=1381
                                            [WORKER  2] ia=1379, thermal , zout=65.2, eup=  174.10
     Process 2 started calculating ia=1382
                                            [WORKER  1] ia=1380, thermal , zout=65.2, eup=  174.52
     Process 1 started calculating ia=1383
                                            [WORKER  3] ia=1381, thermal , zout=65.2, eup=  170.92
     Process 3 started calculating ia=1384
                                            [WORKER  2] ia=1382, thermal , zout=65.2, eup=  172.67
     Process 2 started calculating ia=1385
                                            [WORKER  1] ia=1383, thermal , zout=65.2, eup=  181.85
     Process 1 started calculating ia=1386
                                            [WORKER  3] ia=1384, thermal , zout=65.2, eup=  177.79
     Process 3 started calculating ia=1387
                                            [WORKER  2] ia=1385, thermal , zout=65.2, eup=  189.07
     Process 2 started calculating ia=1388
                                            [WORKER  3] ia=1387, thermal , zout=65.2, eup=  206.51
     Process 3 started calculating ia=1389
                                            [WORKER  1] ia=1386, thermal , zout=65.2, eup=  189.33
     Process 1 started calculating ia=1390
                                            [WORKER  2] ia=1388, thermal , zout=65.2, eup=  226.05
     Process 2 started calculating ia=1391
                                            [WORKER  1] ia=1390, thermal , zout=65.2, eup=  227.50
     Process 1 started calculating ia=1392
                                            [WORKER  3] ia=1389, thermal , zout=65.2, eup=  221.39
     Process 3 started calculating ia=1393
                                            [WORKER  2] ia=1391, thermal , zout=65.2, eup=  233.94
     Process 2 started calculating ia=1394
                                            [WORKER  3] ia=1393, thermal , zout=65.2, eup=  231.25
     Process 3 started calculating ia=1395
                                            [WORKER  1] ia=1392, thermal , zout=65.2, eup=  236.67
     Process 1 started calculating ia=1396
                                            [WORKER  2] ia=1394, thermal , zout=65.2, eup=  229.14
     Process 2 started calculating ia=1397
                                            [WORKER  1] ia=1396, thermal , zout=65.2, eup=  232.96
     Process 1 started calculating ia=1398
                                            [WORKER  3] ia=1395, thermal , zout=65.2, eup=  231.74
     Process 3 started calculating ia=1399
                                            [WORKER  2] ia=1397, thermal , zout=65.2, eup=  224.67
     Process 2 started calculating ia=1400
                                            [WORKER  1] ia=1398, thermal , zout=65.2, eup=  226.57
     Process 1 started calculating ia=1401
                                            [WORKER  3] ia=1399, thermal , zout=65.2, eup=  229.18
     Process 3 started calculating ia=1402
                                            [WORKER  2] ia=1400, thermal , zout=65.2, eup=  225.49
     Process 2 started calculating ia=1403
                                            [WORKER  1] ia=1401, thermal , zout=65.2, eup=  222.60
     Process 1 started calculating ia=1404
                                            [WORKER  3] ia=1402, thermal , zout=65.2, eup=  235.31
     Process 3 started calculating ia=1405
                                            [WORKER  2] ia=1403, thermal , zout=65.2, eup=  232.15
     Process 2 started calculating ia=1406
                                            [WORKER  1] ia=1404, thermal , zout=65.2, eup=  231.61
     Process 1 started calculating ia=1407
                                            [WORKER  3] ia=1405, thermal , zout=65.2, eup=  234.03
     Process 3 started calculating ia=1408
                                            [WORKER  2] ia=1406, thermal , zout=65.2, eup=  229.49
     Process 2 started calculating ia=1409
                                            [WORKER  1] ia=1407, thermal , zout=65.2, eup=  245.87
     Process 1 started calculating ia=1410
                                            [WORKER  3] ia=1408, thermal , zout=65.2, eup=  238.27
     Process 3 started calculating ia=1411
                                            [WORKER  2] ia=1409, thermal , zout=65.2, eup=  234.33
     Process 2 started calculating ia=1412
                                            [WORKER  1] ia=1410, thermal , zout=65.2, eup=  239.39
     Process 1 started calculating ia=1413
                                            [WORKER  3] ia=1411, thermal , zout=65.2, eup=  235.61
     Process 3 started calculating ia=1414
                                            [WORKER  2] ia=1412, thermal , zout=65.2, eup=  249.96
     Process 2 started calculating ia=1415
                                            [WORKER  2] ia=1415, thermal , zout=65.2, eup=  253.15
     Process 2 started calculating ia=1416
                                            [WORKER  1] ia=1413, thermal , zout=65.2, eup=  250.99
     Process 1 started calculating ia=1417
                                            [WORKER  3] ia=1414, thermal , zout=65.2, eup=  253.16
     Process 3 started calculating ia=1418
                                            [WORKER  1] ia=1417, thermal , zout=65.2, eup=  253.19
     Process 1 started calculating ia=1419
                                            [WORKER  2] ia=1416, thermal , zout=65.2, eup=  252.85
     Process 2 started calculating ia=1420
                                            [WORKER  3] ia=1418, thermal , zout=65.2, eup=  252.52
     Process 3 started calculating ia=1421
                                            [WORKER  2] ia=1420, thermal , zout=65.2, eup=  248.17
     Process 2 started calculating ia=1422
                                            [WORKER  3] ia=1421, thermal , zout=65.2, eup=  250.28
     Process 3 started calculating ia=1423
                                            [WORKER  1] ia=1419, thermal , zout=65.2, eup=  251.80
     Process 1 started calculating ia=1424
                                            [WORKER  2] ia=1422, thermal , zout=65.2, eup=  248.63
     Process 2 started calculating ia=1425
                                            [WORKER  1] ia=1424, thermal , zout=65.2, eup=  244.56
     Process 1 started calculating ia=1426
                                            [WORKER  3] ia=1423, thermal , zout=65.2, eup=  240.45
     Process 3 started calculating ia=1427
                                            [WORKER  1] ia=1426, thermal , zout=65.2, eup=  250.96
     Process 1 started calculating ia=1428
                                            [WORKER  3] ia=1427, thermal , zout=65.2, eup=  250.73
     Process 3 started calculating ia=1429
                                            [WORKER  2] ia=1425, thermal , zout=65.2, eup=  241.18
     Process 2 started calculating ia=1430
                                            [WORKER  3] ia=1429, thermal , zout=65.2, eup=  248.98
     Process 3 started calculating ia=1431
                                            [WORKER  1] ia=1428, thermal , zout=65.2, eup=  249.35
     Process 1 started calculating ia=1432
                                            [WORKER  2] ia=1430, thermal , zout=65.2, eup=  250.15
     Process 2 started calculating ia=1433
                                            [WORKER  1] ia=1432, thermal , zout=65.2, eup=  248.92
     Process 1 started calculating ia=1434
                                            [WORKER  2] ia=1433, thermal , zout=65.2, eup=  245.28
     Process 2 started calculating ia=1435
                                            [WORKER  3] ia=1431, thermal , zout=65.2, eup=  246.76
     Process 3 started calculating ia=1436
                                            [WORKER  1] ia=1434, thermal , zout=65.2, eup=  244.83
     Process 1 started calculating ia=1437
                                            [WORKER  3] ia=1436, thermal , zout=65.2, eup=  252.03
     Process 3 started calculating ia=1438
                                            [WORKER  2] ia=1435, thermal , zout=65.2, eup=  248.13
     Process 2 started calculating ia=1439
                                            [WORKER  1] ia=1437, thermal , zout=65.2, eup=  249.50
     Process 1 started calculating ia=1440
                                            [WORKER  3] ia=1438, thermal , zout=65.2, eup=  244.96
     Process 3 started calculating ia=1441
                                            [WORKER  2] ia=1439, thermal , zout=65.2, eup=  242.25
     Process 2 started calculating ia=1442
                                            [WORKER  1] ia=1440, thermal , zout=65.2, eup=  244.02
     Process 1 started calculating ia=1443
                                            [WORKER  3] ia=1441, thermal , zout=65.2, eup=  239.71
     Process 3 started calculating ia=1444
                                            [WORKER  2] ia=1442, thermal , zout=65.2, eup=  236.84
     Process 2 started calculating ia=1445
                                            [WORKER  1] ia=1443, thermal , zout=65.2, eup=  223.33
     Process 1 started calculating ia=1446
                                            [WORKER  3] ia=1444, thermal , zout=65.2, eup=  222.65
     Process 3 started calculating ia=1447
                                            [WORKER  2] ia=1445, thermal , zout=65.2, eup=  220.01
     Process 2 started calculating ia=1448
                                            [WORKER  1] ia=1446, thermal , zout=65.2, eup=  225.25
     Process 1 started calculating ia=1449
                                            [WORKER  2] ia=1448, thermal , zout=65.2, eup=  228.29
     Process 2 started calculating ia=1450
                                            [WORKER  3] ia=1447, thermal , zout=65.2, eup=  228.07
     Process 3 started calculating ia=1451
                                            [WORKER  1] ia=1449, thermal , zout=65.2, eup=  237.28
     Process 1 started calculating ia=1452
                                            [WORKER  3] ia=1451, thermal , zout=65.2, eup=  243.40
     Process 3 started calculating ia=1453
                                            [WORKER  2] ia=1450, thermal , zout=65.2, eup=  241.23
     Process 2 started calculating ia=1454
                                            [WORKER  1] ia=1452, thermal , zout=65.2, eup=  242.82
     Process 1 started calculating ia=1455
                                            [WORKER  3] ia=1453, thermal , zout=65.2, eup=  241.17
     Process 3 started calculating ia=1456
                                            [WORKER  2] ia=1454, thermal , zout=65.2, eup=  215.66
     Process 2 started calculating ia=1457
                                            [WORKER  1] ia=1455, thermal , zout=65.2, eup=  226.52
     Process 1 started calculating ia=1458
                                            [WORKER  2] ia=1457, thermal , zout=65.2, eup=  218.85
     Process 2 started calculating ia=1459
                                            [WORKER  3] ia=1456, thermal , zout=65.2, eup=  220.17
     Process 3 started calculating ia=1460
                                            [WORKER  1] ia=1458, thermal , zout=65.2, eup=  222.64
     Process 1 started calculating ia=1461
                                            [WORKER  2] ia=1459, thermal , zout=65.2, eup=  220.69
     Process 2 started calculating ia=1462
                                            [WORKER  3] ia=1460, thermal , zout=65.2, eup=  220.34
     Process 3 started calculating ia=1463
                                            [WORKER  1] ia=1461, thermal , zout=65.2, eup=  221.81
     Process 1 started calculating ia=1464
                                            [WORKER  3] ia=1463, thermal , zout=65.2, eup=  228.72
     Process 3 started calculating ia=1465
                                            [WORKER  2] ia=1462, thermal , zout=65.2, eup=  225.99
     Process 2 started calculating ia=1466
                                            [WORKER  1] ia=1464, thermal , zout=65.2, eup=  227.60
     Process 1 started calculating ia=1467
                                            [WORKER  2] ia=1466, thermal , zout=65.2, eup=  226.24
     Process 2 started calculating ia=1468
                                            [WORKER  3] ia=1465, thermal , zout=65.2, eup=  226.83
     Process 3 started calculating ia=1469
                                            [WORKER  1] ia=1467, thermal , zout=65.2, eup=  228.66
     Process 1 started calculating ia=1470
                                            [WORKER  2] ia=1468, thermal , zout=65.2, eup=  231.52
     Process 2 started calculating ia=1471
                                            [WORKER  3] ia=1469, thermal , zout=65.2, eup=  231.57
     Process 3 started calculating ia=1472
                                            [WORKER  2] ia=1471, thermal , zout=65.2, eup=  229.92
     Process 2 started calculating ia=1473
                                            [WORKER  1] ia=1470, thermal , zout=65.2, eup=  232.56
                                            [WORKER  3] ia=1472, thermal , zout=65.2, eup=  226.73
     Process 1 started calculating ia=1474
     Process 3 started calculating ia=1475
                                            [WORKER  1] ia=1474, thermal , zout=65.2, eup=  220.05
     Process 1 started calculating ia=1476
                                            [WORKER  2] ia=1473, thermal , zout=65.2, eup=  223.88
     Process 2 started calculating ia=1477
                                            [WORKER  3] ia=1475, thermal , zout=65.2, eup=  217.91
     Process 3 started calculating ia=1478
                                            [WORKER  3] ia=1478, thermal , zout=65.2, eup=  226.17
     Process 3 started calculating ia=1479
                                            [WORKER  1] ia=1476, thermal , zout=65.2, eup=  222.48
     Process 1 started calculating ia=1480
                                            [WORKER  2] ia=1477, thermal , zout=65.2, eup=  229.32
     Process 2 started calculating ia=1481
                                            [WORKER  1] ia=1480, thermal , zout=65.2, eup=  230.37
     Process 1 started calculating ia=1482
                                            [WORKER  2] ia=1481, thermal , zout=65.2, eup=  236.21
     Process 2 started calculating ia=1483
                                            [WORKER  3] ia=1479, thermal , zout=65.2, eup=  226.74
     Process 3 started calculating ia=1484
                                            [WORKER  1] ia=1482, thermal , zout=65.2, eup=  236.28
     Process 1 started calculating ia=1485
                                            [WORKER  2] ia=1483, thermal , zout=65.2, eup=  232.30
     Process 2 started calculating ia=1486
                                            [WORKER  3] ia=1484, thermal , zout=65.2, eup=  220.47
     Process 3 started calculating ia=1487
                                            [WORKER  2] ia=1486, thermal , zout=65.2, eup=  215.55
     Process 2 started calculating ia=1488
                                            [WORKER  1] ia=1485, thermal , zout=65.2, eup=  208.63
                                            [WORKER  3] ia=1487, thermal , zout=65.2, eup=  221.77
     Process 1 started calculating ia=1489
     Process 3 started calculating ia=1490
                                            [WORKER  2] ia=1488, thermal , zout=65.2, eup=  217.64
     Process 2 started calculating ia=1491
                                            [WORKER  3] ia=1490, thermal , zout=65.2, eup=  222.16
     Process 3 started calculating ia=1492
                                            [WORKER  1] ia=1489, thermal , zout=65.2, eup=  225.65
     Process 1 started calculating ia=1493
                                            [WORKER  2] ia=1491, thermal , zout=65.2, eup=  220.21
     Process 2 started calculating ia=1494
                                            [WORKER  3] ia=1492, thermal , zout=65.2, eup=  209.17
     Process 3 started calculating ia=1495
                                            [WORKER  1] ia=1493, thermal , zout=65.2, eup=  195.97
     Process 1 started calculating ia=1496
                                            [WORKER  1] ia=1496, thermal , zout=65.2, eup=  188.92
     Process 1 started calculating ia=1497
                                            [WORKER  2] ia=1494, thermal , zout=65.2, eup=  204.98
     Process 2 started calculating ia=1498
                                            [WORKER  3] ia=1495, thermal , zout=65.2, eup=  196.09
     Process 3 started calculating ia=1499
                                            [WORKER  1] ia=1497, thermal , zout=65.2, eup=  184.13
     Process 1 started calculating ia=1500
                                            [WORKER  3] ia=1499, thermal , zout=65.2, eup=  179.59
     Process 3 started calculating ia=1501
                                            [WORKER  2] ia=1498, thermal , zout=65.2, eup=  181.13
     Process 2 started calculating ia=1502
                                            [WORKER  1] ia=1500, thermal , zout=65.2, eup=  178.67
     Process 1 started calculating ia=1503
                                            [WORKER  3] ia=1501, thermal , zout=65.2, eup=  180.75
     Process 3 started calculating ia=1504
                                            [WORKER  2] ia=1502, thermal , zout=65.2, eup=  172.79
     Process 2 started calculating ia=1505
                                            [WORKER  1] ia=1503, thermal , zout=65.2, eup=  177.45
     Process 1 started calculating ia=1506
                                            [WORKER  3] ia=1504, thermal , zout=65.2, eup=  177.20
     Process 3 started calculating ia=1507
                                            [WORKER  2] ia=1505, thermal , zout=65.2, eup=  180.42
     Process 2 started calculating ia=1508
                                            [WORKER  1] ia=1506, thermal , zout=65.2, eup=  180.53
     Process 1 started calculating ia=1509
                                            [WORKER  2] ia=1508, thermal , zout=65.2, eup=  203.88
     Process 2 started calculating ia=1510
                                            [WORKER  3] ia=1507, thermal , zout=65.2, eup=  198.80
     Process 3 started calculating ia=1511
                                            [WORKER  1] ia=1509, thermal , zout=65.2, eup=  202.50
     Process 1 started calculating ia=1512
                                            [WORKER  2] ia=1510, thermal , zout=65.2, eup=  223.62
     Process 2 started calculating ia=1513
                                            [WORKER  3] ia=1511, thermal , zout=65.2, eup=  232.37
     Process 3 started calculating ia=1514
                                            [WORKER  1] ia=1512, thermal , zout=65.2, eup=  230.87
     Process 1 started calculating ia=1515
                                            [WORKER  3] ia=1514, thermal , zout=65.2, eup=  234.95
     Process 3 started calculating ia=1516
                                            [WORKER  2] ia=1513, thermal , zout=65.2, eup=  233.62
     Process 2 started calculating ia=1517
                                            [WORKER  1] ia=1515, thermal , zout=65.2, eup=  240.91
     Process 1 started calculating ia=1518
                                            [WORKER  3] ia=1516, thermal , zout=65.2, eup=  239.18
     Process 3 started calculating ia=1519
                                            [WORKER  2] ia=1517, thermal , zout=65.2, eup=  241.62
     Process 2 started calculating ia=1520
                                            [WORKER  1] ia=1518, thermal , zout=65.2, eup=  242.35
     Process 1 started calculating ia=1521
                                            [WORKER  3] ia=1519, thermal , zout=65.2, eup=  242.14
     Process 3 started calculating ia=1522
                                            [WORKER  2] ia=1520, thermal , zout=65.2, eup=  239.33
     Process 2 started calculating ia=1523
                                            [WORKER  1] ia=1521, thermal , zout=65.2, eup=  241.44
     Process 1 started calculating ia=1524
                                            [WORKER  3] ia=1522, thermal , zout=65.2, eup=  242.20
     Process 3 started calculating ia=1525
                                            [WORKER  2] ia=1523, thermal , zout=65.2, eup=  241.75
     Process 2 started calculating ia=1526
                                            [WORKER  1] ia=1524, thermal , zout=65.2, eup=  240.28
     Process 1 started calculating ia=1527
                                            [WORKER  3] ia=1525, thermal , zout=65.2, eup=  241.53
     Process 3 started calculating ia=1528
                                            [WORKER  2] ia=1526, thermal , zout=65.2, eup=  241.14
     Process 2 started calculating ia=1529
                                            [WORKER  1] ia=1527, thermal , zout=65.2, eup=  242.04
     Process 1 started calculating ia=1530
                                            [WORKER  3] ia=1528, thermal , zout=65.2, eup=  239.51
     Process 3 started calculating ia=1531
                                            [WORKER  2] ia=1529, thermal , zout=65.2, eup=  233.19
     Process 2 started calculating ia=1532
                                            [WORKER  1] ia=1530, thermal , zout=65.2, eup=  230.66
     Process 1 started calculating ia=1533
                                            [WORKER  3] ia=1531, thermal , zout=65.2, eup=  224.25
     Process 3 started calculating ia=1534
                                            [WORKER  2] ia=1532, thermal , zout=65.2, eup=  223.97
     Process 2 started calculating ia=1535
                                            [WORKER  1] ia=1533, thermal , zout=65.2, eup=  229.32
     Process 1 started calculating ia=1536
                                            [WORKER  3] ia=1534, thermal , zout=65.2, eup=  227.29
     Process 3 started calculating ia=1537
                                            [WORKER  2] ia=1535, thermal , zout=65.2, eup=  222.67
     Process 2 started calculating ia=1538
                                            [WORKER  3] ia=1537, thermal , zout=65.2, eup=  209.55
     Process 3 started calculating ia=1539
                                            [WORKER  1] ia=1536, thermal , zout=65.2, eup=  227.82
     Process 1 started calculating ia=1540
                                            [WORKER  2] ia=1538, thermal , zout=65.2, eup=  185.00
     Process 2 started calculating ia=1541
                                            [WORKER  2] ia=1541, thermal , zout=65.2, eup=  208.85
     Process 2 started calculating ia=1542
                                            [WORKER  1] ia=1540, thermal , zout=65.2, eup=  186.67
     Process 1 started calculating ia=1543
                                            [WORKER  3] ia=1539, thermal , zout=65.2, eup=  208.20
     Process 3 started calculating ia=1544
                                            [WORKER  3] ia=1544, thermal , zout=65.2, eup=  241.40
     Process 3 started calculating ia=1545
                                            [WORKER  1] ia=1543, thermal , zout=65.2, eup=  200.01
     Process 1 started calculating ia=1546
                                            [WORKER  2] ia=1542, thermal , zout=65.2, eup=  192.80
     Process 2 started calculating ia=1547
                                            [WORKER  3] ia=1545, thermal , zout=65.2, eup=  246.62
     Process 3 started calculating ia=1548
                                            [WORKER  1] ia=1546, thermal , zout=65.2, eup=  244.94
     Process 1 started calculating ia=1549
                                            [WORKER  2] ia=1547, thermal , zout=65.2, eup=  250.42
     Process 2 started calculating ia=1550
                                            [WORKER  3] ia=1548, thermal , zout=65.2, eup=  249.51
     Process 3 started calculating ia=1551
                                            [WORKER  1] ia=1549, thermal , zout=65.2, eup=  243.29
     Process 1 started calculating ia=1552
                                            [WORKER  2] ia=1550, thermal , zout=65.2, eup=  245.27
     Process 2 started calculating ia=1553
                                            [WORKER  1] ia=1552, thermal , zout=65.2, eup=  251.90
     Process 1 started calculating ia=1554
                                            [WORKER  2] ia=1553, thermal , zout=65.2, eup=  249.94
     Process 2 started calculating ia=1555
                                            [WORKER  3] ia=1551, thermal , zout=65.2, eup=  252.91
     Process 3 started calculating ia=1556
                                            [WORKER  3] ia=1556, thermal , zout=65.2, eup=  253.25
     Process 3 started calculating ia=1557
                                            [WORKER  1] ia=1554, thermal , zout=65.2, eup=  250.36
     Process 1 started calculating ia=1558
                                            [WORKER  2] ia=1555, thermal , zout=65.2, eup=  251.69
     Process 2 started calculating ia=1559
                                            [WORKER  1] ia=1558, thermal , zout=65.2, eup=  252.09
     Process 1 started calculating ia=1560
                                            [WORKER  3] ia=1557, thermal , zout=65.2, eup=  250.80
     Process 3 started calculating ia=1561
                                            [WORKER  2] ia=1559, thermal , zout=65.2, eup=  255.59
     Process 2 started calculating ia=1562
                                            [WORKER  3] ia=1561, thermal , zout=65.2, eup=  256.24
     Process 3 started calculating ia=1563
                                            [WORKER  2] ia=1562, thermal , zout=65.2, eup=  253.47
     Process 2 started calculating ia=1564
                                            [WORKER  1] ia=1560, thermal , zout=65.2, eup=  250.45
     Process 1 started calculating ia=1565
                                            [WORKER  3] ia=1563, thermal , zout=65.2, eup=  255.41
     Process 3 started calculating ia=1566
                                            [WORKER  1] ia=1565, thermal , zout=65.2, eup=  256.24
     Process 1 started calculating ia=1567
                                            [WORKER  2] ia=1564, thermal , zout=65.2, eup=  256.23
     Process 2 started calculating ia=1568
                                            [WORKER  3] ia=1566, thermal , zout=65.2, eup=  256.26
     Process 3 started calculating ia=1569
                                            [WORKER  2] ia=1568, thermal , zout=65.2, eup=  256.14
     Process 2 started calculating ia=1570
                                            [WORKER  1] ia=1567, thermal , zout=65.2, eup=  256.13
     Process 1 started calculating ia=1571
                                            [WORKER  3] ia=1569, thermal , zout=65.2, eup=  256.30
     Process 3 started calculating ia=1572
                                            [WORKER  2] ia=1570, thermal , zout=65.2, eup=  256.23
     Process 2 started calculating ia=1573
                                            [WORKER  1] ia=1571, thermal , zout=65.2, eup=  256.24
     Process 1 started calculating ia=1574
                                            [WORKER  3] ia=1572, thermal , zout=65.2, eup=  256.31
     Process 3 started calculating ia=1575
                                            [WORKER  1] ia=1574, thermal , zout=65.2, eup=  256.29
     Process 1 started calculating ia=1576
                                            [WORKER  2] ia=1573, thermal , zout=65.2, eup=  256.32
     Process 2 started calculating ia=1577
                                            [WORKER  3] ia=1575, thermal , zout=65.2, eup=  256.36
     Process 3 started calculating ia=1578
                                            [WORKER  2] ia=1577, thermal , zout=65.2, eup=  255.74
                                            [WORKER  1] ia=1576, thermal , zout=65.2, eup=  255.82
     Process 2 started calculating ia=1579
     Process 1 started calculating ia=1580
                                            [WORKER  3] ia=1578, thermal , zout=65.2, eup=  254.99
     Process 3 started calculating ia=1581
                                            [WORKER  2] ia=1579, thermal , zout=65.2, eup=  254.57
     Process 2 started calculating ia=1582
                                            [WORKER  1] ia=1580, thermal , zout=65.2, eup=  251.09
     Process 1 started calculating ia=1583
                                            [WORKER  3] ia=1581, thermal , zout=65.2, eup=  249.62
     Process 3 started calculating ia=1584
                                            [WORKER  2] ia=1582, thermal , zout=65.2, eup=  241.79
     Process 2 started calculating ia=1585
                                            [WORKER  1] ia=1583, thermal , zout=65.2, eup=  239.71
     Process 1 started calculating ia=1586
                                            [WORKER  3] ia=1584, thermal , zout=65.2, eup=  238.22
     Process 3 started calculating ia=1587
                                            [WORKER  2] ia=1585, thermal , zout=65.2, eup=  237.78
     Process 2 started calculating ia=1588
                                            [WORKER  1] ia=1586, thermal , zout=65.2, eup=  236.45
     Process 1 started calculating ia=1589
                                            [WORKER  3] ia=1587, thermal , zout=65.2, eup=  236.39
     Process 3 started calculating ia=1590
                                            [WORKER  1] ia=1589, thermal , zout=65.2, eup=  237.57
     Process 1 started calculating ia=1591
                                            [WORKER  2] ia=1588, thermal , zout=65.2, eup=  236.41
     Process 2 started calculating ia=1592
                                            [WORKER  3] ia=1590, thermal , zout=65.2, eup=  238.74
     Process 3 started calculating ia=1593
                                            [WORKER  1] ia=1591, thermal , zout=65.2, eup=  239.56
     Process 1 started calculating ia=1594
                                            [WORKER  2] ia=1592, thermal , zout=65.2, eup=  242.19
     Process 2 started calculating ia=1595
                                            [WORKER  3] ia=1593, thermal , zout=65.2, eup=  245.67
     Process 3 started calculating ia=1596
                                            [WORKER  2] ia=1595, thermal , zout=65.2, eup=  248.76
     Process 2 started calculating ia=1597
                                            [WORKER  1] ia=1594, thermal , zout=65.2, eup=  247.46
     Process 1 started calculating ia=1598
                                            [WORKER  3] ia=1596, thermal , zout=65.2, eup=  239.46
     Process 3 started calculating ia=1599
                                            [WORKER  2] ia=1597, thermal , zout=65.2, eup=  239.44
     Process 2 started calculating ia=1600
                                            [WORKER  1] ia=1598, thermal , zout=65.2, eup=  238.67
     Process 1 started calculating ia=1601
                                            [WORKER  3] ia=1599, thermal , zout=65.2, eup=  239.45
     Process 3 started calculating ia=1602
                                            [WORKER  1] ia=1601, thermal , zout=65.2, eup=  240.66
     Process 1 started calculating ia=1603
                                            [WORKER  2] ia=1600, thermal , zout=65.2, eup=  237.99
     Process 2 started calculating ia=1604
                                            [WORKER  3] ia=1602, thermal , zout=65.2, eup=  238.03
     Process 3 started calculating ia=1605
                                            [WORKER  1] ia=1603, thermal , zout=65.2, eup=  238.50
     Process 1 started calculating ia=1606
                                            [WORKER  2] ia=1604, thermal , zout=65.2, eup=  238.06
     Process 2 started calculating ia=1607
                                            [WORKER  3] ia=1605, thermal , zout=65.2, eup=  239.61
     Process 3 started calculating ia=1608
                                            [WORKER  1] ia=1606, thermal , zout=65.2, eup=  241.24
     Process 1 started calculating ia=1609
                                            [WORKER  2] ia=1607, thermal , zout=65.2, eup=  243.77
     Process 2 started calculating ia=1610
                                            [WORKER  3] ia=1608, thermal , zout=65.2, eup=  239.41
     Process 3 started calculating ia=1611
                                            [WORKER  2] ia=1610, thermal , zout=65.2, eup=  238.68
     Process 2 started calculating ia=1612
                                            [WORKER  1] ia=1609, thermal , zout=65.2, eup=  240.96
     Process 1 started calculating ia=1613
                                            [WORKER  3] ia=1611, thermal , zout=65.2, eup=  236.23
     Process 3 started calculating ia=1614
                                            [WORKER  2] ia=1612, thermal , zout=65.2, eup=  233.42
     Process 2 started calculating ia=1615
                                            [WORKER  1] ia=1613, thermal , zout=65.2, eup=  230.85
     Process 1 started calculating ia=1616
                                            [WORKER  3] ia=1614, thermal , zout=65.2, eup=  233.25
     Process 3 started calculating ia=1617
                                            [WORKER  2] ia=1615, thermal , zout=65.2, eup=  235.01
     Process 2 started calculating ia=1618
                                            [WORKER  1] ia=1616, thermal , zout=65.2, eup=  236.61
     Process 1 started calculating ia=1619
                                            [WORKER  3] ia=1617, thermal , zout=65.2, eup=  239.57
     Process 3 started calculating ia=1620
                                            [WORKER  2] ia=1618, thermal , zout=65.2, eup=  242.12
     Process 2 started calculating ia=1621
                                            [WORKER  1] ia=1619, thermal , zout=65.2, eup=  243.21
     Process 1 started calculating ia=1622
                                            [WORKER  3] ia=1620, thermal , zout=65.2, eup=  240.96
     Process 3 started calculating ia=1623
                                            [WORKER  2] ia=1621, thermal , zout=65.2, eup=  232.76
     Process 2 started calculating ia=1624
                                            [WORKER  1] ia=1622, thermal , zout=65.2, eup=  238.39
     Process 1 started calculating ia=1625
                                            [WORKER  3] ia=1623, thermal , zout=65.2, eup=  238.74
     Process 3 started calculating ia=1626
                                            [WORKER  2] ia=1624, thermal , zout=65.2, eup=  237.03
     Process 2 started calculating ia=1627
                                            [WORKER  1] ia=1625, thermal , zout=65.2, eup=  239.47
     Process 1 started calculating ia=1628
                                            [WORKER  3] ia=1626, thermal , zout=65.2, eup=  246.57
     Process 3 started calculating ia=1629
                                            [WORKER  2] ia=1627, thermal , zout=65.2, eup=  247.32
     Process 2 started calculating ia=1630
                                            [WORKER  1] ia=1628, thermal , zout=65.2, eup=  242.92
     Process 1 started calculating ia=1631
                                            [WORKER  3] ia=1629, thermal , zout=65.2, eup=  243.45
     Process 3 started calculating ia=1632
                                            [WORKER  2] ia=1630, thermal , zout=65.2, eup=  239.87
     Process 2 started calculating ia=1633
                                            [WORKER  1] ia=1631, thermal , zout=65.2, eup=  235.04
     Process 1 started calculating ia=1634
                                            [WORKER  3] ia=1632, thermal , zout=65.2, eup=  236.24
     Process 3 started calculating ia=1635
                                            [WORKER  2] ia=1633, thermal , zout=65.2, eup=  235.31
     Process 2 started calculating ia=1636
                                            [WORKER  1] ia=1634, thermal , zout=65.2, eup=  234.74
     Process 1 started calculating ia=1637
                                            [WORKER  3] ia=1635, thermal , zout=65.2, eup=  235.33
     Process 3 started calculating ia=1638
                                            [WORKER  2] ia=1636, thermal , zout=65.2, eup=  237.30
     Process 2 started calculating ia=1639
                                            [WORKER  1] ia=1637, thermal , zout=65.2, eup=  237.37
     Process 1 started calculating ia=1640
                                            [WORKER  1] ia=1640, thermal , zout=65.2, eup=  235.03
     Process 1 started calculating ia=1641
                                            [WORKER  3] ia=1638, thermal , zout=65.2, eup=  236.22
     Process 3 started calculating ia=1642
                                            [WORKER  2] ia=1639, thermal , zout=65.2, eup=  236.53
     Process 2 started calculating ia=1643
                                            [WORKER  1] ia=1641, thermal , zout=65.2, eup=  236.95
     Process 1 started calculating ia=1644
                                            [WORKER  3] ia=1642, thermal , zout=65.2, eup=  214.83
     Process 3 started calculating ia=1645
                                            [WORKER  2] ia=1643, thermal , zout=65.2, eup=  184.03
     Process 2 started calculating ia=1646
                                            [WORKER  1] ia=1644, thermal , zout=65.2, eup=  179.67
     Process 1 started calculating ia=1647
                                            [WORKER  2] ia=1646, thermal , zout=65.2, eup=  186.51
     Process 2 started calculating ia=1648
                                            [WORKER  3] ia=1645, thermal , zout=65.2, eup=  179.14
     Process 3 started calculating ia=1649
                                            [WORKER  1] ia=1647, thermal , zout=65.2, eup=  195.78
     Process 1 started calculating ia=1650
                                            [WORKER  3] ia=1649, thermal , zout=65.2, eup=  200.16
     Process 3 started calculating ia=1651
                                            [WORKER  2] ia=1648, thermal , zout=65.2, eup=  205.10
     Process 2 started calculating ia=1652
                                            [WORKER  1] ia=1650, thermal , zout=65.2, eup=  203.53
     Process 1 started calculating ia=1653
                                            [WORKER  3] ia=1651, thermal , zout=65.2, eup=  205.66
     Process 3 started calculating ia=1654
                                            [WORKER  2] ia=1652, thermal , zout=65.2, eup=  209.59
     Process 2 started calculating ia=1655
                                            [WORKER  3] ia=1654, thermal , zout=65.2, eup=  239.64
     Process 3 started calculating ia=1656
                                            [WORKER  1] ia=1653, thermal , zout=65.2, eup=  228.50
     Process 1 started calculating ia=1657
                                            [WORKER  2] ia=1655, thermal , zout=65.2, eup=  244.88
     Process 2 started calculating ia=1658
                                            [WORKER  1] ia=1657, thermal , zout=65.2, eup=  246.17
     Process 1 started calculating ia=1659
                                            [WORKER  2] ia=1658, thermal , zout=65.2, eup=  247.19
     Process 2 started calculating ia=1660
                                            [WORKER  3] ia=1656, thermal , zout=65.2, eup=  245.61
     Process 3 started calculating ia=1661
                                            [WORKER  3] ia=1661, thermal , zout=65.2, eup=  244.94
     Process 3 started calculating ia=1662
                                            [WORKER  1] ia=1659, thermal , zout=65.2, eup=  246.03
     Process 1 started calculating ia=1663
                                            [WORKER  2] ia=1660, thermal , zout=65.2, eup=  245.88
     Process 2 started calculating ia=1664
                                            [WORKER  1] ia=1663, thermal , zout=65.2, eup=  244.82
     Process 1 started calculating ia=1665
                                            [WORKER  3] ia=1662, thermal , zout=65.2, eup=  245.18
     Process 3 started calculating ia=1666
                                            [WORKER  2] ia=1664, thermal , zout=65.2, eup=  243.37
     Process 2 started calculating ia=1667
                                            [WORKER  1] ia=1665, thermal , zout=65.2, eup=  239.27
     Process 1 started calculating ia=1668
                                            [WORKER  3] ia=1666, thermal , zout=65.2, eup=  238.12
     Process 3 started calculating ia=1669
                                            [WORKER  2] ia=1667, thermal , zout=65.2, eup=  236.69
     Process 2 started calculating ia=1670
                                            [WORKER  1] ia=1668, thermal , zout=65.2, eup=  233.25
     Process 1 started calculating ia=1671
                                            [WORKER  2] ia=1670, thermal , zout=65.2, eup=  204.40
     Process 2 started calculating ia=1672
                                            [WORKER  3] ia=1669, thermal , zout=65.2, eup=  229.14
     Process 3 started calculating ia=1673
                                            [WORKER  1] ia=1671, thermal , zout=65.2, eup=  201.66
     Process 1 started calculating ia=1674
                                            [WORKER  2] ia=1672, thermal , zout=65.2, eup=  200.76
     Process 2 started calculating ia=1675
                                            [WORKER  3] ia=1673, thermal , zout=65.2, eup=  187.64
     Process 3 started calculating ia=1676
                                            [WORKER  1] ia=1674, thermal , zout=65.2, eup=  190.58
     Process 1 started calculating ia=1677
                                            [WORKER  2] ia=1675, thermal , zout=65.2, eup=  188.62
     Process 2 started calculating ia=1678
                                            [WORKER  3] ia=1676, thermal , zout=65.2, eup=  185.49
     Process 3 started calculating ia=1679
                                            [WORKER  2] ia=1678, thermal , zout=65.2, eup=  166.49
     Process 2 started calculating ia=1680
                                            [WORKER  1] ia=1677, thermal , zout=65.2, eup=  179.80
     Process 1 started calculating ia=1681
                                            [WORKER  3] ia=1679, thermal , zout=65.2, eup=  168.33
     Process 3 started calculating ia=1682
                                            [WORKER  3] ia=1682, thermal , zout=65.2, eup=  187.08
     Process 3 started calculating ia=1683
                                            [WORKER  2] ia=1680, thermal , zout=65.2, eup=  179.76
     Process 2 started calculating ia=1684
                                            [WORKER  1] ia=1681, thermal , zout=65.2, eup=  185.94
     Process 1 started calculating ia=1685
                                            [WORKER  1] ia=1685, thermal , zout=65.2, eup=  182.51
     Process 1 started calculating ia=1686
                                            [WORKER  2] ia=1684, thermal , zout=65.2, eup=  175.26
     Process 2 started calculating ia=1687
                                            [WORKER  3] ia=1683, thermal , zout=65.2, eup=  176.78
     Process 3 started calculating ia=1688
                                            [WORKER  1] ia=1686, thermal , zout=65.2, eup=  187.62
     Process 1 started calculating ia=1689
                                            [WORKER  2] ia=1687, thermal , zout=65.2, eup=  191.48
     Process 2 started calculating ia=1690
                                            [WORKER  3] ia=1688, thermal , zout=65.2, eup=  187.98
     Process 3 started calculating ia=1691
                                            [WORKER  1] ia=1689, thermal , zout=65.2, eup=  185.73
     Process 1 started calculating ia=1692
                                            [WORKER  3] ia=1691, thermal , zout=65.2, eup=  214.75
     Process 3 started calculating ia=1693
                                            [WORKER  2] ia=1690, thermal , zout=65.2, eup=  199.39
     Process 2 started calculating ia=1694
                                            [WORKER  1] ia=1692, thermal , zout=65.2, eup=  213.88
     Process 1 started calculating ia=1695
                                            [WORKER  3] ia=1693, thermal , zout=65.2, eup=  198.77
     Process 3 started calculating ia=1696
                                            [WORKER  2] ia=1694, thermal , zout=65.2, eup=  209.36
     Process 2 started calculating ia=1697
                                            [WORKER  1] ia=1695, thermal , zout=65.2, eup=  219.74
     Process 1 started calculating ia=1698
                                            [WORKER  3] ia=1696, thermal , zout=65.2, eup=  216.79
     Process 3 started calculating ia=1699
                                            [WORKER  2] ia=1697, thermal , zout=65.2, eup=  228.57
     Process 2 started calculating ia=1700
                                            [WORKER  1] ia=1698, thermal , zout=65.2, eup=  238.79
     Process 1 started calculating ia=1701
                                            [WORKER  3] ia=1699, thermal , zout=65.2, eup=  230.22
     Process 3 started calculating ia=1702
                                            [WORKER  2] ia=1700, thermal , zout=65.2, eup=  220.90
     Process 2 started calculating ia=1703
                                            [WORKER  1] ia=1701, thermal , zout=65.2, eup=  210.97
     Process 1 started calculating ia=1704
                                            [WORKER  3] ia=1702, thermal , zout=65.2, eup=  229.40
     Process 3 started calculating ia=1705
                                            [WORKER  2] ia=1703, thermal , zout=65.2, eup=  225.04
     Process 2 started calculating ia=1706
                                            [WORKER  1] ia=1704, thermal , zout=65.2, eup=  209.48
     Process 1 started calculating ia=1707
                                            [WORKER  2] ia=1706, thermal , zout=65.2, eup=  218.41
     Process 2 started calculating ia=1708
                                            [WORKER  3] ia=1705, thermal , zout=65.2, eup=  208.41
     Process 3 started calculating ia=1709
                                            [WORKER  1] ia=1707, thermal , zout=65.2, eup=  224.98
     Process 1 started calculating ia=1710
                                            [WORKER  2] ia=1708, thermal , zout=65.2, eup=  224.84
     Process 2 started calculating ia=1711
                                            [WORKER  3] ia=1709, thermal , zout=65.2, eup=  223.69
     Process 3 started calculating ia=1712
                                            [WORKER  1] ia=1710, thermal , zout=65.2, eup=  228.40
     Process 1 started calculating ia=1713
                                            [WORKER  3] ia=1712, thermal , zout=65.2, eup=  240.04
     Process 3 started calculating ia=1714
                                            [WORKER  2] ia=1711, thermal , zout=65.2, eup=  234.95
     Process 2 started calculating ia=1715
                                            [WORKER  1] ia=1713, thermal , zout=65.2, eup=  240.74
     Process 1 started calculating ia=1716
                                            [WORKER  3] ia=1714, thermal , zout=65.2, eup=  241.05
     Process 3 started calculating ia=1717
                                            [WORKER  2] ia=1715, thermal , zout=65.2, eup=  238.62
     Process 2 started calculating ia=1718
                                            [WORKER  1] ia=1716, thermal , zout=65.2, eup=  239.11
     Process 1 started calculating ia=1719
                                            [WORKER  3] ia=1717, thermal , zout=65.2, eup=  240.17
     Process 3 started calculating ia=1720
                                            [WORKER  2] ia=1718, thermal , zout=65.2, eup=  239.06
     Process 2 started calculating ia=1721
                                            [WORKER  1] ia=1719, thermal , zout=65.2, eup=  240.82
     Process 1 started calculating ia=1722
                                            [WORKER  3] ia=1720, thermal , zout=65.2, eup=  241.89
     Process 3 started calculating ia=1723
                                            [WORKER  2] ia=1721, thermal , zout=65.2, eup=  241.95
     Process 2 started calculating ia=1724
                                            [WORKER  1] ia=1722, thermal , zout=65.2, eup=  239.27
     Process 1 started calculating ia=1725
                                            [WORKER  3] ia=1723, thermal , zout=65.2, eup=  239.90
     Process 3 started calculating ia=1726
                                            [WORKER  2] ia=1724, thermal , zout=65.2, eup=  239.04
     Process 2 started calculating ia=1727
                                            [WORKER  1] ia=1725, thermal , zout=65.2, eup=  235.69
     Process 1 started calculating ia=1728
                                            [WORKER  3] ia=1726, thermal , zout=65.2, eup=  223.55
     Process 3 started calculating ia=1729
                                            [WORKER  2] ia=1727, thermal , zout=65.2, eup=  212.68
     Process 2 started calculating ia=1730
                                            [WORKER  1] ia=1728, thermal , zout=65.2, eup=  213.02
     Process 1 started calculating ia=1731
                                            [WORKER  3] ia=1729, thermal , zout=65.2, eup=  214.95
     Process 3 started calculating ia=1732
                                            [WORKER  2] ia=1730, thermal , zout=65.2, eup=  215.38
     Process 2 started calculating ia=1733
                                            [WORKER  1] ia=1731, thermal , zout=65.2, eup=  219.82
     Process 1 started calculating ia=1734
                                            [WORKER  3] ia=1732, thermal , zout=65.2, eup=  228.58
     Process 3 started calculating ia=1735
                                            [WORKER  2] ia=1733, thermal , zout=65.2, eup=  235.35
     Process 2 started calculating ia=1736
                                            [WORKER  1] ia=1734, thermal , zout=65.2, eup=  238.99
     Process 1 started calculating ia=1737
                                            [WORKER  3] ia=1735, thermal , zout=65.2, eup=  248.88
     Process 3 started calculating ia=1738
                                            [WORKER  2] ia=1736, thermal , zout=65.2, eup=  249.08
     Process 2 started calculating ia=1739
                                            [WORKER  1] ia=1737, thermal , zout=65.2, eup=  247.10
     Process 1 started calculating ia=1740
                                            [WORKER  3] ia=1738, thermal , zout=65.2, eup=  247.81
     Process 3 started calculating ia=1741
                                            [WORKER  2] ia=1739, thermal , zout=65.2, eup=  246.61
     Process 2 started calculating ia=1742
                                            [WORKER  1] ia=1740, thermal , zout=65.2, eup=  240.76
     Process 1 started calculating ia=1743
                                            [WORKER  2] ia=1742, thermal , zout=65.2, eup=  249.86
     Process 2 started calculating ia=1744
                                            [WORKER  3] ia=1741, thermal , zout=65.2, eup=  248.63
     Process 3 started calculating ia=1745
                                            [WORKER  1] ia=1743, thermal , zout=65.2, eup=  243.83
     Process 1 started calculating ia=1746
                                            [WORKER  3] ia=1745, thermal , zout=65.2, eup=  244.86
     Process 3 started calculating ia=1747
                                            [WORKER  2] ia=1744, thermal , zout=65.2, eup=  246.52
     Process 2 started calculating ia=1748
                                            [WORKER  1] ia=1746, thermal , zout=65.2, eup=  245.77
     Process 1 started calculating ia=1749
                                            [WORKER  3] ia=1747, thermal , zout=65.2, eup=  246.43
     Process 3 started calculating ia=1750
                                            [WORKER  2] ia=1748, thermal , zout=65.2, eup=  247.30
     Process 2 started calculating ia=1751
                                            [WORKER  1] ia=1749, thermal , zout=65.2, eup=  247.90
     Process 1 started calculating ia=1752
                                            [WORKER  3] ia=1750, thermal , zout=65.2, eup=  249.10
     Process 3 started calculating ia=1753
                                            [WORKER  2] ia=1751, thermal , zout=65.2, eup=  251.22
     Process 2 started calculating ia=1754
                                            [WORKER  1] ia=1752, thermal , zout=65.2, eup=  252.29
     Process 1 started calculating ia=1755
                                            [WORKER  3] ia=1753, thermal , zout=65.2, eup=  251.78
     Process 3 started calculating ia=1756
                                            [WORKER  2] ia=1754, thermal , zout=65.2, eup=  249.43
     Process 2 started calculating ia=1757
                                            [WORKER  1] ia=1755, thermal , zout=65.2, eup=  244.38
     Process 1 started calculating ia=1758
                                            [WORKER  3] ia=1756, thermal , zout=65.2, eup=  238.66
     Process 3 started calculating ia=1759
                                            [WORKER  2] ia=1757, thermal , zout=65.2, eup=  250.57
     Process 2 started calculating ia=1760
                                            [WORKER  1] ia=1758, thermal , zout=65.2, eup=  248.96
     Process 1 started calculating ia=1761
                                            [WORKER  2] ia=1760, thermal , zout=65.2, eup=  246.92
     Process 2 started calculating ia=1762
                                            [WORKER  3] ia=1759, thermal , zout=65.2, eup=  249.16
     Process 3 started calculating ia=1763
                                            [WORKER  1] ia=1761, thermal , zout=65.2, eup=  247.90
     Process 1 started calculating ia=1764
                                            [WORKER  1] ia=1764, thermal , zout=65.2, eup=  247.97
                                            [WORKER  3] ia=1763, thermal , zout=65.2, eup=  248.97
                                            [WORKER  2] ia=1762, thermal , zout=65.2, eup=  249.06
     Process 1 started calculating ia=1765
     Process 2 started calculating ia=1766
     Process 3 started calculating ia=1767
                                            [WORKER  3] ia=1767, thermal , zout=65.2, eup=  243.29
     Process 3 started calculating ia=1768
                                            [WORKER  2] ia=1766, thermal , zout=65.2, eup=  246.47
     Process 2 started calculating ia=1769
                                            [WORKER  1] ia=1765, thermal , zout=65.2, eup=  248.26
     Process 1 started calculating ia=1770
                                            [WORKER  2] ia=1769, thermal , zout=65.2, eup=  247.23
     Process 2 started calculating ia=1771
                                            [WORKER  1] ia=1770, thermal , zout=65.2, eup=  245.60
     Process 1 started calculating ia=1772
                                            [WORKER  3] ia=1768, thermal , zout=65.2, eup=  247.13
     Process 3 started calculating ia=1773
                                            [WORKER  2] ia=1771, thermal , zout=65.2, eup=  245.75
     Process 2 started calculating ia=1774
                                            [WORKER  3] ia=1773, thermal , zout=65.2, eup=  247.78
     Process 3 started calculating ia=1775
                                            [WORKER  1] ia=1772, thermal , zout=65.2, eup=  246.77
     Process 1 started calculating ia=1776
                                            [WORKER  3] ia=1775, thermal , zout=65.2, eup=  247.38
     Process 3 started calculating ia=1777
                                            [WORKER  2] ia=1774, thermal , zout=65.2, eup=  246.95
     Process 2 started calculating ia=1778
                                            [WORKER  1] ia=1776, thermal , zout=65.2, eup=  245.79
     Process 1 started calculating ia=1779
                                            [WORKER  1] ia=1779, thermal , zout=65.2, eup=  243.14
     Process 1 started calculating ia=1780
                                            [WORKER  2] ia=1778, thermal , zout=65.2, eup=  235.12
     Process 2 started calculating ia=1781
                                            [WORKER  3] ia=1777, thermal , zout=65.2, eup=  236.12
     Process 3 started calculating ia=1782
                                            [WORKER  2] ia=1781, thermal , zout=65.2, eup=  243.39
     Process 2 started calculating ia=1783
                                            [WORKER  1] ia=1780, thermal , zout=65.2, eup=  242.91
     Process 1 started calculating ia=1784
                                            [WORKER  3] ia=1782, thermal , zout=65.2, eup=  244.27
     Process 3 started calculating ia=1785
                                            [WORKER  3] ia=1785, thermal , zout=65.2, eup=  244.88
     Process 3 started calculating ia=1786
                                            [WORKER  2] ia=1783, thermal , zout=65.2, eup=  244.00
     Process 2 started calculating ia=1787
                                            [WORKER  1] ia=1784, thermal , zout=65.2, eup=  245.00
     Process 1 started calculating ia=1788
                                            [WORKER  1] ia=1788, thermal , zout=65.2, eup=  243.93
     Process 1 started calculating ia=1789
                                            [WORKER  3] ia=1786, thermal , zout=65.2, eup=  244.61
     Process 3 started calculating ia=1790
                                            [WORKER  2] ia=1787, thermal , zout=65.2, eup=  243.50
     Process 2 started calculating ia=1791
                                            [WORKER  3] ia=1790, thermal , zout=65.2, eup=  244.12
     Process 3 started calculating ia=1792
                                            [WORKER  2] ia=1791, thermal , zout=65.2, eup=  243.21
     Process 2 started calculating ia=1793
                                            [WORKER  1] ia=1789, thermal , zout=65.2, eup=  243.83
     Process 1 started calculating ia=1794
                                            [WORKER  3] ia=1792, thermal , zout=65.2, eup=  243.26
     Process 3 started calculating ia=1795
                                            [WORKER  2] ia=1793, thermal , zout=65.2, eup=  243.26
     Process 2 started calculating ia=1796
                                            [WORKER  1] ia=1794, thermal , zout=65.2, eup=  242.61
     Process 1 started calculating ia=1797
                                            [WORKER  3] ia=1795, thermal , zout=65.2, eup=  242.06
     Process 3 started calculating ia=1798
                                            [WORKER  1] ia=1797, thermal , zout=65.2, eup=  241.85
     Process 1 started calculating ia=1799
                                            [WORKER  2] ia=1796, thermal , zout=65.2, eup=  240.98
     Process 2 started calculating ia=1800
                                            [WORKER  1] ia=1799, thermal , zout=65.2, eup=  243.48
     Process 1 started calculating ia=1801
                                            [WORKER  3] ia=1798, thermal , zout=65.2, eup=  242.92
     Process 3 started calculating ia=1802
                                            [WORKER  2] ia=1800, thermal , zout=65.2, eup=  242.06
     Process 2 started calculating ia=1803
                                            [WORKER  1] ia=1801, thermal , zout=65.2, eup=  243.15
     Process 1 started calculating ia=1804
                                            [WORKER  3] ia=1802, thermal , zout=65.2, eup=  242.43
     Process 3 started calculating ia=1805
                                            [WORKER  2] ia=1803, thermal , zout=65.2, eup=  245.10
     Process 2 started calculating ia=1806
                                            [WORKER  1] ia=1804, thermal , zout=65.2, eup=  244.10
     Process 1 started calculating ia=1807
                                            [WORKER  3] ia=1805, thermal , zout=65.2, eup=  243.08
     Process 3 started calculating ia=1808
                                            [WORKER  2] ia=1806, thermal , zout=65.2, eup=  243.04
     Process 2 started calculating ia=1809
                                            [WORKER  1] ia=1807, thermal , zout=65.2, eup=  243.07
     Process 1 started calculating ia=1810
                                            [WORKER  2] ia=1809, thermal , zout=65.2, eup=  243.57
     Process 2 started calculating ia=1811
                                            [WORKER  3] ia=1808, thermal , zout=65.2, eup=  243.33
     Process 3 started calculating ia=1812
                                            [WORKER  1] ia=1810, thermal , zout=65.2, eup=  242.83
     Process 1 started calculating ia=1813
                                            [WORKER  2] ia=1811, thermal , zout=65.2, eup=  242.99
     Process 2 started calculating ia=1814
                                            [WORKER  3] ia=1812, thermal , zout=65.2, eup=  242.67
     Process 3 started calculating ia=1815
                                            [WORKER  3] ia=1815, thermal , zout=65.2, eup=  246.54
     Process 3 started calculating ia=1816
                                            [WORKER  2] ia=1814, thermal , zout=65.2, eup=  245.38
     Process 2 started calculating ia=1817
                                            [WORKER  1] ia=1813, thermal , zout=65.2, eup=  244.54
     Process 1 started calculating ia=1818
                                            [WORKER  3] ia=1816, thermal , zout=65.2, eup=  246.64
     Process 3 started calculating ia=1819
                                            [WORKER  2] ia=1817, thermal , zout=65.2, eup=  242.65
     Process 2 started calculating ia=1820
                                            [WORKER  1] ia=1818, thermal , zout=65.2, eup=  241.95
     Process 1 started calculating ia=1821
                                            [WORKER  1] ia=1821, thermal , zout=65.2, eup=  246.46
     Process 1 started calculating ia=1822
                                            [WORKER  3] ia=1819, thermal , zout=65.2, eup=  242.60
     Process 3 started calculating ia=1823
                                            [WORKER  2] ia=1820, thermal , zout=65.2, eup=  246.64
     Process 2 started calculating ia=1824
                                            [WORKER  2] ia=1824, thermal , zout=65.2, eup=  238.45
     Process 2 started calculating ia=1825
                                            [WORKER  1] ia=1822, thermal , zout=65.2, eup=  242.23
     Process 1 started calculating ia=1826
                                            [WORKER  3] ia=1823, thermal , zout=65.2, eup=  240.39
     Process 3 started calculating ia=1827
                                            [WORKER  3] ia=1827, thermal , zout=65.2, eup=  243.84
     Process 3 started calculating ia=1828
                                            [WORKER  1] ia=1826, thermal , zout=65.2, eup=  239.07
     Process 1 started calculating ia=1829
                                            [WORKER  2] ia=1825, thermal , zout=65.2, eup=  238.99
     Process 2 started calculating ia=1830
                                            [WORKER  3] ia=1828, thermal , zout=65.2, eup=  240.75
     Process 3 started calculating ia=1831
                                            [WORKER  1] ia=1829, thermal , zout=65.2, eup=  243.22
                                            [WORKER  2] ia=1830, thermal , zout=65.2, eup=  244.01
     Process 1 started calculating ia=1833
     Process 2 started calculating ia=1832
                                            [WORKER  1] ia=1833, thermal , zout=65.2, eup=  240.53
     Process 1 started calculating ia=1834
                                            [WORKER  2] ia=1832, thermal , zout=65.2, eup=  241.28
     Process 2 started calculating ia=1835
                                            [WORKER  3] ia=1831, thermal , zout=65.2, eup=  242.02
     Process 3 started calculating ia=1836
                                            [WORKER  1] ia=1834, thermal , zout=65.2, eup=  242.21
     Process 1 started calculating ia=1837
                                            [WORKER  3] ia=1836, thermal , zout=65.2, eup=  246.40
     Process 3 started calculating ia=1838
                                            [WORKER  2] ia=1835, thermal , zout=65.2, eup=  245.66
     Process 2 started calculating ia=1839
                                            [WORKER  1] ia=1837, thermal , zout=65.2, eup=  244.70
     Process 1 started calculating ia=1840
                                            [WORKER  2] ia=1839, thermal , zout=65.2, eup=  245.83
     Process 2 started calculating ia=1841
                                            [WORKER  3] ia=1838, thermal , zout=65.2, eup=  244.82
     Process 3 started calculating ia=1842
                                            [WORKER  3] ia=1842, thermal , zout=65.2, eup=  247.74
     Process 3 started calculating ia=1843
                                            [WORKER  2] ia=1841, thermal , zout=65.2, eup=  247.02
     Process 2 started calculating ia=1844
                                            [WORKER  1] ia=1840, thermal , zout=65.2, eup=  245.60
     Process 1 started calculating ia=1845
                                            [WORKER  3] ia=1843, thermal , zout=65.2, eup=  245.49
     Process 3 started calculating ia=1846
                                            [WORKER  2] ia=1844, thermal , zout=65.2, eup=  241.05
     Process 2 started calculating ia=1847
                                            [WORKER  1] ia=1845, thermal , zout=65.2, eup=  241.13
     Process 1 started calculating ia=1848
                                            [WORKER  1] ia=1848, thermal , zout=65.2, eup=  236.93
     Process 1 started calculating ia=1849
                                            [WORKER  2] ia=1847, thermal , zout=65.2, eup=  239.07
     Process 2 started calculating ia=1850
                                            [WORKER  3] ia=1846, thermal , zout=65.2, eup=  239.77
     Process 3 started calculating ia=1851
                                            [WORKER  1] ia=1849, thermal , zout=65.2, eup=  237.75
     Process 1 started calculating ia=1852
                                            [WORKER  3] ia=1851, thermal , zout=65.2, eup=  237.58
     Process 3 started calculating ia=1853
                                            [WORKER  2] ia=1850, thermal , zout=65.2, eup=  237.12
     Process 2 started calculating ia=1854
                                            [WORKER  1] ia=1852, thermal , zout=65.2, eup=  235.07
     Process 1 started calculating ia=1855
                                            [WORKER  3] ia=1853, thermal , zout=65.2, eup=  235.38
     Process 3 started calculating ia=1856
                                            [WORKER  2] ia=1854, thermal , zout=65.2, eup=  235.27
     Process 2 started calculating ia=1857
                                            [WORKER  3] ia=1856, thermal , zout=65.2, eup=  235.30
     Process 3 started calculating ia=1858
                                            [WORKER  2] ia=1857, thermal , zout=65.2, eup=  233.84
     Process 2 started calculating ia=1859
                                            [WORKER  1] ia=1855, thermal , zout=65.2, eup=  233.36
     Process 1 started calculating ia=1860
                                            [WORKER  3] ia=1858, thermal , zout=65.2, eup=  233.02
     Process 3 started calculating ia=1861
                                            [WORKER  2] ia=1859, thermal , zout=65.2, eup=  232.97
     Process 2 started calculating ia=1862
                                            [WORKER  1] ia=1860, thermal , zout=65.2, eup=  233.28
     Process 1 started calculating ia=1863
                                            [WORKER  3] ia=1861, thermal , zout=65.2, eup=  234.00
     Process 3 started calculating ia=1864
                                            [WORKER  2] ia=1862, thermal , zout=65.2, eup=  234.10
     Process 2 started calculating ia=1865
                                            [WORKER  1] ia=1863, thermal , zout=65.2, eup=  233.03
     Process 1 started calculating ia=1866
                                            [WORKER  3] ia=1864, thermal , zout=65.2, eup=  232.79
     Process 3 started calculating ia=1867
                                            [WORKER  2] ia=1865, thermal , zout=65.2, eup=  232.58
     Process 2 started calculating ia=1868
                                            [WORKER  1] ia=1866, thermal , zout=65.2, eup=  232.80
     Process 1 started calculating ia=1869
                                            [WORKER  2] ia=1868, thermal , zout=65.2, eup=  233.69
     Process 2 started calculating ia=1870
                                            [WORKER  3] ia=1867, thermal , zout=65.2, eup=  232.95
     Process 3 started calculating ia=1871
                                            [WORKER  1] ia=1869, thermal , zout=65.2, eup=  233.05
     Process 1 started calculating ia=1872
                                            [WORKER  2] ia=1870, thermal , zout=65.2, eup=  233.04
     Process 2 started calculating ia=1873
                                            [WORKER  3] ia=1871, thermal , zout=65.2, eup=  232.99
     Process 3 started calculating ia=1874
                                            [WORKER  1] ia=1872, thermal , zout=65.2, eup=  233.37
     Process 1 started calculating ia=1875
                                            [WORKER  1] ia=1875, thermal , zout=65.2, eup=  233.25
     Process 1 started calculating ia=1876
                                            [WORKER  3] ia=1874, thermal , zout=65.2, eup=  233.30
     Process 3 started calculating ia=1877
                                            [WORKER  2] ia=1873, thermal , zout=65.2, eup=  233.47
     Process 2 started calculating ia=1878
                                            [WORKER  1] ia=1876, thermal , zout=65.2, eup=  233.28
     Process 1 started calculating ia=1879
                                            [WORKER  3] ia=1877, thermal , zout=65.2, eup=  233.31
     Process 3 started calculating ia=1880
                                            [WORKER  2] ia=1878, thermal , zout=65.2, eup=  233.35
     Process 2 started calculating ia=1881
                                            [WORKER  1] ia=1879, thermal , zout=65.2, eup=  237.43
     Process 1 started calculating ia=1882
                                            [WORKER  3] ia=1880, thermal , zout=65.2, eup=  231.42
     Process 3 started calculating ia=1883
                                            [WORKER  2] ia=1881, thermal , zout=65.2, eup=  233.45
     Process 2 started calculating ia=1884
                                            [WORKER  2] ia=1884, thermal , zout=65.2, eup=  234.37
     Process 2 started calculating ia=1885
                                            [WORKER  1] ia=1882, thermal , zout=65.2, eup=  235.11
     Process 1 started calculating ia=1886
                                            [WORKER  3] ia=1883, thermal , zout=65.2, eup=  234.50
     Process 3 started calculating ia=1887
                                            [WORKER  2] ia=1885, thermal , zout=65.2, eup=  234.74
     Process 2 started calculating ia=1888
                                            [WORKER  3] ia=1887, thermal , zout=65.2, eup=  234.27
     Process 3 started calculating ia=1889
                                            [WORKER  1] ia=1886, thermal , zout=65.2, eup=  234.24
     Process 1 started calculating ia=1890
                                            [WORKER  3] ia=1889, thermal , zout=65.2, eup=  234.84
     Process 3 started calculating ia=1891
                                            [WORKER  2] ia=1888, thermal , zout=65.2, eup=  234.23
     Process 2 started calculating ia=1892
                                            [WORKER  1] ia=1890, thermal , zout=65.2, eup=  234.84
     Process 1 started calculating ia=1893
                                            [WORKER  1] ia=1893, thermal , zout=65.2, eup=  234.70
     Process 1 started calculating ia=1894
                                            [WORKER  2] ia=1892, thermal , zout=65.2, eup=  234.71
     Process 2 started calculating ia=1895
                                            [WORKER  3] ia=1891, thermal , zout=65.2, eup=  234.72
     Process 3 started calculating ia=1896
                                            [WORKER  1] ia=1894, thermal , zout=65.2, eup=  235.35
                                            [WORKER  3] ia=1896, thermal , zout=65.2, eup=  235.15
     Process 3 started calculating ia=1897
     Process 1 started calculating ia=1898
                                            [WORKER  2] ia=1895, thermal , zout=65.2, eup=  235.16
     Process 2 started calculating ia=1899
                                            [WORKER  3] ia=1897, thermal , zout=65.2, eup=  234.54
     Process 3 started calculating ia=1900
                                            [WORKER  2] ia=1899, thermal , zout=65.2, eup=  235.58
     Process 2 started calculating ia=1901
                                            [WORKER  1] ia=1898, thermal , zout=65.2, eup=  236.40
     Process 1 started calculating ia=1902
                                            [WORKER  3] ia=1900, thermal , zout=65.2, eup=  236.55
     Process 3 started calculating ia=1903
                                            [WORKER  2] ia=1901, thermal , zout=65.2, eup=  237.29
     Process 2 started calculating ia=1904
                                            [WORKER  1] ia=1902, thermal , zout=65.2, eup=  235.59
     Process 1 started calculating ia=1905
                                            [WORKER  3] ia=1903, thermal , zout=65.2, eup=  234.24
     Process 3 started calculating ia=1906
                                            [WORKER  1] ia=1905, thermal , zout=65.2, eup=  232.50
     Process 1 started calculating ia=1907
                                            [WORKER  2] ia=1904, thermal , zout=65.2, eup=  236.03
     Process 2 started calculating ia=1908
                                            [WORKER  3] ia=1906, thermal , zout=65.2, eup=  234.32
     Process 3 started calculating ia=1909
                                            [WORKER  1] ia=1907, thermal , zout=65.2, eup=  233.77
     Process 1 started calculating ia=1910
                                            [WORKER  2] ia=1908, thermal , zout=65.2, eup=  233.03
     Process 2 started calculating ia=1911
                                            [WORKER  2] ia=1911, thermal , zout=65.2, eup=  232.06
     Process 2 started calculating ia=1912
                                            [WORKER  3] ia=1909, thermal , zout=65.2, eup=  228.60
     Process 3 started calculating ia=1913
                                            [WORKER  1] ia=1910, thermal , zout=65.2, eup=  232.49
     Process 1 started calculating ia=1914
                                            [WORKER  3] ia=1913, thermal , zout=65.2, eup=  231.90
     Process 3 started calculating ia=1915
                                            [WORKER  2] ia=1912, thermal , zout=65.2, eup=  232.84
     Process 2 started calculating ia=1916
                                            [WORKER  1] ia=1914, thermal , zout=65.2, eup=  231.57
     Process 1 started calculating ia=1917
                                            [WORKER  2] ia=1916, thermal , zout=65.2, eup=  229.60
     Process 2 started calculating ia=1918
                                            [WORKER  3] ia=1915, thermal , zout=65.2, eup=  228.52
     Process 3 started calculating ia=1919
                                            [WORKER  1] ia=1917, thermal , zout=65.2, eup=  231.80
     Process 1 started calculating ia=1920
                                            [WORKER  1] ia=1920, thermal , zout=65.2, eup=  232.56
     Process 1 started calculating ia=1921
                                            [WORKER  3] ia=1919, thermal , zout=65.2, eup=  231.96
     Process 3 started calculating ia=1922
                                            [WORKER  2] ia=1918, thermal , zout=65.2, eup=  231.97
     Process 2 started calculating ia=1923
                                            [WORKER  1] ia=1921, thermal , zout=65.2, eup=  229.26
     Process 1 started calculating ia=1924
                                            [WORKER  3] ia=1922, thermal , zout=65.2, eup=  231.79
     Process 3 started calculating ia=1925
                                            [WORKER  2] ia=1923, thermal , zout=65.2, eup=  222.39
     Process 2 started calculating ia=1926
                                            [WORKER  1] ia=1924, thermal , zout=65.2, eup=  230.94
     Process 1 started calculating ia=1927
                                            [WORKER  3] ia=1925, thermal , zout=65.2, eup=  231.14
     Process 3 started calculating ia=1928
                                            [WORKER  2] ia=1926, thermal , zout=65.2, eup=  230.38
     Process 2 started calculating ia=1929
                                            [WORKER  1] ia=1927, thermal , zout=65.2, eup=  230.61
     Process 1 started calculating ia=1930
                                            [WORKER  3] ia=1928, thermal , zout=65.2, eup=  230.79
     Process 3 started calculating ia=1931
                                            [WORKER  2] ia=1929, thermal , zout=65.2, eup=  230.61
     Process 2 started calculating ia=1932
                                            [WORKER  1] ia=1930, thermal , zout=65.2, eup=  230.63
     Process 1 started calculating ia=1933
                                            [WORKER  3] ia=1931, thermal , zout=65.2, eup=  231.53
     Process 3 started calculating ia=1934
                                            [WORKER  2] ia=1932, thermal , zout=65.2, eup=  231.29
     Process 2 started calculating ia=1935
                                            [WORKER  1] ia=1933, thermal , zout=65.2, eup=  231.03
     Process 1 started calculating ia=1936
                                            [WORKER  3] ia=1934, thermal , zout=65.2, eup=  231.92
     Process 3 started calculating ia=1937
                                            [WORKER  2] ia=1935, thermal , zout=65.2, eup=  232.10
     Process 2 started calculating ia=1938
                                            [WORKER  1] ia=1936, thermal , zout=65.2, eup=  232.35
     Process 1 started calculating ia=1939
                                            [WORKER  3] ia=1937, thermal , zout=65.2, eup=  232.68
     Process 3 started calculating ia=1940
                                            [WORKER  2] ia=1938, thermal , zout=65.2, eup=  233.07
     Process 2 started calculating ia=1941
                                            [WORKER  1] ia=1939, thermal , zout=65.2, eup=  233.39
     Process 1 started calculating ia=1942
                                            [WORKER  3] ia=1940, thermal , zout=65.2, eup=  233.70
     Process 3 started calculating ia=1943
                                            [WORKER  2] ia=1941, thermal , zout=65.2, eup=  235.13
     Process 2 started calculating ia=1944
                                            [WORKER  1] ia=1942, thermal , zout=65.2, eup=  233.37
     Process 1 started calculating ia=1945
                                            [WORKER  3] ia=1943, thermal , zout=65.2, eup=  234.41
     Process 3 started calculating ia=1946
                                            [WORKER  2] ia=1944, thermal , zout=65.2, eup=  233.77
     Process 2 started calculating ia=1947
                                            [WORKER  1] ia=1945, thermal , zout=65.2, eup=  233.47
     Process 1 started calculating ia=1948
                                            [WORKER  2] ia=1947, thermal , zout=65.2, eup=  233.28
                                            [WORKER  3] ia=1946, thermal , zout=65.2, eup=  233.64
     Process 3 started calculating ia=1949
     Process 2 started calculating ia=1950
                                            [WORKER  3] ia=1949, thermal , zout=65.2, eup=  233.95
     Process 3 started calculating ia=1951
                                            [WORKER  1] ia=1948, thermal , zout=65.2, eup=  233.86
     Process 1 started calculating ia=1952
                                            [WORKER  2] ia=1950, thermal , zout=65.2, eup=  233.72
     Process 2 started calculating ia=1953
                                            [WORKER  2] ia=1953, thermal , zout=65.2, eup=  234.07
     Process 2 started calculating ia=1954
                                            [WORKER  3] ia=1951, thermal , zout=65.2, eup=  234.03
     Process 3 started calculating ia=1955
                                            [WORKER  1] ia=1952, thermal , zout=65.2, eup=  234.06
     Process 1 started calculating ia=1956
                                            [WORKER  3] ia=1955, thermal , zout=65.2, eup=  234.74
     Process 3 started calculating ia=1957
                                            [WORKER  2] ia=1954, thermal , zout=65.2, eup=  234.29
                                            [WORKER  1] ia=1956, thermal , zout=65.2, eup=  235.21
     Process 2 started calculating ia=1958
     Process 1 started calculating ia=1959
                                            [WORKER  1] ia=1959, thermal , zout=65.2, eup=  234.44
                                            [WORKER  2] ia=1958, thermal , zout=65.2, eup=  234.95
     Process 1 started calculating ia=1960
     Process 2 started calculating ia=1961
                                            [WORKER  3] ia=1957, thermal , zout=65.2, eup=  235.08
     Process 3 started calculating ia=1962
                                            [WORKER  2] ia=1961, thermal , zout=65.2, eup=  234.27
     Process 2 started calculating ia=1963
                                            [WORKER  3] ia=1962, thermal , zout=65.2, eup=  234.24
     Process 3 started calculating ia=1964
                                            [WORKER  1] ia=1960, thermal , zout=65.2, eup=  234.66
     Process 1 started calculating ia=1965
                                            [WORKER  2] ia=1963, thermal , zout=65.2, eup=  233.47
     Process 2 started calculating ia=1966
                                            [WORKER  3] ia=1964, thermal , zout=65.2, eup=  229.83
     Process 3 started calculating ia=1967
                                            [WORKER  1] ia=1965, thermal , zout=65.2, eup=  231.92
     Process 1 started calculating ia=1968
                                            [WORKER  3] ia=1967, thermal , zout=65.2, eup=  234.70
     Process 3 started calculating ia=1969
                                            [WORKER  2] ia=1966, thermal , zout=65.2, eup=  232.45
     Process 2 started calculating ia=1970
                                            [WORKER  1] ia=1968, thermal , zout=65.2, eup=  236.49
     Process 1 started calculating ia=1971
                                            [WORKER  2] ia=1970, thermal , zout=65.2, eup=  232.72
     Process 2 started calculating ia=1972
                                            [WORKER  1] ia=1971, thermal , zout=65.2, eup=  235.83
     Process 1 started calculating ia=1973
                                            [WORKER  3] ia=1969, thermal , zout=65.2, eup=  235.31
     Process 3 started calculating ia=1974
                                            [WORKER  2] ia=1972, thermal , zout=65.2, eup=  231.90
     Process 2 started calculating ia=1975
                                            [WORKER  1] ia=1973, thermal , zout=65.2, eup=  233.34
     Process 1 started calculating ia=1976
                                            [WORKER  3] ia=1974, thermal , zout=65.2, eup=  235.39
     Process 3 started calculating ia=1977
                                            [WORKER  2] ia=1975, thermal , zout=65.2, eup=  235.04
     Process 2 started calculating ia=1978
                                            [WORKER  1] ia=1976, thermal , zout=65.2, eup=  234.47
     Process 1 started calculating ia=1979
                                            [WORKER  3] ia=1977, thermal , zout=65.2, eup=  232.11
     Process 3 started calculating ia=1980
                                            [WORKER  2] ia=1978, thermal , zout=65.2, eup=  233.37
     Process 2 started calculating ia=1981
                                            [WORKER  3] ia=1980, thermal , zout=65.2, eup=  234.28
     Process 3 started calculating ia=1982
                                            [WORKER  1] ia=1979, thermal , zout=65.2, eup=  232.66
     Process 1 started calculating ia=1983
                                            [WORKER  2] ia=1981, thermal , zout=65.2, eup=  234.18
     Process 2 started calculating ia=1984
                                            [WORKER  3] ia=1982, thermal , zout=65.2, eup=  239.46
     Process 3 started calculating ia=1985
                                            [WORKER  1] ia=1983, thermal , zout=65.2, eup=  239.21
     Process 1 started calculating ia=1986
                                            [WORKER  2] ia=1984, thermal , zout=65.2, eup=  238.15
     Process 2 started calculating ia=1987
                                            [WORKER  1] ia=1986, thermal , zout=65.2, eup=  239.38
     Process 1 started calculating ia=1988
                                            [WORKER  3] ia=1985, thermal , zout=65.2, eup=  226.32
     Process 3 started calculating ia=1989
                                            [WORKER  2] ia=1987, thermal , zout=65.2, eup=  238.91
     Process 2 started calculating ia=1990
                                            [WORKER  1] ia=1988, thermal , zout=65.2, eup=  239.73
     Process 1 started calculating ia=1991
                                            [WORKER  3] ia=1989, thermal , zout=65.2, eup=  240.69
     Process 3 started calculating ia=1992
                                            [WORKER  2] ia=1990, thermal , zout=65.2, eup=  239.53
     Process 2 started calculating ia=1993
                                            [WORKER  3] ia=1992, thermal , zout=65.2, eup=  240.27
     Process 3 started calculating ia=1994
                                            [WORKER  1] ia=1991, thermal , zout=65.2, eup=  239.33
     Process 1 started calculating ia=1995
                                            [WORKER  3] ia=1994, thermal , zout=65.2, eup=  234.76
     Process 3 started calculating ia=1996
                                            [WORKER  1] ia=1995, thermal , zout=65.2, eup=  233.29
     Process 1 started calculating ia=1997
                                            [WORKER  2] ia=1993, thermal , zout=65.2, eup=  236.00
     Process 2 started calculating ia=1998
                                            [WORKER  3] ia=1996, thermal , zout=65.2, eup=  227.58
     Process 3 started calculating ia=1999
                                            [WORKER  2] ia=1998, thermal , zout=65.2, eup=  217.99
     Process 2 started calculating ia=2000
                                            [WORKER  1] ia=1997, thermal , zout=65.2, eup=  219.69
     Process 1 started calculating ia=2001
                                            [WORKER  3] ia=1999, thermal , zout=65.2, eup=  215.96
     Process 3 started calculating ia=2002
                                            [WORKER  1] ia=2001, thermal , zout=65.2, eup=  211.30
     Process 1 started calculating ia=2003
                                            [WORKER  2] ia=2000, thermal , zout=65.2, eup=  212.94
     Process 2 started calculating ia=2004
                                            [WORKER  3] ia=2002, thermal , zout=65.2, eup=  197.36
     Process 3 started calculating ia=2005
                                            [WORKER  1] ia=2003, thermal , zout=65.2, eup=  186.14
     Process 1 started calculating ia=2006
                                            [WORKER  2] ia=2004, thermal , zout=65.2, eup=  177.95
     Process 2 started calculating ia=2007
                                            [WORKER  3] ia=2005, thermal , zout=65.2, eup=  173.32
     Process 3 started calculating ia=2008
                                            [WORKER  1] ia=2006, thermal , zout=65.2, eup=  161.02
     Process 1 started calculating ia=2009
                                            [WORKER  2] ia=2007, thermal , zout=65.2, eup=  193.31
     Process 2 started calculating ia=2010
                                            [WORKER  3] ia=2008, thermal , zout=65.2, eup=  208.95
     Process 3 started calculating ia=2011
                                            [WORKER  1] ia=2009, thermal , zout=65.2, eup=  228.52
     Process 1 started calculating ia=2012
                                            [WORKER  2] ia=2010, thermal , zout=65.2, eup=  233.23
     Process 2 started calculating ia=2013
                                            [WORKER  3] ia=2011, thermal , zout=65.2, eup=  233.91
     Process 3 started calculating ia=2014
                                            [WORKER  1] ia=2012, thermal , zout=65.2, eup=  237.04
     Process 1 started calculating ia=2015
                                            [WORKER  2] ia=2013, thermal , zout=65.2, eup=  238.12
     Process 2 started calculating ia=2016
                                            [WORKER  3] ia=2014, thermal , zout=65.2, eup=  241.00
     Process 3 started calculating ia=2017
                                            [WORKER  1] ia=2015, thermal , zout=65.2, eup=  239.58
     Process 1 started calculating ia=2018
                                            [WORKER  2] ia=2016, thermal , zout=65.2, eup=  238.47
     Process 2 started calculating ia=2019
                                            [WORKER  3] ia=2017, thermal , zout=65.2, eup=  239.11
     Process 3 started calculating ia=2020
                                            [WORKER  1] ia=2018, thermal , zout=65.2, eup=  238.81
     Process 1 started calculating ia=2021
                                            [WORKER  2] ia=2019, thermal , zout=65.2, eup=  240.07
     Process 2 started calculating ia=2022
                                            [WORKER  3] ia=2020, thermal , zout=65.2, eup=  238.66
     Process 3 started calculating ia=2023
                                            [WORKER  1] ia=2021, thermal , zout=65.2, eup=  238.97
     Process 1 started calculating ia=2024
                                            [WORKER  2] ia=2022, thermal , zout=65.2, eup=  238.75
     Process 2 started calculating ia=2025
                                            [WORKER  3] ia=2023, thermal , zout=65.2, eup=  239.28
     Process 3 started calculating ia=2026
                                            [WORKER  1] ia=2024, thermal , zout=65.2, eup=  237.80
     Process 1 started calculating ia=2027
                                            [WORKER  2] ia=2025, thermal , zout=65.2, eup=  237.55
     Process 2 started calculating ia=2028
                                            [WORKER  3] ia=2026, thermal , zout=65.2, eup=  241.20
     Process 3 started calculating ia=2029
                                            [WORKER  1] ia=2027, thermal , zout=65.2, eup=  240.16
     Process 1 started calculating ia=2030
                                            [WORKER  2] ia=2028, thermal , zout=65.2, eup=  238.13
     Process 2 started calculating ia=2031
                                            [WORKER  3] ia=2029, thermal , zout=65.2, eup=  236.88
     Process 3 started calculating ia=2032
                                            [WORKER  1] ia=2030, thermal , zout=65.2, eup=  240.16
     Process 1 started calculating ia=2033
                                            [WORKER  2] ia=2031, thermal , zout=65.2, eup=  234.92
     Process 2 started calculating ia=2034
                                            [WORKER  3] ia=2032, thermal , zout=65.2, eup=  232.12
     Process 3 started calculating ia=2035
                                            [WORKER  1] ia=2033, thermal , zout=65.2, eup=  223.65
     Process 1 started calculating ia=2036
                                            [WORKER  2] ia=2034, thermal , zout=65.2, eup=  233.32
     Process 2 started calculating ia=2037
                                            [WORKER  3] ia=2035, thermal , zout=65.2, eup=  235.98
     Process 3 started calculating ia=2038
                                            [WORKER  1] ia=2036, thermal , zout=65.2, eup=  228.24
                                            [WORKER  2] ia=2037, thermal , zout=65.2, eup=  229.71
     Process 2 started calculating ia=2039
     Process 1 started calculating ia=2040
                                            [WORKER  3] ia=2038, thermal , zout=65.2, eup=  223.15
     Process 3 started calculating ia=2041
                                            [WORKER  1] ia=2040, thermal , zout=65.2, eup=  227.17
     Process 1 started calculating ia=2042
                                            [WORKER  2] ia=2039, thermal , zout=65.2, eup=  223.79
     Process 2 started calculating ia=2043
                                            [WORKER  3] ia=2041, thermal , zout=65.2, eup=  208.52
     Process 3 started calculating ia=2044
                                            [WORKER  1] ia=2042, thermal , zout=65.2, eup=  199.84
     Process 1 started calculating ia=2045
                                            [WORKER  2] ia=2043, thermal , zout=65.2, eup=  203.29
     Process 2 started calculating ia=2046
                                            [WORKER  3] ia=2044, thermal , zout=65.2, eup=  203.20
     Process 3 started calculating ia=2047
                                            [WORKER  1] ia=2045, thermal , zout=65.2, eup=  206.40
     Process 1 started calculating ia=2048
                                            [WORKER  2] ia=2046, thermal , zout=65.2, eup=  206.01
     Process 2 started calculating ia=2049
                                            [WORKER  3] ia=2047, thermal , zout=65.2, eup=  208.65
     Process 3 started calculating ia=2050
                                            [WORKER  1] ia=2048, thermal , zout=65.2, eup=  207.68
     Process 1 started calculating ia=2051
                                            [WORKER  2] ia=2049, thermal , zout=65.2, eup=  207.21
     Process 2 started calculating ia=2052
                                            [WORKER  3] ia=2050, thermal , zout=65.2, eup=  197.71
     Process 3 started calculating ia=2053
                                            [WORKER  2] ia=2052, thermal , zout=65.2, eup=  194.48
     Process 2 started calculating ia=2054
                                            [WORKER  1] ia=2051, thermal , zout=65.2, eup=  191.29
     Process 1 started calculating ia=2055
                                            [WORKER  3] ia=2053, thermal , zout=65.2, eup=  196.49
     Process 3 started calculating ia=2056
                                            [WORKER  1] ia=2055, thermal , zout=65.2, eup=  208.66
     Process 1 started calculating ia=2057
                                            [WORKER  2] ia=2054, thermal , zout=65.2, eup=  195.32
     Process 2 started calculating ia=2058
                                            [WORKER  3] ia=2056, thermal , zout=65.2, eup=  211.67
     Process 3 started calculating ia=2059
                                            [WORKER  2] ia=2058, thermal , zout=65.2, eup=  209.91
     Process 2 started calculating ia=2060
                                            [WORKER  3] ia=2059, thermal , zout=65.2, eup=  198.57
     Process 3 started calculating ia=2061
                                            [WORKER  1] ia=2057, thermal , zout=65.2, eup=  211.49
     Process 1 started calculating ia=2062
                                            [WORKER  3] ia=2061, thermal , zout=65.2, eup=  196.92
     Process 3 started calculating ia=2063
                                            [WORKER  2] ia=2060, thermal , zout=65.2, eup=  199.97
     Process 2 started calculating ia=2064
                                            [WORKER  1] ia=2062, thermal , zout=65.2, eup=  203.12
     Process 1 started calculating ia=2065
                                            [WORKER  1] ia=2065, thermal , zout=65.2, eup=  214.26
     Process 1 started calculating ia=2066
                                            [WORKER  2] ia=2064, thermal , zout=65.2, eup=  212.01
     Process 2 started calculating ia=2067
                                            [WORKER  3] ia=2063, thermal , zout=65.2, eup=  198.90
     Process 3 started calculating ia=2068
                                            [WORKER  2] ia=2067, thermal , zout=65.2, eup=  216.94
                                            [WORKER  1] ia=2066, thermal , zout=65.2, eup=  213.27
     Process 2 started calculating ia=2069
     Process 1 started calculating ia=2070
                                            [WORKER  3] ia=2068, thermal , zout=65.2, eup=  214.32
     Process 3 started calculating ia=2071
                                            [WORKER  3] ia=2071, thermal , zout=65.2, eup=  217.44
     Process 3 started calculating ia=2072
                                            [WORKER  2] ia=2069, thermal , zout=65.2, eup=  217.82
     Process 2 started calculating ia=2073
                                            [WORKER  1] ia=2070, thermal , zout=65.2, eup=  212.92
     Process 1 started calculating ia=2074
                                            [WORKER  2] ia=2073, thermal , zout=65.2, eup=  227.82
     Process 2 started calculating ia=2075
                                            [WORKER  1] ia=2074, thermal , zout=65.2, eup=  224.45
     Process 1 started calculating ia=2076
                                            [WORKER  3] ia=2072, thermal , zout=65.2, eup=  226.18
     Process 3 started calculating ia=2077
                                            [WORKER  3] ia=2077, thermal , zout=65.2, eup=  217.89
     Process 3 started calculating ia=2078
                                            [WORKER  2] ia=2075, thermal , zout=65.2, eup=  223.84
     Process 2 started calculating ia=2079
                                            [WORKER  1] ia=2076, thermal , zout=65.2, eup=  217.70
     Process 1 started calculating ia=2080
                                            [WORKER  2] ia=2079, thermal , zout=65.2, eup=  211.11
     Process 2 started calculating ia=2081
                                            [WORKER  1] ia=2080, thermal , zout=65.2, eup=  203.51
     Process 1 started calculating ia=2082
                                            [WORKER  3] ia=2078, thermal , zout=65.2, eup=  212.59
     Process 3 started calculating ia=2083
                                            [WORKER  3] ia=2083, thermal , zout=65.2, eup=  181.93
     Process 3 started calculating ia=2084
                                            [WORKER  2] ia=2081, thermal , zout=65.2, eup=  196.85
     Process 2 started calculating ia=2085
                                            [WORKER  1] ia=2082, thermal , zout=65.2, eup=  186.23
     Process 1 started calculating ia=2086
                                            [WORKER  3] ia=2084, thermal , zout=65.2, eup=  183.62
     Process 3 started calculating ia=2087
                                            [WORKER  2] ia=2085, thermal , zout=65.2, eup=  184.67
     Process 2 started calculating ia=2088
                                            [WORKER  1] ia=2086, thermal , zout=65.2, eup=  185.01
     Process 1 started calculating ia=2089
                                            [WORKER  3] ia=2087, thermal , zout=65.2, eup=  184.45
     Process 3 started calculating ia=2090
                                            [WORKER  2] ia=2088, thermal , zout=65.2, eup=  186.11
     Process 2 started calculating ia=2091
                                            [WORKER  1] ia=2089, thermal , zout=65.2, eup=  187.39
     Process 1 started calculating ia=2092
                                            [WORKER  3] ia=2090, thermal , zout=65.2, eup=  187.04
     Process 3 started calculating ia=2093
                                            [WORKER  2] ia=2091, thermal , zout=65.2, eup=  188.29
     Process 2 started calculating ia=2094
                                            [WORKER  1] ia=2092, thermal , zout=65.2, eup=  187.21
     Process 1 started calculating ia=2095
                                            [WORKER  2] ia=2094, thermal , zout=65.2, eup=  185.41
     Process 2 started calculating ia=2096
                                            [WORKER  1] ia=2095, thermal , zout=65.2, eup=  185.87
     Process 1 started calculating ia=2097
                                            [WORKER  3] ia=2093, thermal , zout=65.2, eup=  187.78
     Process 3 started calculating ia=2098
                                            [WORKER  1] ia=2097, thermal , zout=65.2, eup=  183.43
     Process 1 started calculating ia=2099
                                            [WORKER  3] ia=2098, thermal , zout=65.2, eup=  185.37
     Process 3 started calculating ia=2100
                                            [WORKER  2] ia=2096, thermal , zout=65.2, eup=  184.99
     Process 2 started calculating ia=2101
                                            [WORKER  1] ia=2099, thermal , zout=65.2, eup=  187.57
     Process 1 started calculating ia=2102
                                            [WORKER  2] ia=2101, thermal , zout=65.2, eup=  179.52
     Process 2 started calculating ia=2103
                                            [WORKER  3] ia=2100, thermal , zout=65.2, eup=  182.89
     Process 3 started calculating ia=2104
                                            [WORKER  3] ia=2104, thermal , zout=65.2, eup=  170.59
     Process 3 started calculating ia=2105
                                            [WORKER  2] ia=2103, thermal , zout=65.2, eup=  173.33
     Process 2 started calculating ia=2106
                                            [WORKER  1] ia=2102, thermal , zout=65.2, eup=  175.82
     Process 1 started calculating ia=2107
                                            [WORKER  1] ia=2107, thermal , zout=65.2, eup=  174.60
     Process 1 started calculating ia=2108
                                            [WORKER  3] ia=2105, thermal , zout=65.2, eup=  171.15
     Process 3 started calculating ia=2109
                                            [WORKER  2] ia=2106, thermal , zout=65.2, eup=  171.75
     Process 2 started calculating ia=2110
                                            [WORKER  3] ia=2109, thermal , zout=65.2, eup=  173.71
     Process 3 started calculating ia=2111
                                            [WORKER  1] ia=2108, thermal , zout=65.2, eup=  173.91
     Process 1 started calculating ia=2112
                                            [WORKER  2] ia=2110, thermal , zout=65.2, eup=  171.20
     Process 2 started calculating ia=2113
                                            [WORKER  3] ia=2111, thermal , zout=65.2, eup=  171.60
     Process 3 started calculating ia=2114
                                            [WORKER  1] ia=2112, thermal , zout=65.2, eup=  170.01
     Process 1 started calculating ia=2115
                                            [WORKER  2] ia=2113, thermal , zout=65.2, eup=  170.72
     Process 2 started calculating ia=2116
                                            [WORKER  3] ia=2114, thermal , zout=65.2, eup=  169.01
     Process 3 started calculating ia=2117
                                            [WORKER  1] ia=2115, thermal , zout=65.2, eup=  167.51
     Process 1 started calculating ia=2118
                                            [WORKER  2] ia=2116, thermal , zout=65.2, eup=  172.05
     Process 2 started calculating ia=2119
                                            [WORKER  3] ia=2117, thermal , zout=65.2, eup=  174.07
     Process 3 started calculating ia=2120
                                            [WORKER  2] ia=2119, thermal , zout=65.2, eup=  176.46
     Process 2 started calculating ia=2121
                                            [WORKER  1] ia=2118, thermal , zout=65.2, eup=  174.53
     Process 1 started calculating ia=2122
                                            [WORKER  3] ia=2120, thermal , zout=65.2, eup=  174.98
     Process 3 started calculating ia=2123
                                            [WORKER  1] ia=2122, thermal , zout=65.2, eup=  165.20
     Process 1 started calculating ia=2124
                                            [WORKER  2] ia=2121, thermal , zout=65.2, eup=  171.33
     Process 2 started calculating ia=2125
                                            [WORKER  3] ia=2123, thermal , zout=65.2, eup=  156.32
     Process 3 started calculating ia=2126
                                            [WORKER  1] ia=2124, thermal , zout=65.2, eup=  154.73
     Process 1 started calculating ia=2127
                                            [WORKER  2] ia=2125, thermal , zout=65.2, eup=  150.01
     Process 2 started calculating ia=2128
                                            [WORKER  3] ia=2126, thermal , zout=65.2, eup=  150.08
     Process 3 started calculating ia=2129
                                            [WORKER  1] ia=2127, thermal , zout=65.2, eup=  150.75
     Process 1 started calculating ia=2130
                                            [WORKER  2] ia=2128, thermal , zout=65.2, eup=  151.23
     Process 2 started calculating ia=2131
                                            [WORKER  3] ia=2129, thermal , zout=65.2, eup=  150.78
     Process 3 started calculating ia=2132
                                            [WORKER  1] ia=2130, thermal , zout=65.2, eup=  154.32
     Process 1 started calculating ia=2133
                                            [WORKER  2] ia=2131, thermal , zout=65.2, eup=  170.97
     Process 2 started calculating ia=2134
                                            [WORKER  3] ia=2132, thermal , zout=65.2, eup=  177.91
     Process 3 started calculating ia=2135
                                            [WORKER  1] ia=2133, thermal , zout=65.2, eup=  182.37
     Process 1 started calculating ia=2136
                                            [WORKER  2] ia=2134, thermal , zout=65.2, eup=  179.69
     Process 2 started calculating ia=2137
                                            [WORKER  3] ia=2135, thermal , zout=65.2, eup=  175.80
     Process 3 started calculating ia=2138
                                            [WORKER  1] ia=2136, thermal , zout=65.2, eup=  181.37
     Process 1 started calculating ia=2139
                                            [WORKER  2] ia=2137, thermal , zout=65.2, eup=  187.32
     Process 2 started calculating ia=2140
                                            [WORKER  3] ia=2138, thermal , zout=65.2, eup=  191.22
     Process 3 started calculating ia=2141
                                            [WORKER  2] ia=2140, thermal , zout=65.2, eup=  197.34
     Process 2 started calculating ia=2142
                                            [WORKER  1] ia=2139, thermal , zout=65.2, eup=  194.19
     Process 1 started calculating ia=2143
                                            [WORKER  3] ia=2141, thermal , zout=65.2, eup=  196.36
     Process 3 started calculating ia=2144
                                            [WORKER  1] ia=2143, thermal , zout=65.2, eup=  196.18
                                            [WORKER  2] ia=2142, thermal , zout=65.2, eup=  197.18
     Process 1 started calculating ia=2145
     Process 2 started calculating ia=2146
                                            [WORKER  3] ia=2144, thermal , zout=65.2, eup=  194.39
     Process 3 started calculating ia=2147
                                            [WORKER  1] ia=2145, thermal , zout=65.2, eup=  189.78
     Process 1 started calculating ia=2148
                                            [WORKER  2] ia=2146, thermal , zout=65.2, eup=  182.90
     Process 2 started calculating ia=2149
                                            [WORKER  3] ia=2147, thermal , zout=65.2, eup=  177.75
     Process 3 started calculating ia=2150
                                            [WORKER  1] ia=2148, thermal , zout=65.2, eup=  174.89
     Process 1 started calculating ia=2151
                                            [WORKER  2] ia=2149, thermal , zout=65.2, eup=  159.56
     Process 2 started calculating ia=2152
                                            [WORKER  3] ia=2150, thermal , zout=65.2, eup=  157.89
     Process 3 started calculating ia=2153
                                            [WORKER  1] ia=2151, thermal , zout=65.2, eup=  166.14
     Process 1 started calculating ia=2154
                                            [WORKER  2] ia=2152, thermal , zout=65.2, eup=  172.70
     Process 2 started calculating ia=2155
                                            [WORKER  3] ia=2153, thermal , zout=65.2, eup=  174.54
     Process 3 started calculating ia=2156
                                            [WORKER  1] ia=2154, thermal , zout=65.2, eup=  174.93
     Process 1 started calculating ia=2157
                                            [WORKER  2] ia=2155, thermal , zout=65.2, eup=  175.17
     Process 2 started calculating ia=2158
                                            [WORKER  3] ia=2156, thermal , zout=65.2, eup=  177.68
     Process 3 started calculating ia=2159
                                            [WORKER  1] ia=2157, thermal , zout=65.2, eup=  177.24
     Process 1 started calculating ia=2160
                                            [WORKER  2] ia=2158, thermal , zout=65.2, eup=  184.16
     Process 2 started calculating ia=2161
                                            [WORKER  3] ia=2159, thermal , zout=65.2, eup=  187.23
     Process 3 started calculating ia=2162
                                            [WORKER  1] ia=2160, thermal , zout=65.2, eup=  183.32
     Process 1 started calculating ia=2163
                                            [WORKER  2] ia=2161, thermal , zout=65.2, eup=  178.88
     Process 2 started calculating ia=2164
                                            [WORKER  3] ia=2162, thermal , zout=65.2, eup=  175.34
     Process 3 started calculating ia=2165
                                            [WORKER  1] ia=2163, thermal , zout=65.2, eup=  170.87
     Process 1 started calculating ia=2166
                                            [WORKER  2] ia=2164, thermal , zout=65.2, eup=  167.06
     Process 2 started calculating ia=2167
                                            [WORKER  3] ia=2165, thermal , zout=65.2, eup=  173.39
     Process 3 started calculating ia=2168
                                            [WORKER  1] ia=2166, thermal , zout=65.2, eup=  180.99
[WORKER 1] Received termination signal. Exiting.
                                            [WORKER  2] ia=2167, thermal , zout=65.2, eup=  184.92
[WORKER 2] Received termination signal. Exiting.
                                            [WORKER  3] ia=2168, thermal , zout=65.2, eup=  190.11
Writing libRadtran output to netcdf file:  ./RESULTS/libRad_v01_disort_1D_SWIA_thermal_Orbit_06888C_TEST_new_thermal_range.nc
[WORKER 3] Received termination signal. Exiting.



=================================================================================================================
Nadir Pixel Index    =  151
SceneName            =  Orbit_06497E
Specs                =  disort - 1D - _TEST_new_thermal_range - 
     Process 1 started calculating ia=150
     Process 2 started calculating ia=151
     Process 3 started calculating ia=152
                                            [WORKER  1] ia= 150, thermal , zout=64.7, eup=  259.59
     Process 1 started calculating ia=153
                                            [WORKER  3] ia= 152, thermal , zout=64.7, eup=  314.50
     Process 3 started calculating ia=154
                                            [WORKER  2] ia= 151, thermal , zout=64.7, eup=  312.72
     Process 2 started calculating ia=155
                                            [WORKER  1] ia= 153, thermal , zout=64.7, eup=  315.32
     Process 1 started calculating ia=156
                                            [WORKER  3] ia= 154, thermal , zout=64.7, eup=  316.36
     Process 3 started calculating ia=157
                                            [WORKER  2] ia= 155, thermal , zout=64.7, eup=  316.25
     Process 2 started calculating ia=158
                                            [WORKER  1] ia= 156, thermal , zout=64.7, eup=  315.48
     Process 1 started calculating ia=159
                                            [WORKER  3] ia= 157, thermal , zout=64.7, eup=  316.41
     Process 3 started calculating ia=160
                                            [WORKER  2] ia= 158, thermal , zout=64.7, eup=  316.96
     Process 2 started calculating ia=161
                                            [WORKER  2] ia= 161, thermal , zout=64.7, eup=  313.06
     Process 2 started calculating ia=162
                                            [WORKER  1] ia= 159, thermal , zout=64.7, eup=  316.22
     Process 1 started calculating ia=163
                                            [WORKER  3] ia= 160, thermal , zout=64.7, eup=  307.46
     Process 3 started calculating ia=164
                                            [WORKER  3] ia= 164, thermal , zout=64.7, eup=  310.25
     Process 3 started calculating ia=165
                                            [WORKER  1] ia= 163, thermal , zout=64.7, eup=  315.72
     Process 1 started calculating ia=166
                                            [WORKER  2] ia= 162, thermal , zout=64.7, eup=  315.78
     Process 2 started calculating ia=167
                                            [WORKER  3] ia= 165, thermal , zout=64.7, eup=  314.19
     Process 3 started calculating ia=168
                                            [WORKER  2] ia= 167, thermal , zout=64.7, eup=  312.37
     Process 2 started calculating ia=169
                                            [WORKER  1] ia= 166, thermal , zout=64.7, eup=  312.60
     Process 1 started calculating ia=170
                                            [WORKER  3] ia= 168, thermal , zout=64.7, eup=  313.41
     Process 3 started calculating ia=171
                                            [WORKER  1] ia= 170, thermal , zout=64.7, eup=  313.66
     Process 1 started calculating ia=172
                                            [WORKER  2] ia= 169, thermal , zout=64.7, eup=  314.01
     Process 2 started calculating ia=173
                                            [WORKER  3] ia= 171, thermal , zout=64.7, eup=  313.50
     Process 3 started calculating ia=174
                                            [WORKER  2] ia= 173, thermal , zout=64.7, eup=  314.60
     Process 2 started calculating ia=175
                                            [WORKER  1] ia= 172, thermal , zout=64.7, eup=  290.87
     Process 1 started calculating ia=176
                                            [WORKER  3] ia= 174, thermal , zout=64.7, eup=  314.13
     Process 3 started calculating ia=177
                                            [WORKER  1] ia= 176, thermal , zout=64.7, eup=  314.28
     Process 1 started calculating ia=178
                                            [WORKER  2] ia= 175, thermal , zout=64.7, eup=  308.55
     Process 2 started calculating ia=179
                                            [WORKER  3] ia= 177, thermal , zout=64.7, eup=  314.47
     Process 3 started calculating ia=180
                                            [WORKER  1] ia= 178, thermal , zout=64.7, eup=  314.66
     Process 1 started calculating ia=181
                                            [WORKER  2] ia= 179, thermal , zout=64.7, eup=  314.20
     Process 2 started calculating ia=182
                                            [WORKER  3] ia= 180, thermal , zout=64.7, eup=  312.18
     Process 3 started calculating ia=183
                                            [WORKER  1] ia= 181, thermal , zout=64.7, eup=  313.49
     Process 1 started calculating ia=184
                                            [WORKER  2] ia= 182, thermal , zout=64.7, eup=  312.26
     Process 2 started calculating ia=185
                                            [WORKER  3] ia= 183, thermal , zout=64.7, eup=  314.56
     Process 3 started calculating ia=186
                                            [WORKER  1] ia= 184, thermal , zout=64.7, eup=  313.83
     Process 1 started calculating ia=187
                                            [WORKER  2] ia= 185, thermal , zout=64.7, eup=  314.37
     Process 2 started calculating ia=188
                                            [WORKER  3] ia= 186, thermal , zout=64.7, eup=  314.63
     Process 3 started calculating ia=189
                                            [WORKER  1] ia= 187, thermal , zout=64.8, eup=  317.09
     Process 1 started calculating ia=190
                                            [WORKER  2] ia= 188, thermal , zout=64.8, eup=  314.55
     Process 2 started calculating ia=191
                                            [WORKER  3] ia= 189, thermal , zout=64.8, eup=  312.42
     Process 3 started calculating ia=192
                                            [WORKER  1] ia= 190, thermal , zout=64.8, eup=  315.47
     Process 1 started calculating ia=193
                                            [WORKER  2] ia= 191, thermal , zout=64.8, eup=  295.29
     Process 2 started calculating ia=194
                                            [WORKER  3] ia= 192, thermal , zout=64.8, eup=  317.05
     Process 3 started calculating ia=195
                                            [WORKER  1] ia= 193, thermal , zout=64.8, eup=  315.64
     Process 1 started calculating ia=196
                                            [WORKER  2] ia= 194, thermal , zout=64.8, eup=  298.44
     Process 2 started calculating ia=197
                                            [WORKER  3] ia= 195, thermal , zout=64.8, eup=  293.35
     Process 3 started calculating ia=198
                                            [WORKER  1] ia= 196, thermal , zout=64.8, eup=  308.13
     Process 1 started calculating ia=199
                                            [WORKER  2] ia= 197, thermal , zout=64.8, eup=  309.75
     Process 2 started calculating ia=200
                                            [WORKER  3] ia= 198, thermal , zout=64.8, eup=  312.09
     Process 3 started calculating ia=201
                                            [WORKER  1] ia= 199, thermal , zout=64.8, eup=  316.71
     Process 1 started calculating ia=202
                                            [WORKER  2] ia= 200, thermal , zout=64.8, eup=  317.11
     Process 2 started calculating ia=203
                                            [WORKER  3] ia= 201, thermal , zout=64.8, eup=  314.46
     Process 3 started calculating ia=204
                                            [WORKER  1] ia= 202, thermal , zout=64.7, eup=  311.85
     Process 1 started calculating ia=205
                                            [WORKER  2] ia= 203, thermal , zout=64.7, eup=  312.62
     Process 2 started calculating ia=206
                                            [WORKER  3] ia= 204, thermal , zout=64.7, eup=  309.55
     Process 3 started calculating ia=207
                                            [WORKER  1] ia= 205, thermal , zout=64.7, eup=  294.65
     Process 1 started calculating ia=208
                                            [WORKER  2] ia= 206, thermal , zout=64.7, eup=  306.76
     Process 2 started calculating ia=209
                                            [WORKER  3] ia= 207, thermal , zout=64.7, eup=  292.68
     Process 3 started calculating ia=210
                                            [WORKER  1] ia= 208, thermal , zout=64.7, eup=  254.64
     Process 1 started calculating ia=211
                                            [WORKER  2] ia= 209, thermal , zout=64.7, eup=  301.81
     Process 2 started calculating ia=212
                                            [WORKER  3] ia= 210, thermal , zout=64.7, eup=  309.34
     Process 3 started calculating ia=213
                                            [WORKER  1] ia= 211, thermal , zout=64.7, eup=  247.86
     Process 1 started calculating ia=214
                                            [WORKER  2] ia= 212, thermal , zout=64.7, eup=  248.12
     Process 2 started calculating ia=215
                                            [WORKER  3] ia= 213, thermal , zout=64.7, eup=  297.86
     Process 3 started calculating ia=216
                                            [WORKER  1] ia= 214, thermal , zout=64.7, eup=  287.33
     Process 1 started calculating ia=217
                                            [WORKER  2] ia= 215, thermal , zout=64.7, eup=  311.15
     Process 2 started calculating ia=218
                                            [WORKER  3] ia= 216, thermal , zout=64.7, eup=  313.19
     Process 3 started calculating ia=219
                                            [WORKER  1] ia= 217, thermal , zout=64.7, eup=  312.24
     Process 1 started calculating ia=220
                                            [WORKER  2] ia= 218, thermal , zout=64.7, eup=  311.48
     Process 2 started calculating ia=221
                                            [WORKER  3] ia= 219, thermal , zout=64.7, eup=  311.26
     Process 3 started calculating ia=222
                                            [WORKER  1] ia= 220, thermal , zout=64.7, eup=  310.17
     Process 1 started calculating ia=223
                                            [WORKER  2] ia= 221, thermal , zout=64.7, eup=  308.36
     Process 2 started calculating ia=224
                                            [WORKER  3] ia= 222, thermal , zout=64.7, eup=  277.06
     Process 3 started calculating ia=225
                                            [WORKER  1] ia= 223, thermal , zout=64.7, eup=  291.01
     Process 1 started calculating ia=226
                                            [WORKER  2] ia= 224, thermal , zout=64.7, eup=  306.37
     Process 2 started calculating ia=227
                                            [WORKER  3] ia= 225, thermal , zout=64.7, eup=  307.63
     Process 3 started calculating ia=228
                                            [WORKER  1] ia= 226, thermal , zout=64.7, eup=  307.62
     Process 1 started calculating ia=229
                                            [WORKER  2] ia= 227, thermal , zout=64.7, eup=  306.48
     Process 2 started calculating ia=230
                                            [WORKER  3] ia= 228, thermal , zout=64.7, eup=  302.07
     Process 3 started calculating ia=231
                                            [WORKER  1] ia= 229, thermal , zout=64.7, eup=  304.61
     Process 1 started calculating ia=232
                                            [WORKER  2] ia= 230, thermal , zout=64.7, eup=  306.05
     Process 2 started calculating ia=233
                                            [WORKER  3] ia= 231, thermal , zout=64.7, eup=  305.34
     Process 3 started calculating ia=234
                                            [WORKER  2] ia= 233, thermal , zout=64.7, eup=  306.03
     Process 2 started calculating ia=235
                                            [WORKER  1] ia= 232, thermal , zout=64.7, eup=  307.39
     Process 1 started calculating ia=236
                                            [WORKER  3] ia= 234, thermal , zout=64.7, eup=  305.51
     Process 3 started calculating ia=237
                                            [WORKER  2] ia= 235, thermal , zout=64.7, eup=  306.03
     Process 2 started calculating ia=238
                                            [WORKER  1] ia= 236, thermal , zout=64.7, eup=  281.08
     Process 1 started calculating ia=239
                                            [WORKER  3] ia= 237, thermal , zout=64.7, eup=  289.62
     Process 3 started calculating ia=240
                                            [WORKER  1] ia= 239, thermal , zout=64.7, eup=  310.57
                                            [WORKER  2] ia= 238, thermal , zout=64.7, eup=  310.60
     Process 1 started calculating ia=241
     Process 2 started calculating ia=242
                                            [WORKER  3] ia= 240, thermal , zout=64.7, eup=  311.01
     Process 3 started calculating ia=243
                                            [WORKER  2] ia= 242, thermal , zout=64.7, eup=  311.35
     Process 2 started calculating ia=244
                                            [WORKER  1] ia= 241, thermal , zout=64.7, eup=  311.09
                                            [WORKER  3] ia= 243, thermal , zout=64.7, eup=  312.39
     Process 1 started calculating ia=245
     Process 3 started calculating ia=246
                                            [WORKER  2] ia= 244, thermal , zout=64.7, eup=  312.84
     Process 2 started calculating ia=247
                                            [WORKER  1] ia= 245, thermal , zout=64.7, eup=  311.95
     Process 1 started calculating ia=248
                                            [WORKER  3] ia= 246, thermal , zout=64.7, eup=  312.42
     Process 3 started calculating ia=249
                                            [WORKER  2] ia= 247, thermal , zout=64.7, eup=  322.38
     Process 2 started calculating ia=250
                                            [WORKER  3] ia= 249, thermal , zout=64.7, eup=  310.85
     Process 3 started calculating ia=251
                                            [WORKER  1] ia= 248, thermal , zout=64.7, eup=  321.39
     Process 1 started calculating ia=252
                                            [WORKER  2] ia= 250, thermal , zout=64.7, eup=  307.45
     Process 2 started calculating ia=253
                                            [WORKER  3] ia= 251, thermal , zout=64.7, eup=  311.21
     Process 3 started calculating ia=254
                                            [WORKER  1] ia= 252, thermal , zout=64.7, eup=  311.10
     Process 1 started calculating ia=255
                                            [WORKER  2] ia= 253, thermal , zout=64.7, eup=  310.98
     Process 2 started calculating ia=256
                                            [WORKER  1] ia= 255, thermal , zout=64.7, eup=  301.55
     Process 1 started calculating ia=257
                                            [WORKER  3] ia= 254, thermal , zout=64.7, eup=  309.97
     Process 3 started calculating ia=258
                                            [WORKER  2] ia= 256, thermal , zout=64.7, eup=  300.30
     Process 2 started calculating ia=259
                                            [WORKER  3] ia= 258, thermal , zout=64.7, eup=  309.43
     Process 3 started calculating ia=260
                                            [WORKER  1] ia= 257, thermal , zout=64.7, eup=  285.14
     Process 1 started calculating ia=261
                                            [WORKER  2] ia= 259, thermal , zout=64.7, eup=  301.10
     Process 2 started calculating ia=262
                                            [WORKER  3] ia= 260, thermal , zout=64.7, eup=  293.16
     Process 3 started calculating ia=263
                                            [WORKER  1] ia= 261, thermal , zout=64.7, eup=  303.83
     Process 1 started calculating ia=264
                                            [WORKER  2] ia= 262, thermal , zout=64.7, eup=  301.43
     Process 2 started calculating ia=265
                                            [WORKER  1] ia= 264, thermal , zout=64.7, eup=  301.15
     Process 1 started calculating ia=266
                                            [WORKER  3] ia= 263, thermal , zout=64.7, eup=  287.96
     Process 3 started calculating ia=267
                                            [WORKER  2] ia= 265, thermal , zout=64.7, eup=  289.37
     Process 2 started calculating ia=268
                                            [WORKER  1] ia= 266, thermal , zout=64.7, eup=  241.27
     Process 1 started calculating ia=269
                                            [WORKER  3] ia= 267, thermal , zout=64.7, eup=  238.82
     Process 3 started calculating ia=270
                                            [WORKER  2] ia= 268, thermal , zout=64.7, eup=  242.76
     Process 2 started calculating ia=271
                                            [WORKER  3] ia= 270, thermal , zout=64.7, eup=  287.45
     Process 3 started calculating ia=272
                                            [WORKER  1] ia= 269, thermal , zout=64.7, eup=  238.83
     Process 1 started calculating ia=273
                                            [WORKER  2] ia= 271, thermal , zout=64.7, eup=  310.36
     Process 2 started calculating ia=274
                                            [WORKER  3] ia= 272, thermal , zout=64.6, eup=  267.97
     Process 3 started calculating ia=275
                                            [WORKER  1] ia= 273, thermal , zout=64.6, eup=  240.57
     Process 1 started calculating ia=276
                                            [WORKER  2] ia= 274, thermal , zout=64.6, eup=  250.53
     Process 2 started calculating ia=277
                                            [WORKER  3] ia= 275, thermal , zout=64.6, eup=  251.26
     Process 3 started calculating ia=278
                                            [WORKER  1] ia= 276, thermal , zout=64.6, eup=  237.95
     Process 1 started calculating ia=279
                                            [WORKER  2] ia= 277, thermal , zout=64.6, eup=  237.07
     Process 2 started calculating ia=280
                                            [WORKER  1] ia= 279, thermal , zout=64.6, eup=  237.05
     Process 1 started calculating ia=281
                                            [WORKER  3] ia= 278, thermal , zout=64.6, eup=  233.93
     Process 3 started calculating ia=282
                                            [WORKER  2] ia= 280, thermal , zout=64.7, eup=  303.67
     Process 2 started calculating ia=283
                                            [WORKER  3] ia= 282, thermal , zout=64.7, eup=  309.74
     Process 3 started calculating ia=284
                                            [WORKER  1] ia= 281, thermal , zout=64.7, eup=  279.62
     Process 1 started calculating ia=285
                                            [WORKER  2] ia= 283, thermal , zout=64.7, eup=  311.01
     Process 2 started calculating ia=286
                                            [WORKER  1] ia= 285, thermal , zout=64.7, eup=  307.69
     Process 1 started calculating ia=287
                                            [WORKER  3] ia= 284, thermal , zout=64.7, eup=  311.24
     Process 3 started calculating ia=288
                                            [WORKER  2] ia= 286, thermal , zout=64.7, eup=  271.61
     Process 2 started calculating ia=289
                                            [WORKER  3] ia= 288, thermal , zout=64.7, eup=  295.71
     Process 3 started calculating ia=290
                                            [WORKER  1] ia= 287, thermal , zout=64.7, eup=  280.23
     Process 1 started calculating ia=291
                                            [WORKER  2] ia= 289, thermal , zout=64.7, eup=  306.87
     Process 2 started calculating ia=292
                                            [WORKER  1] ia= 291, thermal , zout=64.7, eup=  309.76
     Process 1 started calculating ia=293
                                            [WORKER  3] ia= 290, thermal , zout=64.7, eup=  311.26
     Process 3 started calculating ia=294
                                            [WORKER  2] ia= 292, thermal , zout=64.7, eup=  308.71
     Process 2 started calculating ia=295
                                            [WORKER  1] ia= 293, thermal , zout=64.7, eup=  304.69
     Process 1 started calculating ia=296
                                            [WORKER  3] ia= 294, thermal , zout=64.7, eup=  300.87
     Process 3 started calculating ia=297
                                            [WORKER  2] ia= 295, thermal , zout=64.7, eup=  304.78
     Process 2 started calculating ia=298
                                            [WORKER  1] ia= 296, thermal , zout=64.7, eup=  296.98
     Process 1 started calculating ia=299
                                            [WORKER  3] ia= 297, thermal , zout=64.7, eup=  243.42
     Process 3 started calculating ia=300
                                            [WORKER  2] ia= 298, thermal , zout=64.7, eup=  289.66
     Process 2 started calculating ia=301
                                            [WORKER  1] ia= 299, thermal , zout=64.7, eup=  295.36
     Process 1 started calculating ia=302
                                            [WORKER  3] ia= 300, thermal , zout=64.7, eup=  302.59
     Process 3 started calculating ia=303
                                            [WORKER  2] ia= 301, thermal , zout=64.6, eup=  298.58
     Process 2 started calculating ia=304
                                            [WORKER  3] ia= 303, thermal , zout=64.7, eup=  298.44
     Process 3 started calculating ia=305
                                            [WORKER  1] ia= 302, thermal , zout=64.6, eup=  276.73
     Process 1 started calculating ia=306
                                            [WORKER  2] ia= 304, thermal , zout=64.7, eup=  301.78
     Process 2 started calculating ia=307
                                            [WORKER  3] ia= 305, thermal , zout=64.7, eup=  296.02
     Process 3 started calculating ia=308
                                            [WORKER  1] ia= 306, thermal , zout=64.7, eup=  304.69
     Process 1 started calculating ia=309
                                            [WORKER  2] ia= 307, thermal , zout=64.7, eup=  303.66
     Process 2 started calculating ia=310
                                            [WORKER  3] ia= 308, thermal , zout=64.7, eup=  302.92
     Process 3 started calculating ia=311
                                            [WORKER  1] ia= 309, thermal , zout=64.7, eup=  301.95
     Process 1 started calculating ia=312
                                            [WORKER  2] ia= 310, thermal , zout=64.7, eup=  301.64
     Process 2 started calculating ia=313
                                            [WORKER  3] ia= 311, thermal , zout=64.7, eup=  299.67
     Process 3 started calculating ia=314
                                            [WORKER  1] ia= 312, thermal , zout=64.7, eup=  292.57
     Process 1 started calculating ia=315
                                            [WORKER  2] ia= 313, thermal , zout=64.7, eup=  298.37
     Process 2 started calculating ia=316
                                            [WORKER  3] ia= 314, thermal , zout=64.7, eup=  302.00
     Process 3 started calculating ia=317
                                            [WORKER  1] ia= 315, thermal , zout=64.7, eup=  283.24
     Process 1 started calculating ia=318
                                            [WORKER  2] ia= 316, thermal , zout=64.7, eup=  250.77
     Process 2 started calculating ia=319
                                            [WORKER  3] ia= 317, thermal , zout=64.7, eup=  293.23
     Process 3 started calculating ia=320
                                            [WORKER  1] ia= 318, thermal , zout=64.7, eup=  289.84
     Process 1 started calculating ia=321
                                            [WORKER  2] ia= 319, thermal , zout=64.7, eup=  243.31
     Process 2 started calculating ia=322
                                            [WORKER  3] ia= 320, thermal , zout=64.7, eup=  243.99
     Process 3 started calculating ia=323
                                            [WORKER  1] ia= 321, thermal , zout=64.7, eup=  242.70
     Process 1 started calculating ia=324
                                            [WORKER  2] ia= 322, thermal , zout=64.7, eup=  240.87
     Process 2 started calculating ia=325
                                            [WORKER  1] ia= 324, thermal , zout=64.7, eup=  241.75
     Process 1 started calculating ia=326
                                            [WORKER  3] ia= 323, thermal , zout=64.7, eup=  240.40
     Process 3 started calculating ia=327
                                            [WORKER  2] ia= 325, thermal , zout=64.7, eup=  243.76
     Process 2 started calculating ia=328
                                            [WORKER  1] ia= 326, thermal , zout=64.7, eup=  247.26
     Process 1 started calculating ia=329
                                            [WORKER  3] ia= 327, thermal , zout=64.7, eup=  243.96
     Process 3 started calculating ia=330
                                            [WORKER  2] ia= 328, thermal , zout=64.7, eup=  242.66
     Process 2 started calculating ia=331
                                            [WORKER  1] ia= 329, thermal , zout=64.7, eup=  228.59
     Process 1 started calculating ia=332
                                            [WORKER  3] ia= 330, thermal , zout=64.6, eup=  237.92
     Process 3 started calculating ia=333
                                            [WORKER  2] ia= 331, thermal , zout=64.7, eup=  238.63
     Process 2 started calculating ia=334
                                            [WORKER  1] ia= 332, thermal , zout=64.7, eup=  240.22
     Process 1 started calculating ia=335
                                            [WORKER  2] ia= 334, thermal , zout=64.7, eup=  242.24
     Process 2 started calculating ia=336
                                            [WORKER  3] ia= 333, thermal , zout=64.7, eup=  241.49
     Process 3 started calculating ia=337
                                            [WORKER  1] ia= 335, thermal , zout=64.7, eup=  279.56
     Process 1 started calculating ia=338
                                            [WORKER  2] ia= 336, thermal , zout=64.7, eup=  307.63
     Process 2 started calculating ia=339
                                            [WORKER  3] ia= 337, thermal , zout=64.7, eup=  317.86
     Process 3 started calculating ia=340
                                            [WORKER  1] ia= 338, thermal , zout=64.7, eup=  317.88
     Process 1 started calculating ia=341
                                            [WORKER  2] ia= 339, thermal , zout=64.7, eup=  317.98
     Process 2 started calculating ia=342
                                            [WORKER  3] ia= 340, thermal , zout=64.7, eup=  317.85
     Process 3 started calculating ia=343
                                            [WORKER  1] ia= 341, thermal , zout=64.7, eup=  317.45
     Process 1 started calculating ia=344
                                            [WORKER  2] ia= 342, thermal , zout=64.7, eup=  315.52
     Process 2 started calculating ia=345
                                            [WORKER  3] ia= 343, thermal , zout=64.7, eup=  294.26
     Process 3 started calculating ia=346
                                            [WORKER  1] ia= 344, thermal , zout=64.6, eup=  300.21
     Process 1 started calculating ia=347
                                            [WORKER  2] ia= 345, thermal , zout=64.6, eup=  312.91
     Process 2 started calculating ia=348
                                            [WORKER  3] ia= 346, thermal , zout=64.6, eup=  285.09
     Process 3 started calculating ia=349
                                            [WORKER  1] ia= 347, thermal , zout=64.6, eup=  238.51
     Process 1 started calculating ia=350
                                            [WORKER  3] ia= 349, thermal , zout=64.6, eup=  310.68
     Process 3 started calculating ia=351
                                            [WORKER  2] ia= 348, thermal , zout=64.6, eup=  284.34
     Process 2 started calculating ia=352
                                            [WORKER  1] ia= 350, thermal , zout=64.6, eup=  313.19
     Process 1 started calculating ia=353
                                            [WORKER  3] ia= 351, thermal , zout=64.6, eup=  314.23
     Process 3 started calculating ia=354
                                            [WORKER  2] ia= 352, thermal , zout=64.6, eup=  314.06
     Process 2 started calculating ia=355
                                            [WORKER  1] ia= 353, thermal , zout=64.6, eup=  315.07
     Process 1 started calculating ia=356
                                            [WORKER  2] ia= 355, thermal , zout=64.6, eup=  308.71
     Process 2 started calculating ia=357
                                            [WORKER  3] ia= 354, thermal , zout=64.6, eup=  319.62
     Process 3 started calculating ia=358
                                            [WORKER  1] ia= 356, thermal , zout=64.6, eup=  309.06
     Process 1 started calculating ia=359
                                            [WORKER  2] ia= 357, thermal , zout=64.6, eup=  297.59
     Process 2 started calculating ia=360
                                            [WORKER  3] ia= 358, thermal , zout=64.6, eup=  319.53
     Process 3 started calculating ia=361
                                            [WORKER  1] ia= 359, thermal , zout=64.7, eup=  321.25
     Process 1 started calculating ia=362
                                            [WORKER  2] ia= 360, thermal , zout=64.7, eup=  307.13
     Process 2 started calculating ia=363
                                            [WORKER  3] ia= 361, thermal , zout=64.7, eup=  316.51
     Process 3 started calculating ia=364
                                            [WORKER  1] ia= 362, thermal , zout=64.7, eup=  315.06
     Process 1 started calculating ia=365
                                            [WORKER  3] ia= 364, thermal , zout=64.7, eup=  315.30
     Process 3 started calculating ia=366
                                            [WORKER  2] ia= 363, thermal , zout=64.7, eup=  293.44
     Process 2 started calculating ia=367
                                            [WORKER  1] ia= 365, thermal , zout=64.7, eup=  305.99
     Process 1 started calculating ia=368
                                            [WORKER  3] ia= 366, thermal , zout=64.7, eup=  305.29
     Process 3 started calculating ia=369
                                            [WORKER  2] ia= 367, thermal , zout=64.7, eup=  304.74
     Process 2 started calculating ia=370
                                            [WORKER  1] ia= 368, thermal , zout=64.7, eup=  304.49
     Process 1 started calculating ia=371
                                            [WORKER  2] ia= 370, thermal , zout=64.7, eup=  304.81
     Process 2 started calculating ia=372
                                            [WORKER  3] ia= 369, thermal , zout=64.7, eup=  305.24
     Process 3 started calculating ia=373
                                            [WORKER  1] ia= 371, thermal , zout=64.7, eup=  303.46
     Process 1 started calculating ia=374
                                            [WORKER  3] ia= 373, thermal , zout=64.7, eup=  302.52
     Process 3 started calculating ia=375
                                            [WORKER  2] ia= 372, thermal , zout=64.7, eup=  303.28
     Process 2 started calculating ia=376
                                            [WORKER  1] ia= 374, thermal , zout=64.7, eup=  302.22
     Process 1 started calculating ia=377
                                            [WORKER  2] ia= 376, thermal , zout=64.7, eup=  303.49
                                            [WORKER  3] ia= 375, thermal , zout=64.7, eup=  302.91
     Process 2 started calculating ia=378
     Process 3 started calculating ia=379
                                            [WORKER  1] ia= 377, thermal , zout=64.7, eup=  302.10
     Process 1 started calculating ia=380
                                            [WORKER  3] ia= 379, thermal , zout=64.7, eup=  300.12
     Process 3 started calculating ia=381
                                            [WORKER  2] ia= 378, thermal , zout=64.7, eup=  301.34
     Process 2 started calculating ia=382
                                            [WORKER  1] ia= 380, thermal , zout=64.7, eup=  301.70
     Process 1 started calculating ia=383
                                            [WORKER  1] ia= 383, thermal , zout=64.7, eup=  301.60
     Process 1 started calculating ia=384
                                            [WORKER  3] ia= 381, thermal , zout=64.7, eup=  302.30
     Process 3 started calculating ia=385
                                            [WORKER  2] ia= 382, thermal , zout=64.7, eup=  302.06
     Process 2 started calculating ia=386
                                            [WORKER  1] ia= 384, thermal , zout=64.7, eup=  301.53
     Process 1 started calculating ia=387
                                            [WORKER  3] ia= 385, thermal , zout=64.7, eup=  301.02
     Process 3 started calculating ia=388
                                            [WORKER  2] ia= 386, thermal , zout=64.7, eup=  299.61
     Process 2 started calculating ia=389
                                            [WORKER  3] ia= 388, thermal , zout=64.7, eup=  294.25
     Process 3 started calculating ia=390
                                            [WORKER  2] ia= 389, thermal , zout=64.7, eup=  284.95
     Process 2 started calculating ia=391
                                            [WORKER  1] ia= 387, thermal , zout=64.7, eup=  297.84
     Process 1 started calculating ia=392
                                            [WORKER  3] ia= 390, thermal , zout=64.7, eup=  294.79
     Process 3 started calculating ia=393
                                            [WORKER  2] ia= 391, thermal , zout=64.7, eup=  285.07
     Process 2 started calculating ia=394
                                            [WORKER  1] ia= 392, thermal , zout=64.7, eup=  299.40
     Process 1 started calculating ia=395
                                            [WORKER  3] ia= 393, thermal , zout=64.7, eup=  301.54
     Process 3 started calculating ia=396
                                            [WORKER  1] ia= 395, thermal , zout=64.7, eup=  303.70
     Process 1 started calculating ia=397
                                            [WORKER  2] ia= 394, thermal , zout=64.7, eup=  297.98
     Process 2 started calculating ia=398
                                            [WORKER  3] ia= 396, thermal , zout=64.7, eup=  300.89
     Process 3 started calculating ia=399
                                            [WORKER  1] ia= 397, thermal , zout=64.7, eup=  300.42
     Process 1 started calculating ia=400
                                            [WORKER  2] ia= 398, thermal , zout=64.7, eup=  246.95
     Process 2 started calculating ia=401
                                            [WORKER  3] ia= 399, thermal , zout=64.7, eup=  314.80
     Process 3 started calculating ia=402
                                            [WORKER  1] ia= 400, thermal , zout=64.7, eup=  307.04
     Process 1 started calculating ia=403
                                            [WORKER  2] ia= 401, thermal , zout=64.7, eup=  312.40
     Process 2 started calculating ia=404
                                            [WORKER  3] ia= 402, thermal , zout=64.7, eup=  303.67
     Process 3 started calculating ia=405
                                            [WORKER  1] ia= 403, thermal , zout=64.7, eup=  300.48
     Process 1 started calculating ia=406
                                            [WORKER  2] ia= 404, thermal , zout=64.7, eup=  301.74
     Process 2 started calculating ia=407
                                            [WORKER  3] ia= 405, thermal , zout=64.7, eup=  291.78
     Process 3 started calculating ia=408
                                            [WORKER  1] ia= 406, thermal , zout=64.7, eup=  305.58
     Process 1 started calculating ia=409
                                            [WORKER  2] ia= 407, thermal , zout=64.7, eup=  307.96
     Process 2 started calculating ia=410
                                            [WORKER  3] ia= 408, thermal , zout=64.7, eup=  308.07
     Process 3 started calculating ia=411
                                            [WORKER  1] ia= 409, thermal , zout=64.6, eup=  301.60
     Process 1 started calculating ia=412
                                            [WORKER  2] ia= 410, thermal , zout=64.6, eup=  296.33
     Process 2 started calculating ia=413
                                            [WORKER  3] ia= 411, thermal , zout=64.6, eup=  306.63
     Process 3 started calculating ia=414
                                            [WORKER  1] ia= 412, thermal , zout=64.6, eup=  305.34
     Process 1 started calculating ia=415
                                            [WORKER  2] ia= 413, thermal , zout=64.6, eup=  296.67
     Process 2 started calculating ia=416
                                            [WORKER  3] ia= 414, thermal , zout=64.6, eup=  304.47
     Process 3 started calculating ia=417
                                            [WORKER  1] ia= 415, thermal , zout=64.6, eup=  304.42
     Process 1 started calculating ia=418
                                            [WORKER  2] ia= 416, thermal , zout=64.6, eup=  303.00
     Process 2 started calculating ia=419
                                            [WORKER  3] ia= 417, thermal , zout=64.6, eup=  303.55
     Process 3 started calculating ia=420
                                            [WORKER  1] ia= 418, thermal , zout=64.6, eup=  306.38
     Process 1 started calculating ia=421
                                            [WORKER  2] ia= 419, thermal , zout=64.6, eup=  301.90
     Process 2 started calculating ia=422
                                            [WORKER  3] ia= 420, thermal , zout=64.6, eup=  304.98
     Process 3 started calculating ia=423
                                            [WORKER  1] ia= 421, thermal , zout=64.6, eup=  303.34
     Process 1 started calculating ia=424
                                            [WORKER  2] ia= 422, thermal , zout=64.6, eup=  304.38
     Process 2 started calculating ia=425
                                            [WORKER  3] ia= 423, thermal , zout=64.6, eup=  305.08
     Process 3 started calculating ia=426
                                            [WORKER  1] ia= 424, thermal , zout=64.6, eup=  305.96
     Process 1 started calculating ia=427
                                            [WORKER  2] ia= 425, thermal , zout=64.6, eup=  307.96
     Process 2 started calculating ia=428
                                            [WORKER  3] ia= 426, thermal , zout=64.6, eup=  306.84
     Process 3 started calculating ia=429
                                            [WORKER  1] ia= 427, thermal , zout=64.6, eup=  302.46
     Process 1 started calculating ia=430
                                            [WORKER  2] ia= 428, thermal , zout=64.6, eup=  307.78
     Process 2 started calculating ia=431
                                            [WORKER  3] ia= 429, thermal , zout=64.6, eup=  308.78
     Process 3 started calculating ia=432
                                            [WORKER  1] ia= 430, thermal , zout=64.6, eup=  306.31
     Process 1 started calculating ia=433
                                            [WORKER  2] ia= 431, thermal , zout=64.6, eup=  308.11
     Process 2 started calculating ia=434
                                            [WORKER  3] ia= 432, thermal , zout=64.6, eup=  309.27
     Process 3 started calculating ia=435
                                            [WORKER  1] ia= 433, thermal , zout=64.6, eup=  306.52
     Process 1 started calculating ia=436
                                            [WORKER  2] ia= 434, thermal , zout=64.6, eup=  306.95
     Process 2 started calculating ia=437
                                            [WORKER  3] ia= 435, thermal , zout=64.6, eup=  308.17
     Process 3 started calculating ia=438
                                            [WORKER  1] ia= 436, thermal , zout=64.6, eup=  307.19
     Process 1 started calculating ia=439
                                            [WORKER  2] ia= 437, thermal , zout=64.6, eup=  306.67
     Process 2 started calculating ia=440
                                            [WORKER  3] ia= 438, thermal , zout=64.7, eup=  308.14
     Process 3 started calculating ia=441
                                            [WORKER  1] ia= 439, thermal , zout=64.7, eup=  308.08
     Process 1 started calculating ia=442
                                            [WORKER  2] ia= 440, thermal , zout=64.7, eup=  310.13
     Process 2 started calculating ia=443
                                            [WORKER  3] ia= 441, thermal , zout=64.6, eup=  308.13
     Process 3 started calculating ia=444
                                            [WORKER  1] ia= 442, thermal , zout=64.6, eup=  307.02
     Process 1 started calculating ia=445
                                            [WORKER  2] ia= 443, thermal , zout=64.7, eup=  305.13
     Process 2 started calculating ia=446
                                            [WORKER  3] ia= 444, thermal , zout=64.7, eup=  305.34
     Process 3 started calculating ia=447
                                            [WORKER  1] ia= 445, thermal , zout=64.7, eup=  304.50
     Process 1 started calculating ia=448
                                            [WORKER  2] ia= 446, thermal , zout=64.7, eup=  300.51
     Process 2 started calculating ia=449
                                            [WORKER  3] ia= 447, thermal , zout=64.7, eup=  301.65
     Process 3 started calculating ia=450
                                            [WORKER  1] ia= 448, thermal , zout=64.7, eup=  300.82
     Process 1 started calculating ia=451
                                            [WORKER  2] ia= 449, thermal , zout=64.7, eup=  303.01
     Process 2 started calculating ia=452
                                            [WORKER  3] ia= 450, thermal , zout=64.7, eup=  303.55
     Process 3 started calculating ia=453
                                            [WORKER  1] ia= 451, thermal , zout=64.7, eup=  302.50
     Process 1 started calculating ia=454
                                            [WORKER  2] ia= 452, thermal , zout=64.7, eup=  303.51
     Process 2 started calculating ia=455
                                            [WORKER  3] ia= 453, thermal , zout=64.7, eup=  305.72
     Process 3 started calculating ia=456
                                            [WORKER  1] ia= 454, thermal , zout=64.7, eup=  306.16
     Process 1 started calculating ia=457
                                            [WORKER  2] ia= 455, thermal , zout=64.7, eup=  305.28
     Process 2 started calculating ia=458
                                            [WORKER  3] ia= 456, thermal , zout=64.7, eup=  304.70
     Process 3 started calculating ia=459
                                            [WORKER  1] ia= 457, thermal , zout=64.7, eup=  305.89
     Process 1 started calculating ia=460
                                            [WORKER  2] ia= 458, thermal , zout=64.7, eup=  306.16
     Process 2 started calculating ia=461
                                            [WORKER  3] ia= 459, thermal , zout=64.7, eup=  296.17
     Process 3 started calculating ia=462
                                            [WORKER  1] ia= 460, thermal , zout=64.7, eup=  307.51
     Process 1 started calculating ia=463
                                            [WORKER  2] ia= 461, thermal , zout=64.7, eup=  305.50
     Process 2 started calculating ia=464
                                            [WORKER  3] ia= 462, thermal , zout=64.7, eup=  304.50
     Process 3 started calculating ia=465
                                            [WORKER  1] ia= 463, thermal , zout=64.6, eup=  302.47
     Process 1 started calculating ia=466
                                            [WORKER  2] ia= 464, thermal , zout=64.6, eup=  303.73
     Process 2 started calculating ia=467
                                            [WORKER  3] ia= 465, thermal , zout=64.7, eup=  309.46
     Process 3 started calculating ia=468
                                            [WORKER  1] ia= 466, thermal , zout=64.7, eup=  307.71
     Process 1 started calculating ia=469
                                            [WORKER  2] ia= 467, thermal , zout=64.7, eup=  307.39
     Process 2 started calculating ia=470
                                            [WORKER  3] ia= 468, thermal , zout=64.7, eup=  311.07
     Process 3 started calculating ia=471
                                            [WORKER  1] ia= 469, thermal , zout=64.7, eup=  309.39
     Process 1 started calculating ia=472
                                            [WORKER  2] ia= 470, thermal , zout=64.7, eup=  310.20
     Process 2 started calculating ia=473
                                            [WORKER  3] ia= 471, thermal , zout=64.6, eup=  306.72
     Process 3 started calculating ia=474
                                            [WORKER  1] ia= 472, thermal , zout=64.6, eup=  303.42
     Process 1 started calculating ia=475
                                            [WORKER  2] ia= 473, thermal , zout=64.5, eup=  307.75
     Process 2 started calculating ia=476
                                            [WORKER  3] ia= 474, thermal , zout=64.6, eup=  307.69
     Process 3 started calculating ia=477
                                            [WORKER  1] ia= 475, thermal , zout=64.6, eup=  310.03
     Process 1 started calculating ia=478
                                            [WORKER  2] ia= 476, thermal , zout=64.7, eup=  313.53
     Process 2 started calculating ia=479
                                            [WORKER  3] ia= 477, thermal , zout=64.6, eup=  311.53
     Process 3 started calculating ia=480
                                            [WORKER  1] ia= 478, thermal , zout=64.7, eup=  310.74
     Process 1 started calculating ia=481
                                            [WORKER  2] ia= 479, thermal , zout=64.7, eup=  303.28
     Process 2 started calculating ia=482
                                            [WORKER  3] ia= 480, thermal , zout=64.7, eup=  289.08
     Process 3 started calculating ia=483
                                            [WORKER  1] ia= 481, thermal , zout=64.7, eup=  298.07
     Process 1 started calculating ia=484
                                            [WORKER  2] ia= 482, thermal , zout=64.7, eup=  302.30
     Process 2 started calculating ia=485
                                            [WORKER  3] ia= 483, thermal , zout=64.7, eup=  299.54
     Process 3 started calculating ia=486
                                            [WORKER  1] ia= 484, thermal , zout=64.7, eup=  303.71
     Process 1 started calculating ia=487
                                            [WORKER  2] ia= 485, thermal , zout=64.7, eup=  303.65
     Process 2 started calculating ia=488
                                            [WORKER  3] ia= 486, thermal , zout=64.8, eup=  306.25
     Process 3 started calculating ia=489
                                            [WORKER  1] ia= 487, thermal , zout=64.8, eup=  306.74
     Process 1 started calculating ia=490
                                            [WORKER  2] ia= 488, thermal , zout=64.8, eup=  304.27
     Process 2 started calculating ia=491
                                            [WORKER  3] ia= 489, thermal , zout=64.8, eup=  304.45
     Process 3 started calculating ia=492
                                            [WORKER  1] ia= 490, thermal , zout=64.8, eup=  300.48
     Process 1 started calculating ia=493
                                            [WORKER  2] ia= 491, thermal , zout=64.8, eup=  305.24
     Process 2 started calculating ia=494
                                            [WORKER  3] ia= 492, thermal , zout=64.8, eup=  305.28
     Process 3 started calculating ia=495
                                            [WORKER  1] ia= 493, thermal , zout=64.8, eup=  305.09
     Process 1 started calculating ia=496
                                            [WORKER  2] ia= 494, thermal , zout=64.8, eup=  304.82
     Process 2 started calculating ia=497
                                            [WORKER  3] ia= 495, thermal , zout=64.8, eup=  302.88
     Process 3 started calculating ia=498
                                            [WORKER  1] ia= 496, thermal , zout=64.8, eup=  303.31
     Process 1 started calculating ia=499
                                            [WORKER  2] ia= 497, thermal , zout=64.8, eup=  303.78
     Process 2 started calculating ia=500
                                            [WORKER  3] ia= 498, thermal , zout=64.8, eup=  304.35
     Process 3 started calculating ia=501
                                            [WORKER  1] ia= 499, thermal , zout=64.8, eup=  303.59
     Process 1 started calculating ia=502
                                            [WORKER  2] ia= 500, thermal , zout=64.8, eup=  304.25
     Process 2 started calculating ia=503
                                            [WORKER  3] ia= 501, thermal , zout=64.8, eup=  305.30
     Process 3 started calculating ia=504
                                            [WORKER  1] ia= 502, thermal , zout=64.7, eup=  304.33
     Process 1 started calculating ia=505
                                            [WORKER  2] ia= 503, thermal , zout=64.8, eup=  306.98
     Process 2 started calculating ia=506
                                            [WORKER  3] ia= 504, thermal , zout=64.8, eup=  300.25
     Process 3 started calculating ia=507
                                            [WORKER  1] ia= 505, thermal , zout=64.8, eup=  298.38
     Process 1 started calculating ia=508
                                            [WORKER  2] ia= 506, thermal , zout=64.8, eup=  292.42
     Process 2 started calculating ia=509
                                            [WORKER  3] ia= 507, thermal , zout=64.8, eup=  298.21
     Process 3 started calculating ia=510
                                            [WORKER  1] ia= 508, thermal , zout=64.8, eup=  299.35
     Process 1 started calculating ia=511
                                            [WORKER  2] ia= 509, thermal , zout=64.8, eup=  295.29
     Process 2 started calculating ia=512
                                            [WORKER  3] ia= 510, thermal , zout=64.8, eup=  294.98
     Process 3 started calculating ia=513
                                            [WORKER  1] ia= 511, thermal , zout=64.8, eup=  290.95
     Process 1 started calculating ia=514
                                            [WORKER  2] ia= 512, thermal , zout=64.8, eup=  302.87
     Process 2 started calculating ia=515
                                            [WORKER  3] ia= 513, thermal , zout=64.8, eup=  301.95
     Process 3 started calculating ia=516
                                            [WORKER  1] ia= 514, thermal , zout=64.8, eup=  294.71
     Process 1 started calculating ia=517
                                            [WORKER  2] ia= 515, thermal , zout=64.8, eup=  301.88
     Process 2 started calculating ia=518
                                            [WORKER  3] ia= 516, thermal , zout=64.8, eup=  302.71
     Process 3 started calculating ia=519
                                            [WORKER  1] ia= 517, thermal , zout=64.8, eup=  302.87
     Process 1 started calculating ia=520
                                            [WORKER  2] ia= 518, thermal , zout=64.8, eup=  302.63
     Process 2 started calculating ia=521
                                            [WORKER  3] ia= 519, thermal , zout=64.8, eup=  303.40
     Process 3 started calculating ia=522
                                            [WORKER  1] ia= 520, thermal , zout=64.8, eup=  303.22
     Process 1 started calculating ia=523
                                            [WORKER  2] ia= 521, thermal , zout=64.8, eup=  303.01
     Process 2 started calculating ia=524
                                            [WORKER  3] ia= 522, thermal , zout=64.8, eup=  303.35
     Process 3 started calculating ia=525
                                            [WORKER  1] ia= 523, thermal , zout=64.7, eup=  301.43
     Process 1 started calculating ia=526
                                            [WORKER  2] ia= 524, thermal , zout=64.7, eup=  299.70
     Process 2 started calculating ia=527
                                            [WORKER  3] ia= 525, thermal , zout=64.7, eup=  301.74
     Process 3 started calculating ia=528
                                            [WORKER  1] ia= 526, thermal , zout=64.7, eup=  301.46
     Process 1 started calculating ia=529
                                            [WORKER  2] ia= 527, thermal , zout=64.7, eup=  300.47
     Process 2 started calculating ia=530
                                            [WORKER  3] ia= 528, thermal , zout=64.7, eup=  300.09
     Process 3 started calculating ia=531
                                            [WORKER  1] ia= 529, thermal , zout=64.7, eup=  299.35
     Process 1 started calculating ia=532
                                            [WORKER  2] ia= 530, thermal , zout=64.7, eup=  299.01
     Process 2 started calculating ia=533
                                            [WORKER  3] ia= 531, thermal , zout=64.7, eup=  299.56
     Process 3 started calculating ia=534
                                            [WORKER  1] ia= 532, thermal , zout=64.7, eup=  299.72
     Process 1 started calculating ia=535
                                            [WORKER  2] ia= 533, thermal , zout=64.7, eup=  299.08
     Process 2 started calculating ia=536
                                            [WORKER  3] ia= 534, thermal , zout=64.7, eup=  298.72
     Process 3 started calculating ia=537
                                            [WORKER  1] ia= 535, thermal , zout=64.7, eup=  298.53
     Process 1 started calculating ia=538
                                            [WORKER  2] ia= 536, thermal , zout=64.7, eup=  299.02
     Process 2 started calculating ia=539
                                            [WORKER  3] ia= 537, thermal , zout=64.7, eup=  299.47
     Process 3 started calculating ia=540
                                            [WORKER  1] ia= 538, thermal , zout=64.7, eup=  313.11
     Process 1 started calculating ia=541
                                            [WORKER  2] ia= 539, thermal , zout=64.7, eup=  294.28
     Process 2 started calculating ia=542
                                            [WORKER  3] ia= 540, thermal , zout=64.7, eup=  313.66
     Process 3 started calculating ia=543
                                            [WORKER  1] ia= 541, thermal , zout=64.7, eup=  313.99
     Process 1 started calculating ia=544
                                            [WORKER  2] ia= 542, thermal , zout=64.7, eup=  314.00
     Process 2 started calculating ia=545
                                            [WORKER  3] ia= 543, thermal , zout=64.7, eup=  314.01
     Process 3 started calculating ia=546
                                            [WORKER  1] ia= 544, thermal , zout=64.7, eup=  314.17
     Process 1 started calculating ia=547
                                            [WORKER  2] ia= 545, thermal , zout=64.7, eup=  297.64
     Process 2 started calculating ia=548
                                            [WORKER  3] ia= 546, thermal , zout=64.7, eup=  299.23
     Process 3 started calculating ia=549
                                            [WORKER  1] ia= 547, thermal , zout=64.7, eup=  300.21
     Process 1 started calculating ia=550
                                            [WORKER  2] ia= 548, thermal , zout=64.7, eup=  298.65
     Process 2 started calculating ia=551
                                            [WORKER  3] ia= 549, thermal , zout=64.7, eup=  296.65
     Process 3 started calculating ia=552
                                            [WORKER  1] ia= 550, thermal , zout=64.8, eup=  297.42
     Process 1 started calculating ia=553
                                            [WORKER  2] ia= 551, thermal , zout=64.8, eup=  316.61
     Process 2 started calculating ia=554
                                            [WORKER  3] ia= 552, thermal , zout=64.8, eup=  316.63
     Process 3 started calculating ia=555
                                            [WORKER  1] ia= 553, thermal , zout=64.8, eup=  316.65
     Process 1 started calculating ia=556
                                            [WORKER  2] ia= 554, thermal , zout=64.8, eup=  316.56
     Process 2 started calculating ia=557
                                            [WORKER  3] ia= 555, thermal , zout=64.8, eup=  303.97
     Process 3 started calculating ia=558
                                            [WORKER  1] ia= 556, thermal , zout=64.8, eup=  316.38
     Process 1 started calculating ia=559
                                            [WORKER  2] ia= 557, thermal , zout=64.8, eup=  305.83
     Process 2 started calculating ia=560
                                            [WORKER  3] ia= 558, thermal , zout=64.8, eup=  307.49
     Process 3 started calculating ia=561
                                            [WORKER  1] ia= 559, thermal , zout=64.8, eup=  309.22
     Process 1 started calculating ia=562
                                            [WORKER  2] ia= 560, thermal , zout=64.8, eup=  314.28
     Process 2 started calculating ia=563
                                            [WORKER  3] ia= 561, thermal , zout=64.8, eup=  315.28
     Process 3 started calculating ia=564
                                            [WORKER  1] ia= 562, thermal , zout=64.8, eup=  315.00
     Process 1 started calculating ia=565
                                            [WORKER  2] ia= 563, thermal , zout=64.8, eup=  314.18
     Process 2 started calculating ia=566
                                            [WORKER  3] ia= 564, thermal , zout=64.8, eup=  307.50
     Process 3 started calculating ia=567
                                            [WORKER  1] ia= 565, thermal , zout=64.8, eup=  314.43
     Process 1 started calculating ia=568
                                            [WORKER  2] ia= 566, thermal , zout=64.8, eup=  313.54
     Process 2 started calculating ia=569
                                            [WORKER  3] ia= 567, thermal , zout=64.8, eup=  314.25
     Process 3 started calculating ia=570
                                            [WORKER  1] ia= 568, thermal , zout=64.8, eup=  306.60
     Process 1 started calculating ia=571
                                            [WORKER  2] ia= 569, thermal , zout=64.8, eup=  305.54
     Process 2 started calculating ia=572
                                            [WORKER  3] ia= 570, thermal , zout=64.8, eup=  305.62
     Process 3 started calculating ia=573
                                            [WORKER  1] ia= 571, thermal , zout=64.8, eup=  302.14
     Process 1 started calculating ia=574
                                            [WORKER  2] ia= 572, thermal , zout=64.8, eup=  302.38
     Process 2 started calculating ia=575
                                            [WORKER  3] ia= 573, thermal , zout=64.8, eup=  300.83
     Process 3 started calculating ia=576
                                            [WORKER  1] ia= 574, thermal , zout=64.8, eup=  305.31
     Process 1 started calculating ia=577
                                            [WORKER  2] ia= 575, thermal , zout=64.8, eup=  304.15
     Process 2 started calculating ia=578
                                            [WORKER  3] ia= 576, thermal , zout=64.8, eup=  302.96
     Process 3 started calculating ia=579
                                            [WORKER  1] ia= 577, thermal , zout=64.8, eup=  303.87
     Process 1 started calculating ia=580
                                            [WORKER  2] ia= 578, thermal , zout=64.8, eup=  304.34
     Process 2 started calculating ia=581
                                            [WORKER  3] ia= 579, thermal , zout=64.8, eup=  303.34
     Process 3 started calculating ia=582
                                            [WORKER  1] ia= 580, thermal , zout=64.8, eup=  305.11
     Process 1 started calculating ia=583
                                            [WORKER  2] ia= 581, thermal , zout=64.8, eup=  305.45
     Process 2 started calculating ia=584
                                            [WORKER  3] ia= 582, thermal , zout=64.8, eup=  305.01
     Process 3 started calculating ia=585
                                            [WORKER  1] ia= 583, thermal , zout=64.8, eup=  304.80
     Process 1 started calculating ia=586
                                            [WORKER  2] ia= 584, thermal , zout=64.8, eup=  304.59
     Process 2 started calculating ia=587
                                            [WORKER  3] ia= 585, thermal , zout=64.8, eup=  302.34
     Process 3 started calculating ia=588
                                            [WORKER  1] ia= 586, thermal , zout=64.8, eup=  278.10
     Process 1 started calculating ia=589
                                            [WORKER  2] ia= 587, thermal , zout=64.8, eup=  302.96
     Process 2 started calculating ia=590
                                            [WORKER  3] ia= 588, thermal , zout=64.8, eup=  303.34
     Process 3 started calculating ia=591
                                            [WORKER  1] ia= 589, thermal , zout=64.8, eup=  297.10
     Process 1 started calculating ia=592
                                            [WORKER  2] ia= 590, thermal , zout=64.8, eup=  305.64
     Process 2 started calculating ia=593
                                            [WORKER  3] ia= 591, thermal , zout=64.8, eup=  294.90
     Process 3 started calculating ia=594
                                            [WORKER  1] ia= 592, thermal , zout=64.8, eup=  293.21
     Process 1 started calculating ia=595
                                            [WORKER  2] ia= 593, thermal , zout=64.8, eup=  291.29
     Process 2 started calculating ia=596
                                            [WORKER  3] ia= 594, thermal , zout=64.8, eup=  305.87
     Process 3 started calculating ia=597
                                            [WORKER  1] ia= 595, thermal , zout=64.8, eup=  304.98
     Process 1 started calculating ia=598
                                            [WORKER  2] ia= 596, thermal , zout=64.8, eup=  296.88
     Process 2 started calculating ia=599
                                            [WORKER  3] ia= 597, thermal , zout=64.8, eup=  305.49
     Process 3 started calculating ia=600
                                            [WORKER  1] ia= 598, thermal , zout=64.8, eup=  300.18
     Process 1 started calculating ia=601
                                            [WORKER  2] ia= 599, thermal , zout=64.8, eup=  304.76
     Process 2 started calculating ia=602
                                            [WORKER  3] ia= 600, thermal , zout=64.8, eup=  289.23
     Process 3 started calculating ia=603
                                            [WORKER  1] ia= 601, thermal , zout=64.8, eup=  305.94
     Process 1 started calculating ia=604
                                            [WORKER  2] ia= 602, thermal , zout=64.8, eup=  305.68
     Process 2 started calculating ia=605
                                            [WORKER  3] ia= 603, thermal , zout=64.8, eup=  293.79
     Process 3 started calculating ia=606
                                            [WORKER  1] ia= 604, thermal , zout=64.7, eup=  299.85
     Process 1 started calculating ia=607
                                            [WORKER  2] ia= 605, thermal , zout=64.7, eup=  300.34
     Process 2 started calculating ia=608
                                            [WORKER  3] ia= 606, thermal , zout=64.7, eup=  299.18
     Process 3 started calculating ia=609
                                            [WORKER  1] ia= 607, thermal , zout=64.7, eup=  299.93
     Process 1 started calculating ia=610
                                            [WORKER  2] ia= 608, thermal , zout=64.7, eup=  299.16
     Process 2 started calculating ia=611
                                            [WORKER  3] ia= 609, thermal , zout=64.7, eup=  296.02
     Process 3 started calculating ia=612
                                            [WORKER  1] ia= 610, thermal , zout=64.7, eup=  298.58
     Process 1 started calculating ia=613
                                            [WORKER  2] ia= 611, thermal , zout=64.7, eup=  298.98
     Process 2 started calculating ia=614
                                            [WORKER  1] ia= 613, thermal , zout=64.7, eup=  297.66
     Process 1 started calculating ia=615
                                            [WORKER  3] ia= 612, thermal , zout=64.7, eup=  299.43
     Process 3 started calculating ia=616
                                            [WORKER  2] ia= 614, thermal , zout=64.7, eup=  295.94
     Process 2 started calculating ia=617
                                            [WORKER  1] ia= 615, thermal , zout=64.7, eup=  291.92
     Process 1 started calculating ia=618
                                            [WORKER  3] ia= 616, thermal , zout=64.6, eup=  296.11
     Process 3 started calculating ia=619
                                            [WORKER  2] ia= 617, thermal , zout=64.6, eup=  293.98
     Process 2 started calculating ia=620
                                            [WORKER  3] ia= 619, thermal , zout=64.6, eup=  297.03
     Process 3 started calculating ia=621
                                            [WORKER  1] ia= 618, thermal , zout=64.6, eup=  296.78
     Process 1 started calculating ia=622
                                            [WORKER  2] ia= 620, thermal , zout=64.6, eup=  297.19
     Process 2 started calculating ia=623
                                            [WORKER  3] ia= 621, thermal , zout=64.6, eup=  296.45
     Process 3 started calculating ia=624
                                            [WORKER  1] ia= 622, thermal , zout=64.6, eup=  296.07
     Process 1 started calculating ia=625
                                            [WORKER  2] ia= 623, thermal , zout=64.6, eup=  295.35
     Process 2 started calculating ia=626
                                            [WORKER  1] ia= 625, thermal , zout=64.6, eup=  293.78
     Process 1 started calculating ia=627
                                            [WORKER  3] ia= 624, thermal , zout=64.5, eup=  290.01
     Process 3 started calculating ia=628
                                            [WORKER  2] ia= 626, thermal , zout=64.7, eup=  291.18
     Process 2 started calculating ia=629
                                            [WORKER  1] ia= 627, thermal , zout=64.7, eup=  296.29
     Process 1 started calculating ia=630
                                            [WORKER  3] ia= 628, thermal , zout=64.7, eup=  289.71
     Process 3 started calculating ia=631
                                            [WORKER  2] ia= 629, thermal , zout=64.7, eup=  295.40
     Process 2 started calculating ia=632
                                            [WORKER  1] ia= 630, thermal , zout=64.6, eup=  297.04
     Process 1 started calculating ia=633
                                            [WORKER  3] ia= 631, thermal , zout=64.6, eup=  296.44
     Process 3 started calculating ia=634
                                            [WORKER  2] ia= 632, thermal , zout=64.6, eup=  294.47
     Process 2 started calculating ia=635
                                            [WORKER  1] ia= 633, thermal , zout=64.6, eup=  295.01
     Process 1 started calculating ia=636
                                            [WORKER  3] ia= 634, thermal , zout=64.6, eup=  292.50
     Process 3 started calculating ia=637
                                            [WORKER  2] ia= 635, thermal , zout=64.6, eup=  298.04
     Process 2 started calculating ia=638
                                            [WORKER  3] ia= 637, thermal , zout=64.5, eup=  288.05
     Process 3 started calculating ia=639
                                            [WORKER  1] ia= 636, thermal , zout=64.5, eup=  294.60
     Process 1 started calculating ia=640
                                            [WORKER  2] ia= 638, thermal , zout=64.5, eup=  296.38
     Process 2 started calculating ia=641
                                            [WORKER  2] ia= 641, thermal , zout=64.5, eup=  295.34
     Process 2 started calculating ia=642
                                            [WORKER  1] ia= 640, thermal , zout=64.5, eup=  294.51
     Process 1 started calculating ia=643
                                            [WORKER  3] ia= 639, thermal , zout=64.5, eup=  293.22
     Process 3 started calculating ia=644
                                            [WORKER  3] ia= 644, thermal , zout=64.5, eup=  296.00
     Process 3 started calculating ia=645
                                            [WORKER  1] ia= 643, thermal , zout=64.5, eup=  294.98
     Process 1 started calculating ia=646
                                            [WORKER  2] ia= 642, thermal , zout=64.5, eup=  296.28
     Process 2 started calculating ia=647
                                            [WORKER  3] ia= 645, thermal , zout=64.5, eup=  296.11
     Process 3 started calculating ia=648
                                            [WORKER  1] ia= 646, thermal , zout=64.5, eup=  298.49
     Process 1 started calculating ia=649
                                            [WORKER  2] ia= 647, thermal , zout=64.5, eup=  296.07
     Process 2 started calculating ia=650
                                            [WORKER  2] ia= 650, thermal , zout=64.5, eup=  301.97
     Process 2 started calculating ia=651
                                            [WORKER  1] ia= 649, thermal , zout=64.5, eup=  299.15
     Process 1 started calculating ia=652
                                            [WORKER  3] ia= 648, thermal , zout=64.5, eup=  300.08
     Process 3 started calculating ia=653
                                            [WORKER  1] ia= 652, thermal , zout=64.5, eup=  301.67
     Process 1 started calculating ia=654
                                            [WORKER  3] ia= 653, thermal , zout=64.6, eup=  303.42
     Process 3 started calculating ia=655
                                            [WORKER  2] ia= 651, thermal , zout=64.5, eup=  301.13
     Process 2 started calculating ia=656
                                            [WORKER  3] ia= 655, thermal , zout=64.5, eup=  299.96
     Process 3 started calculating ia=657
                                            [WORKER  2] ia= 656, thermal , zout=64.5, eup=  299.17
     Process 2 started calculating ia=658
                                            [WORKER  1] ia= 654, thermal , zout=64.6, eup=  302.71
     Process 1 started calculating ia=659
                                            [WORKER  3] ia= 657, thermal , zout=64.5, eup=  297.05
     Process 3 started calculating ia=660
                                            [WORKER  1] ia= 659, thermal , zout=64.6, eup=  297.08
     Process 1 started calculating ia=661
                                            [WORKER  2] ia= 658, thermal , zout=64.5, eup=  296.45
     Process 2 started calculating ia=662
                                            [WORKER  3] ia= 660, thermal , zout=64.6, eup=  295.62
     Process 3 started calculating ia=663
                                            [WORKER  1] ia= 661, thermal , zout=64.6, eup=  295.59
     Process 1 started calculating ia=664
                                            [WORKER  2] ia= 662, thermal , zout=64.6, eup=  291.24
     Process 2 started calculating ia=665
                                            [WORKER  2] ia= 665, thermal , zout=64.6, eup=  287.85
     Process 2 started calculating ia=666
                                            [WORKER  3] ia= 663, thermal , zout=64.6, eup=  289.98
     Process 3 started calculating ia=667
                                            [WORKER  1] ia= 664, thermal , zout=64.7, eup=  292.61
     Process 1 started calculating ia=668
                                            [WORKER  1] ia= 668, thermal , zout=64.7, eup=  282.53
     Process 1 started calculating ia=669
                                            [WORKER  2] ia= 666, thermal , zout=64.7, eup=  296.59
     Process 2 started calculating ia=670
                                            [WORKER  3] ia= 667, thermal , zout=64.7, eup=  296.12
     Process 3 started calculating ia=671
                                            [WORKER  2] ia= 670, thermal , zout=64.7, eup=  295.66
     Process 2 started calculating ia=672
                                            [WORKER  1] ia= 669, thermal , zout=64.7, eup=  296.46
     Process 1 started calculating ia=673
                                            [WORKER  3] ia= 671, thermal , zout=64.7, eup=  291.84
     Process 3 started calculating ia=674
                                            [WORKER  1] ia= 673, thermal , zout=64.7, eup=  291.81
     Process 1 started calculating ia=675
                                            [WORKER  3] ia= 674, thermal , zout=64.7, eup=  290.51
     Process 3 started calculating ia=676
                                            [WORKER  2] ia= 672, thermal , zout=64.7, eup=  290.70
     Process 2 started calculating ia=677
                                            [WORKER  1] ia= 675, thermal , zout=64.7, eup=  292.24
     Process 1 started calculating ia=678
                                            [WORKER  3] ia= 676, thermal , zout=64.7, eup=  293.24
     Process 3 started calculating ia=679
                                            [WORKER  2] ia= 677, thermal , zout=64.7, eup=  291.47
     Process 2 started calculating ia=680
                                            [WORKER  1] ia= 678, thermal , zout=64.7, eup=  291.15
     Process 1 started calculating ia=681
                                            [WORKER  3] ia= 679, thermal , zout=64.7, eup=  291.64
     Process 3 started calculating ia=682
                                            [WORKER  2] ia= 680, thermal , zout=64.7, eup=  288.95
     Process 2 started calculating ia=683
                                            [WORKER  1] ia= 681, thermal , zout=64.7, eup=  288.26
     Process 1 started calculating ia=684
                                            [WORKER  3] ia= 682, thermal , zout=64.7, eup=  282.46
     Process 3 started calculating ia=685
                                            [WORKER  2] ia= 683, thermal , zout=64.7, eup=  289.62
     Process 2 started calculating ia=686
                                            [WORKER  1] ia= 684, thermal , zout=64.7, eup=  290.65
     Process 1 started calculating ia=687
                                            [WORKER  3] ia= 685, thermal , zout=64.7, eup=  300.55
     Process 3 started calculating ia=688
                                            [WORKER  2] ia= 686, thermal , zout=64.7, eup=  300.91
     Process 2 started calculating ia=689
                                            [WORKER  1] ia= 687, thermal , zout=64.7, eup=  296.08
     Process 1 started calculating ia=690
                                            [WORKER  2] ia= 689, thermal , zout=64.7, eup=  293.83
     Process 2 started calculating ia=691
                                            [WORKER  3] ia= 688, thermal , zout=64.7, eup=  302.90
     Process 3 started calculating ia=692
                                            [WORKER  1] ia= 690, thermal , zout=64.7, eup=  293.45
     Process 1 started calculating ia=693
                                            [WORKER  2] ia= 691, thermal , zout=64.7, eup=  301.54
     Process 2 started calculating ia=694
                                            [WORKER  3] ia= 692, thermal , zout=64.7, eup=  301.31
     Process 3 started calculating ia=695
                                            [WORKER  1] ia= 693, thermal , zout=64.7, eup=  294.56
     Process 1 started calculating ia=696
                                            [WORKER  2] ia= 694, thermal , zout=64.7, eup=  295.89
     Process 2 started calculating ia=697
                                            [WORKER  3] ia= 695, thermal , zout=64.6, eup=  298.79
     Process 3 started calculating ia=698
                                            [WORKER  1] ia= 696, thermal , zout=64.6, eup=  300.15
     Process 1 started calculating ia=699
                                            [WORKER  2] ia= 697, thermal , zout=64.6, eup=  297.68
     Process 2 started calculating ia=700
                                            [WORKER  3] ia= 698, thermal , zout=64.6, eup=  294.97
     Process 3 started calculating ia=701
                                            [WORKER  1] ia= 699, thermal , zout=64.6, eup=  298.98
     Process 1 started calculating ia=702
                                            [WORKER  2] ia= 700, thermal , zout=64.6, eup=  296.79
     Process 2 started calculating ia=703
                                            [WORKER  3] ia= 701, thermal , zout=64.6, eup=  291.25
     Process 3 started calculating ia=704
                                            [WORKER  1] ia= 702, thermal , zout=64.7, eup=  294.58
     Process 1 started calculating ia=705
                                            [WORKER  2] ia= 703, thermal , zout=64.7, eup=  293.74
     Process 2 started calculating ia=706
                                            [WORKER  3] ia= 704, thermal , zout=64.6, eup=  285.62
     Process 3 started calculating ia=707
                                            [WORKER  3] ia= 707, thermal , zout=64.6, eup=  286.37
     Process 3 started calculating ia=708
                                            [WORKER  1] ia= 705, thermal , zout=64.7, eup=  288.90
     Process 1 started calculating ia=709
                                            [WORKER  2] ia= 706, thermal , zout=64.7, eup=  289.76
     Process 2 started calculating ia=710
                                            [WORKER  3] ia= 708, thermal , zout=64.6, eup=  287.19
     Process 3 started calculating ia=711
                                            [WORKER  2] ia= 710, thermal , zout=64.6, eup=  297.35
     Process 2 started calculating ia=712
                                            [WORKER  1] ia= 709, thermal , zout=64.7, eup=  285.40
     Process 1 started calculating ia=713
                                            [WORKER  1] ia= 713, thermal , zout=64.6, eup=  290.40
     Process 1 started calculating ia=714
                                            [WORKER  2] ia= 712, thermal , zout=64.6, eup=  278.51
     Process 2 started calculating ia=715
                                            [WORKER  3] ia= 711, thermal , zout=64.7, eup=  292.26
     Process 3 started calculating ia=716
                                            [WORKER  3] ia= 716, thermal , zout=64.8, eup=  296.11
     Process 3 started calculating ia=717
                                            [WORKER  1] ia= 714, thermal , zout=64.8, eup=  295.63
     Process 1 started calculating ia=718
                                            [WORKER  2] ia= 715, thermal , zout=64.8, eup=  297.24
     Process 2 started calculating ia=719
                                            [WORKER  1] ia= 718, thermal , zout=64.8, eup=  285.26
     Process 1 started calculating ia=720
                                            [WORKER  2] ia= 719, thermal , zout=64.8, eup=  291.34
     Process 2 started calculating ia=721
                                            [WORKER  3] ia= 717, thermal , zout=64.8, eup=  291.99
     Process 3 started calculating ia=722
                                            [WORKER  3] ia= 722, thermal , zout=64.8, eup=  287.60
     Process 3 started calculating ia=723
                                            [WORKER  1] ia= 720, thermal , zout=64.8, eup=  287.61
     Process 1 started calculating ia=724
                                            [WORKER  2] ia= 721, thermal , zout=64.8, eup=  279.00
     Process 2 started calculating ia=725
                                            [WORKER  2] ia= 725, thermal , zout=64.8, eup=  287.26
                                            [WORKER  1] ia= 724, thermal , zout=64.8, eup=  283.46
     Process 2 started calculating ia=726
     Process 1 started calculating ia=727
                                            [WORKER  3] ia= 723, thermal , zout=64.8, eup=  285.21
     Process 3 started calculating ia=728
                                            [WORKER  1] ia= 727, thermal , zout=64.8, eup=  283.19
                                            [WORKER  2] ia= 726, thermal , zout=64.8, eup=  290.52
     Process 2 started calculating ia=729
                                            [WORKER  3] ia= 728, thermal , zout=64.8, eup=  285.32
     Process 3 started calculating ia=731
     Process 1 started calculating ia=730
                                            [WORKER  1] ia= 730, thermal , zout=64.8, eup=  284.47
     Process 1 started calculating ia=732
                                            [WORKER  3] ia= 731, thermal , zout=64.8, eup=  281.85
                                            [WORKER  2] ia= 729, thermal , zout=64.8, eup=  278.71
     Process 3 started calculating ia=733
     Process 2 started calculating ia=734
                                            [WORKER  2] ia= 734, thermal , zout=64.8, eup=  286.54
     Process 2 started calculating ia=735
                                            [WORKER  3] ia= 733, thermal , zout=64.8, eup=  287.23
     Process 3 started calculating ia=736
                                            [WORKER  1] ia= 732, thermal , zout=64.8, eup=  277.62
     Process 1 started calculating ia=737
                                            [WORKER  2] ia= 735, thermal , zout=64.8, eup=  284.15
     Process 2 started calculating ia=738
                                            [WORKER  1] ia= 737, thermal , zout=64.8, eup=  289.28
     Process 1 started calculating ia=739
                                            [WORKER  3] ia= 736, thermal , zout=64.8, eup=  287.44
     Process 3 started calculating ia=740
                                            [WORKER  2] ia= 738, thermal , zout=64.8, eup=  290.08
     Process 2 started calculating ia=741
                                            [WORKER  1] ia= 739, thermal , zout=64.8, eup=  286.56
     Process 1 started calculating ia=742
                                            [WORKER  3] ia= 740, thermal , zout=64.8, eup=  290.48
     Process 3 started calculating ia=743
                                            [WORKER  1] ia= 742, thermal , zout=64.8, eup=  282.83
     Process 1 started calculating ia=744
                                            [WORKER  2] ia= 741, thermal , zout=64.8, eup=  287.04
     Process 2 started calculating ia=745
                                            [WORKER  3] ia= 743, thermal , zout=64.8, eup=  284.19
     Process 3 started calculating ia=746
                                            [WORKER  3] ia= 746, thermal , zout=64.8, eup=  284.31
     Process 3 started calculating ia=747
                                            [WORKER  1] ia= 744, thermal , zout=64.8, eup=  267.75
     Process 1 started calculating ia=748
                                            [WORKER  2] ia= 745, thermal , zout=64.8, eup=  287.11
     Process 2 started calculating ia=749
                                            [WORKER  3] ia= 747, thermal , zout=64.8, eup=  279.67
     Process 3 started calculating ia=750
                                            [WORKER  2] ia= 749, thermal , zout=64.8, eup=  288.46
     Process 2 started calculating ia=751
                                            [WORKER  1] ia= 748, thermal , zout=64.8, eup=  284.55
     Process 1 started calculating ia=752
                                            [WORKER  3] ia= 750, thermal , zout=64.8, eup=  295.33
     Process 3 started calculating ia=753
                                            [WORKER  1] ia= 752, thermal , zout=64.8, eup=  284.71
     Process 1 started calculating ia=754
                                            [WORKER  2] ia= 751, thermal , zout=64.8, eup=  289.30
     Process 2 started calculating ia=755
                                            [WORKER  3] ia= 753, thermal , zout=64.8, eup=  282.88
     Process 3 started calculating ia=756
                                            [WORKER  2] ia= 755, thermal , zout=64.8, eup=  282.53
     Process 2 started calculating ia=757
                                            [WORKER  1] ia= 754, thermal , zout=64.8, eup=  281.02
     Process 1 started calculating ia=758
                                            [WORKER  3] ia= 756, thermal , zout=64.8, eup=  279.48
     Process 3 started calculating ia=759
                                            [WORKER  2] ia= 757, thermal , zout=64.8, eup=  276.38
     Process 2 started calculating ia=760
                                            [WORKER  1] ia= 758, thermal , zout=64.8, eup=  282.94
     Process 1 started calculating ia=761
                                            [WORKER  3] ia= 759, thermal , zout=64.8, eup=  281.16
     Process 3 started calculating ia=762
                                            [WORKER  1] ia= 761, thermal , zout=64.8, eup=  276.57
     Process 1 started calculating ia=763
                                            [WORKER  2] ia= 760, thermal , zout=64.8, eup=  267.83
     Process 2 started calculating ia=764
                                            [WORKER  3] ia= 762, thermal , zout=64.7, eup=  282.99
     Process 3 started calculating ia=765
                                            [WORKER  1] ia= 763, thermal , zout=64.8, eup=  275.09
     Process 1 started calculating ia=766
                                            [WORKER  2] ia= 764, thermal , zout=64.8, eup=  288.90
     Process 2 started calculating ia=767
                                            [WORKER  3] ia= 765, thermal , zout=64.8, eup=  293.93
     Process 3 started calculating ia=768
                                            [WORKER  1] ia= 766, thermal , zout=64.8, eup=  296.29
                                            [WORKER  2] ia= 767, thermal , zout=64.8, eup=  294.76
     Process 2 started calculating ia=769
     Process 1 started calculating ia=770
                                            [WORKER  3] ia= 768, thermal , zout=64.8, eup=  289.62
     Process 3 started calculating ia=771
                                            [WORKER  1] ia= 770, thermal , zout=64.8, eup=  292.61
     Process 1 started calculating ia=772
                                            [WORKER  2] ia= 769, thermal , zout=64.7, eup=  292.33
     Process 2 started calculating ia=773
                                            [WORKER  3] ia= 771, thermal , zout=64.7, eup=  291.85
     Process 3 started calculating ia=774
                                            [WORKER  1] ia= 772, thermal , zout=64.7, eup=  292.72
     Process 1 started calculating ia=775
                                            [WORKER  2] ia= 773, thermal , zout=64.7, eup=  291.01
     Process 2 started calculating ia=776
                                            [WORKER  3] ia= 774, thermal , zout=64.7, eup=  295.12
     Process 3 started calculating ia=777
                                            [WORKER  1] ia= 775, thermal , zout=64.7, eup=  281.49
     Process 1 started calculating ia=778
                                            [WORKER  2] ia= 776, thermal , zout=64.7, eup=  290.87
     Process 2 started calculating ia=779
                                            [WORKER  3] ia= 777, thermal , zout=64.7, eup=  291.87
     Process 3 started calculating ia=780
                                            [WORKER  1] ia= 778, thermal , zout=64.7, eup=  290.85
     Process 1 started calculating ia=781
                                            [WORKER  2] ia= 779, thermal , zout=64.7, eup=  289.91
     Process 2 started calculating ia=782
                                            [WORKER  3] ia= 780, thermal , zout=64.7, eup=  284.88
     Process 3 started calculating ia=783
                                            [WORKER  1] ia= 781, thermal , zout=64.7, eup=  289.45
     Process 1 started calculating ia=784
                                            [WORKER  2] ia= 782, thermal , zout=64.7, eup=  292.12
     Process 2 started calculating ia=785
                                            [WORKER  3] ia= 783, thermal , zout=64.7, eup=  287.21
     Process 3 started calculating ia=786
                                            [WORKER  1] ia= 784, thermal , zout=64.7, eup=  285.59
     Process 1 started calculating ia=787
                                            [WORKER  2] ia= 785, thermal , zout=64.7, eup=  285.89
     Process 2 started calculating ia=788
                                            [WORKER  3] ia= 786, thermal , zout=64.7, eup=  288.11
     Process 3 started calculating ia=789
                                            [WORKER  1] ia= 787, thermal , zout=64.7, eup=  281.09
     Process 1 started calculating ia=790
                                            [WORKER  2] ia= 788, thermal , zout=64.8, eup=  275.35
     Process 2 started calculating ia=791
                                            [WORKER  3] ia= 789, thermal , zout=64.8, eup=  272.86
     Process 3 started calculating ia=792
                                            [WORKER  1] ia= 790, thermal , zout=64.8, eup=  274.77
     Process 1 started calculating ia=793
                                            [WORKER  2] ia= 791, thermal , zout=64.7, eup=  258.41
     Process 2 started calculating ia=794
                                            [WORKER  3] ia= 792, thermal , zout=64.7, eup=  275.66
     Process 3 started calculating ia=795
                                            [WORKER  1] ia= 793, thermal , zout=64.7, eup=  278.40
     Process 1 started calculating ia=796
                                            [WORKER  2] ia= 794, thermal , zout=64.7, eup=  276.40
     Process 2 started calculating ia=797
                                            [WORKER  3] ia= 795, thermal , zout=64.7, eup=  273.83
     Process 3 started calculating ia=798
                                            [WORKER  1] ia= 796, thermal , zout=64.7, eup=  254.96
     Process 1 started calculating ia=799
                                            [WORKER  2] ia= 797, thermal , zout=64.7, eup=  264.04
     Process 2 started calculating ia=800
                                            [WORKER  3] ia= 798, thermal , zout=64.7, eup=  280.14
     Process 3 started calculating ia=801
                                            [WORKER  2] ia= 800, thermal , zout=64.7, eup=  285.70
     Process 2 started calculating ia=802
                                            [WORKER  1] ia= 799, thermal , zout=64.7, eup=  286.74
     Process 1 started calculating ia=803
                                            [WORKER  3] ia= 801, thermal , zout=64.8, eup=  290.85
     Process 3 started calculating ia=804
                                            [WORKER  1] ia= 803, thermal , zout=64.8, eup=  288.65
     Process 1 started calculating ia=805
                                            [WORKER  2] ia= 802, thermal , zout=64.8, eup=  289.65
     Process 2 started calculating ia=806
                                            [WORKER  3] ia= 804, thermal , zout=64.8, eup=  288.86
     Process 3 started calculating ia=807
                                            [WORKER  1] ia= 805, thermal , zout=64.8, eup=  286.27
     Process 1 started calculating ia=808
                                            [WORKER  2] ia= 806, thermal , zout=64.8, eup=  282.25
     Process 2 started calculating ia=809
                                            [WORKER  3] ia= 807, thermal , zout=64.7, eup=  287.89
     Process 3 started calculating ia=810
                                            [WORKER  1] ia= 808, thermal , zout=64.7, eup=  273.26
     Process 1 started calculating ia=811
                                            [WORKER  2] ia= 809, thermal , zout=64.7, eup=  283.82
     Process 2 started calculating ia=812
                                            [WORKER  3] ia= 810, thermal , zout=64.8, eup=  294.23
     Process 3 started calculating ia=813
                                            [WORKER  1] ia= 811, thermal , zout=64.8, eup=  283.26
     Process 1 started calculating ia=814
                                            [WORKER  2] ia= 812, thermal , zout=64.8, eup=  294.47
     Process 2 started calculating ia=815
                                            [WORKER  3] ia= 813, thermal , zout=64.8, eup=  292.62
     Process 3 started calculating ia=816
                                            [WORKER  1] ia= 814, thermal , zout=64.8, eup=  292.25
     Process 1 started calculating ia=817
                                            [WORKER  2] ia= 815, thermal , zout=64.8, eup=  295.77
     Process 2 started calculating ia=818
                                            [WORKER  3] ia= 816, thermal , zout=64.8, eup=  276.79
     Process 3 started calculating ia=819
                                            [WORKER  1] ia= 817, thermal , zout=64.8, eup=  290.64
     Process 1 started calculating ia=820
                                            [WORKER  2] ia= 818, thermal , zout=64.8, eup=  287.12
     Process 2 started calculating ia=821
                                            [WORKER  3] ia= 819, thermal , zout=64.7, eup=  289.39
     Process 3 started calculating ia=822
                                            [WORKER  1] ia= 820, thermal , zout=64.8, eup=  293.15
                                            [WORKER  3] ia= 822, thermal , zout=64.8, eup=  290.85
     Process 1 started calculating ia=824
     Process 3 started calculating ia=823
                                            [WORKER  2] ia= 821, thermal , zout=64.8, eup=  293.68
     Process 2 started calculating ia=825
                                            [WORKER  2] ia= 825, thermal , zout=64.8, eup=  271.59
     Process 2 started calculating ia=826
                                            [WORKER  1] ia= 824, thermal , zout=64.8, eup=  284.95
     Process 1 started calculating ia=827
                                            [WORKER  3] ia= 823, thermal , zout=64.8, eup=  291.06
     Process 3 started calculating ia=828
                                            [WORKER  1] ia= 827, thermal , zout=64.8, eup=  291.57
     Process 1 started calculating ia=829
                                            [WORKER  2] ia= 826, thermal , zout=64.8, eup=  283.00
     Process 2 started calculating ia=830
                                            [WORKER  3] ia= 828, thermal , zout=64.8, eup=  291.77
     Process 3 started calculating ia=831
                                            [WORKER  3] ia= 831, thermal , zout=64.8, eup=  294.66
     Process 3 started calculating ia=832
                                            [WORKER  1] ia= 829, thermal , zout=64.8, eup=  291.67
     Process 1 started calculating ia=833
                                            [WORKER  2] ia= 830, thermal , zout=64.8, eup=  279.40
     Process 2 started calculating ia=834
                                            [WORKER  1] ia= 833, thermal , zout=64.8, eup=  287.56
     Process 1 started calculating ia=835
                                            [WORKER  2] ia= 834, thermal , zout=64.8, eup=  293.05
     Process 2 started calculating ia=836
                                            [WORKER  3] ia= 832, thermal , zout=64.8, eup=  295.90
     Process 3 started calculating ia=837
                                            [WORKER  3] ia= 837, thermal , zout=64.8, eup=  291.06
     Process 3 started calculating ia=838
                                            [WORKER  1] ia= 835, thermal , zout=64.8, eup=  287.31
     Process 1 started calculating ia=839
                                            [WORKER  2] ia= 836, thermal , zout=64.8, eup=  288.62
     Process 2 started calculating ia=840
                                            [WORKER  2] ia= 840, thermal , zout=64.8, eup=  293.85
     Process 2 started calculating ia=841
                                            [WORKER  1] ia= 839, thermal , zout=64.8, eup=  294.32
                                            [WORKER  3] ia= 838, thermal , zout=64.8, eup=  285.35
     Process 3 started calculating ia=842
     Process 1 started calculating ia=843
                                            [WORKER  1] ia= 843, thermal , zout=64.7, eup=  281.03
                                            [WORKER  2] ia= 841, thermal , zout=64.8, eup=  292.70
     Process 1 started calculating ia=844
     Process 2 started calculating ia=845
                                            [WORKER  3] ia= 842, thermal , zout=64.7, eup=  290.68
     Process 3 started calculating ia=846
                                            [WORKER  3] ia= 846, thermal , zout=64.8, eup=  293.34
     Process 3 started calculating ia=847
                                            [WORKER  1] ia= 844, thermal , zout=64.7, eup=  282.08
     Process 1 started calculating ia=848
                                            [WORKER  2] ia= 845, thermal , zout=64.8, eup=  293.94
     Process 2 started calculating ia=849
                                            [WORKER  3] ia= 847, thermal , zout=64.8, eup=  282.53
     Process 3 started calculating ia=850
                                            [WORKER  1] ia= 848, thermal , zout=64.8, eup=  289.37
     Process 1 started calculating ia=851
                                            [WORKER  2] ia= 849, thermal , zout=64.8, eup=  290.48
     Process 2 started calculating ia=852
                                            [WORKER  3] ia= 850, thermal , zout=64.8, eup=  278.67
     Process 3 started calculating ia=853
                                            [WORKER  1] ia= 851, thermal , zout=64.8, eup=  291.02
     Process 1 started calculating ia=854
                                            [WORKER  2] ia= 852, thermal , zout=64.8, eup=  287.09
     Process 2 started calculating ia=855
                                            [WORKER  3] ia= 853, thermal , zout=64.8, eup=  284.87
     Process 3 started calculating ia=856
                                            [WORKER  1] ia= 854, thermal , zout=64.7, eup=  287.72
     Process 1 started calculating ia=857
                                            [WORKER  2] ia= 855, thermal , zout=64.7, eup=  280.71
     Process 2 started calculating ia=858
                                            [WORKER  3] ia= 856, thermal , zout=64.7, eup=  283.72
     Process 3 started calculating ia=859
                                            [WORKER  1] ia= 857, thermal , zout=64.7, eup=  287.34
     Process 1 started calculating ia=860
                                            [WORKER  2] ia= 858, thermal , zout=64.7, eup=  286.23
     Process 2 started calculating ia=861
                                            [WORKER  3] ia= 859, thermal , zout=64.8, eup=  274.06
     Process 3 started calculating ia=862
                                            [WORKER  1] ia= 860, thermal , zout=64.8, eup=  284.88
     Process 1 started calculating ia=863
                                            [WORKER  2] ia= 861, thermal , zout=64.8, eup=  287.16
     Process 2 started calculating ia=864
                                            [WORKER  1] ia= 863, thermal , zout=64.8, eup=  290.00
     Process 1 started calculating ia=865
                                            [WORKER  3] ia= 862, thermal , zout=64.8, eup=  289.28
     Process 3 started calculating ia=866
                                            [WORKER  2] ia= 864, thermal , zout=64.8, eup=  292.60
     Process 2 started calculating ia=867
                                            [WORKER  1] ia= 865, thermal , zout=64.8, eup=  290.59
     Process 1 started calculating ia=868
                                            [WORKER  3] ia= 866, thermal , zout=64.8, eup=  285.27
     Process 3 started calculating ia=869
                                            [WORKER  2] ia= 867, thermal , zout=64.8, eup=  280.84
     Process 2 started calculating ia=870
                                            [WORKER  3] ia= 869, thermal , zout=64.8, eup=  275.97
     Process 3 started calculating ia=871
                                            [WORKER  2] ia= 870, thermal , zout=64.7, eup=  284.73
     Process 2 started calculating ia=872
                                            [WORKER  1] ia= 868, thermal , zout=64.8, eup=  276.97
     Process 1 started calculating ia=873
                                            [WORKER  3] ia= 871, thermal , zout=64.8, eup=  288.33
     Process 3 started calculating ia=874
                                            [WORKER  2] ia= 872, thermal , zout=64.8, eup=  277.63
     Process 2 started calculating ia=875
                                            [WORKER  1] ia= 873, thermal , zout=64.7, eup=  282.71
     Process 1 started calculating ia=876
                                            [WORKER  2] ia= 875, thermal , zout=64.7, eup=  281.52
     Process 2 started calculating ia=877
                                            [WORKER  1] ia= 876, thermal , zout=64.8, eup=  279.44
     Process 1 started calculating ia=878
                                            [WORKER  3] ia= 874, thermal , zout=64.7, eup=  284.18
     Process 3 started calculating ia=879
                                            [WORKER  2] ia= 877, thermal , zout=64.7, eup=  274.67
     Process 2 started calculating ia=880
                                            [WORKER  1] ia= 878, thermal , zout=64.7, eup=  280.91
     Process 1 started calculating ia=881
                                            [WORKER  3] ia= 879, thermal , zout=64.8, eup=  286.90
     Process 3 started calculating ia=882
                                            [WORKER  3] ia= 882, thermal , zout=64.8, eup=  284.67
     Process 3 started calculating ia=883
                                            [WORKER  1] ia= 881, thermal , zout=64.8, eup=  282.92
                                            [WORKER  2] ia= 880, thermal , zout=64.8, eup=  278.85
     Process 2 started calculating ia=884
     Process 1 started calculating ia=885
                                            [WORKER  1] ia= 885, thermal , zout=64.8, eup=  286.04
     Process 1 started calculating ia=886
                                            [WORKER  3] ia= 883, thermal , zout=64.8, eup=  283.75
     Process 3 started calculating ia=887
                                            [WORKER  2] ia= 884, thermal , zout=64.8, eup=  286.58
     Process 2 started calculating ia=888
                                            [WORKER  1] ia= 886, thermal , zout=64.8, eup=  287.02
     Process 1 started calculating ia=889
                                            [WORKER  2] ia= 888, thermal , zout=64.8, eup=  285.32
     Process 2 started calculating ia=890
                                            [WORKER  3] ia= 887, thermal , zout=64.8, eup=  289.03
     Process 3 started calculating ia=891
                                            [WORKER  1] ia= 889, thermal , zout=64.8, eup=  287.66
     Process 1 started calculating ia=892
                                            [WORKER  2] ia= 890, thermal , zout=64.8, eup=  284.27
     Process 2 started calculating ia=893
                                            [WORKER  3] ia= 891, thermal , zout=64.8, eup=  285.99
     Process 3 started calculating ia=894
                                            [WORKER  1] ia= 892, thermal , zout=64.8, eup=  284.62
     Process 1 started calculating ia=895
                                            [WORKER  3] ia= 894, thermal , zout=64.8, eup=  280.09
     Process 3 started calculating ia=896
                                            [WORKER  2] ia= 893, thermal , zout=64.8, eup=  276.67
     Process 2 started calculating ia=897
                                            [WORKER  1] ia= 895, thermal , zout=64.8, eup=  285.77
     Process 1 started calculating ia=898
                                            [WORKER  3] ia= 896, thermal , zout=64.8, eup=  285.13
     Process 3 started calculating ia=899
                                            [WORKER  2] ia= 897, thermal , zout=64.8, eup=  286.02
     Process 2 started calculating ia=900
                                            [WORKER  1] ia= 898, thermal , zout=64.8, eup=  286.80
     Process 1 started calculating ia=901
                                            [WORKER  3] ia= 899, thermal , zout=64.8, eup=  287.50
     Process 3 started calculating ia=902
                                            [WORKER  2] ia= 900, thermal , zout=64.8, eup=  288.61
     Process 2 started calculating ia=903
                                            [WORKER  1] ia= 901, thermal , zout=64.8, eup=  278.43
     Process 1 started calculating ia=904
                                            [WORKER  3] ia= 902, thermal , zout=64.8, eup=  286.77
     Process 3 started calculating ia=905
                                            [WORKER  2] ia= 903, thermal , zout=64.8, eup=  284.13
     Process 2 started calculating ia=906
                                            [WORKER  1] ia= 904, thermal , zout=64.8, eup=  286.28
     Process 1 started calculating ia=907
                                            [WORKER  3] ia= 905, thermal , zout=64.8, eup=  287.57
     Process 3 started calculating ia=908
                                            [WORKER  2] ia= 906, thermal , zout=64.8, eup=  282.06
     Process 2 started calculating ia=909
                                            [WORKER  1] ia= 907, thermal , zout=64.7, eup=  278.15
     Process 1 started calculating ia=910
                                            [WORKER  3] ia= 908, thermal , zout=64.7, eup=  280.99
     Process 3 started calculating ia=911
                                            [WORKER  2] ia= 909, thermal , zout=64.7, eup=  287.05
     Process 2 started calculating ia=912
                                            [WORKER  3] ia= 911, thermal , zout=64.8, eup=  284.79
     Process 3 started calculating ia=913
                                            [WORKER  1] ia= 910, thermal , zout=64.7, eup=  289.18
     Process 1 started calculating ia=914
                                            [WORKER  2] ia= 912, thermal , zout=64.8, eup=  282.38
     Process 2 started calculating ia=915
                                            [WORKER  3] ia= 913, thermal , zout=64.8, eup=  286.00
     Process 3 started calculating ia=916
                                            [WORKER  1] ia= 914, thermal , zout=64.8, eup=  276.60
     Process 1 started calculating ia=917
                                            [WORKER  2] ia= 915, thermal , zout=64.8, eup=  278.49
     Process 2 started calculating ia=918
                                            [WORKER  3] ia= 916, thermal , zout=64.8, eup=  284.54
     Process 3 started calculating ia=919
                                            [WORKER  1] ia= 917, thermal , zout=64.8, eup=  287.73
     Process 1 started calculating ia=920
                                            [WORKER  2] ia= 918, thermal , zout=64.8, eup=  288.47
     Process 2 started calculating ia=921
                                            [WORKER  2] ia= 921, thermal , zout=64.8, eup=  290.45
     Process 2 started calculating ia=922
                                            [WORKER  3] ia= 919, thermal , zout=64.8, eup=  287.18
     Process 3 started calculating ia=923
                                            [WORKER  1] ia= 920, thermal , zout=64.8, eup=  291.09
     Process 1 started calculating ia=924
                                            [WORKER  2] ia= 922, thermal , zout=64.8, eup=  289.93
     Process 2 started calculating ia=925
                                            [WORKER  3] ia= 923, thermal , zout=64.8, eup=  293.44
     Process 3 started calculating ia=926
                                            [WORKER  1] ia= 924, thermal , zout=64.8, eup=  284.34
     Process 1 started calculating ia=927
                                            [WORKER  3] ia= 926, thermal , zout=64.7, eup=  288.13
     Process 3 started calculating ia=928
                                            [WORKER  2] ia= 925, thermal , zout=64.7, eup=  282.62
     Process 2 started calculating ia=929
                                            [WORKER  1] ia= 927, thermal , zout=64.7, eup=  285.81
     Process 1 started calculating ia=930
                                            [WORKER  3] ia= 928, thermal , zout=64.7, eup=  274.45
     Process 3 started calculating ia=931
                                            [WORKER  1] ia= 930, thermal , zout=64.7, eup=  285.42
     Process 1 started calculating ia=932
                                            [WORKER  2] ia= 929, thermal , zout=64.7, eup=  286.93
     Process 2 started calculating ia=933
                                            [WORKER  3] ia= 931, thermal , zout=64.7, eup=  269.08
     Process 3 started calculating ia=934
                                            [WORKER  1] ia= 932, thermal , zout=64.7, eup=  290.75
     Process 1 started calculating ia=935
                                            [WORKER  2] ia= 933, thermal , zout=64.7, eup=  292.42
     Process 2 started calculating ia=936
                                            [WORKER  3] ia= 934, thermal , zout=64.7, eup=  284.36
     Process 3 started calculating ia=937
                                            [WORKER  1] ia= 935, thermal , zout=64.7, eup=  289.17
     Process 1 started calculating ia=938
                                            [WORKER  2] ia= 936, thermal , zout=64.7, eup=  288.50
     Process 2 started calculating ia=939
                                            [WORKER  3] ia= 937, thermal , zout=64.8, eup=  293.19
     Process 3 started calculating ia=940
                                            [WORKER  1] ia= 938, thermal , zout=64.8, eup=  294.35
     Process 1 started calculating ia=941
                                            [WORKER  2] ia= 939, thermal , zout=64.8, eup=  291.88
     Process 2 started calculating ia=942
                                            [WORKER  3] ia= 940, thermal , zout=64.8, eup=  287.51
     Process 3 started calculating ia=943
                                            [WORKER  1] ia= 941, thermal , zout=64.7, eup=  288.99
     Process 1 started calculating ia=944
                                            [WORKER  2] ia= 942, thermal , zout=64.7, eup=  289.99
     Process 2 started calculating ia=945
                                            [WORKER  3] ia= 943, thermal , zout=64.8, eup=  280.85
     Process 3 started calculating ia=946
                                            [WORKER  1] ia= 944, thermal , zout=64.8, eup=  287.95
     Process 1 started calculating ia=947
                                            [WORKER  2] ia= 945, thermal , zout=64.8, eup=  283.21
     Process 2 started calculating ia=948
                                            [WORKER  3] ia= 946, thermal , zout=64.8, eup=  291.32
     Process 3 started calculating ia=949
                                            [WORKER  1] ia= 947, thermal , zout=64.8, eup=  290.56
     Process 1 started calculating ia=950
                                            [WORKER  2] ia= 948, thermal , zout=64.8, eup=  290.69
     Process 2 started calculating ia=951
                                            [WORKER  3] ia= 949, thermal , zout=64.8, eup=  287.00
     Process 3 started calculating ia=952
                                            [WORKER  1] ia= 950, thermal , zout=64.8, eup=  290.02
     Process 1 started calculating ia=953
                                            [WORKER  2] ia= 951, thermal , zout=64.8, eup=  289.51
     Process 2 started calculating ia=954
                                            [WORKER  3] ia= 952, thermal , zout=64.8, eup=  289.51
     Process 3 started calculating ia=955
                                            [WORKER  1] ia= 953, thermal , zout=64.7, eup=  287.19
     Process 1 started calculating ia=956
                                            [WORKER  2] ia= 954, thermal , zout=64.7, eup=  288.44
     Process 2 started calculating ia=957
                                            [WORKER  3] ia= 955, thermal , zout=64.7, eup=  287.34
     Process 3 started calculating ia=958
                                            [WORKER  1] ia= 956, thermal , zout=64.7, eup=  286.86
     Process 1 started calculating ia=959
                                            [WORKER  2] ia= 957, thermal , zout=64.7, eup=  281.04
     Process 2 started calculating ia=960
                                            [WORKER  3] ia= 958, thermal , zout=64.7, eup=  288.17
     Process 3 started calculating ia=961
                                            [WORKER  1] ia= 959, thermal , zout=64.7, eup=  281.47
     Process 1 started calculating ia=962
                                            [WORKER  2] ia= 960, thermal , zout=64.7, eup=  288.60
     Process 2 started calculating ia=963
                                            [WORKER  3] ia= 961, thermal , zout=64.7, eup=  283.68
     Process 3 started calculating ia=964
                                            [WORKER  1] ia= 962, thermal , zout=64.7, eup=  280.53
     Process 1 started calculating ia=965
                                            [WORKER  2] ia= 963, thermal , zout=64.7, eup=  284.57
     Process 2 started calculating ia=966
                                            [WORKER  3] ia= 964, thermal , zout=64.7, eup=  289.26
     Process 3 started calculating ia=967
                                            [WORKER  1] ia= 965, thermal , zout=64.7, eup=  290.70
     Process 1 started calculating ia=968
                                            [WORKER  2] ia= 966, thermal , zout=64.7, eup=  288.82
     Process 2 started calculating ia=969
                                            [WORKER  3] ia= 967, thermal , zout=64.7, eup=  283.60
     Process 3 started calculating ia=970
                                            [WORKER  1] ia= 968, thermal , zout=64.7, eup=  283.38
     Process 1 started calculating ia=971
                                            [WORKER  2] ia= 969, thermal , zout=64.7, eup=  287.10
     Process 2 started calculating ia=972
                                            [WORKER  1] ia= 971, thermal , zout=64.7, eup=  288.90
     Process 1 started calculating ia=973
                                            [WORKER  3] ia= 970, thermal , zout=64.7, eup=  282.75
     Process 3 started calculating ia=974
                                            [WORKER  2] ia= 972, thermal , zout=64.6, eup=  286.55
     Process 2 started calculating ia=975
                                            [WORKER  1] ia= 973, thermal , zout=64.6, eup=  287.98
     Process 1 started calculating ia=976
                                            [WORKER  2] ia= 975, thermal , zout=64.6, eup=  285.43
     Process 2 started calculating ia=977
                                            [WORKER  3] ia= 974, thermal , zout=64.5, eup=  284.71
     Process 3 started calculating ia=978
                                            [WORKER  1] ia= 976, thermal , zout=64.6, eup=  287.32
     Process 1 started calculating ia=979
                                            [WORKER  2] ia= 977, thermal , zout=64.6, eup=  286.56
     Process 2 started calculating ia=980
                                            [WORKER  3] ia= 978, thermal , zout=64.7, eup=  286.85
     Process 3 started calculating ia=981
                                            [WORKER  2] ia= 980, thermal , zout=64.7, eup=  289.08
     Process 2 started calculating ia=982
                                            [WORKER  1] ia= 979, thermal , zout=64.7, eup=  290.06
     Process 1 started calculating ia=983
                                            [WORKER  3] ia= 981, thermal , zout=64.7, eup=  287.60
     Process 3 started calculating ia=984
                                            [WORKER  1] ia= 983, thermal , zout=64.6, eup=  286.23
     Process 1 started calculating ia=985
                                            [WORKER  2] ia= 982, thermal , zout=64.7, eup=  287.75
     Process 2 started calculating ia=986
                                            [WORKER  3] ia= 984, thermal , zout=64.6, eup=  287.42
     Process 3 started calculating ia=987
                                            [WORKER  1] ia= 985, thermal , zout=64.7, eup=  289.30
     Process 1 started calculating ia=988
                                            [WORKER  2] ia= 986, thermal , zout=64.7, eup=  288.51
     Process 2 started calculating ia=989
                                            [WORKER  3] ia= 987, thermal , zout=64.7, eup=  277.83
     Process 3 started calculating ia=990
                                            [WORKER  3] ia= 990, thermal , zout=64.6, eup=  275.29
     Process 3 started calculating ia=991
                                            [WORKER  2] ia= 989, thermal , zout=64.6, eup=  284.88
     Process 2 started calculating ia=992
                                            [WORKER  1] ia= 988, thermal , zout=64.7, eup=  288.32
     Process 1 started calculating ia=993
                                            [WORKER  2] ia= 992, thermal , zout=64.6, eup=  278.08
     Process 2 started calculating ia=994
                                            [WORKER  3] ia= 991, thermal , zout=64.7, eup=  285.13
     Process 3 started calculating ia=995
                                            [WORKER  1] ia= 993, thermal , zout=64.6, eup=  279.71
     Process 1 started calculating ia=996
                                            [WORKER  2] ia= 994, thermal , zout=64.7, eup=  286.52
     Process 2 started calculating ia=997
                                            [WORKER  1] ia= 996, thermal , zout=64.7, eup=  286.13
     Process 1 started calculating ia=998
                                            [WORKER  3] ia= 995, thermal , zout=64.7, eup=  288.46
     Process 3 started calculating ia=999
                                            [WORKER  2] ia= 997, thermal , zout=64.7, eup=  284.41
     Process 2 started calculating ia=1000
                                            [WORKER  3] ia= 999, thermal , zout=64.6, eup=  284.57
     Process 3 started calculating ia=1001
                                            [WORKER  1] ia= 998, thermal , zout=64.7, eup=  277.96
     Process 1 started calculating ia=1002
                                            [WORKER  2] ia=1000, thermal , zout=64.6, eup=  283.31
     Process 2 started calculating ia=1003
                                            [WORKER  1] ia=1002, thermal , zout=64.6, eup=  254.63
     Process 1 started calculating ia=1004
                                            [WORKER  3] ia=1001, thermal , zout=64.6, eup=  264.42
     Process 3 started calculating ia=1005
                                            [WORKER  2] ia=1003, thermal , zout=64.6, eup=  270.61
     Process 2 started calculating ia=1006
                                            [WORKER  3] ia=1005, thermal , zout=64.6, eup=  271.22
     Process 3 started calculating ia=1007
                                            [WORKER  1] ia=1004, thermal , zout=64.6, eup=  265.42
     Process 1 started calculating ia=1008
                                            [WORKER  2] ia=1006, thermal , zout=64.7, eup=  271.30
     Process 2 started calculating ia=1009
                                            [WORKER  1] ia=1008, thermal , zout=64.6, eup=  277.57
     Process 1 started calculating ia=1010
                                            [WORKER  3] ia=1007, thermal , zout=64.6, eup=  275.02
     Process 3 started calculating ia=1011
                                            [WORKER  2] ia=1009, thermal , zout=64.6, eup=  275.41
     Process 2 started calculating ia=1012
                                            [WORKER  1] ia=1010, thermal , zout=64.6, eup=  276.51
     Process 1 started calculating ia=1013
                                            [WORKER  3] ia=1011, thermal , zout=64.6, eup=  280.41
     Process 3 started calculating ia=1014
                                            [WORKER  2] ia=1012, thermal , zout=64.6, eup=  280.28
     Process 2 started calculating ia=1015
                                            [WORKER  1] ia=1013, thermal , zout=64.7, eup=  283.31
     Process 1 started calculating ia=1016
                                            [WORKER  3] ia=1014, thermal , zout=64.7, eup=  280.77
     Process 3 started calculating ia=1017
                                            [WORKER  2] ia=1015, thermal , zout=64.7, eup=  277.93
     Process 2 started calculating ia=1018
                                            [WORKER  1] ia=1016, thermal , zout=64.7, eup=  274.09
     Process 1 started calculating ia=1019
                                            [WORKER  3] ia=1017, thermal , zout=64.7, eup=  275.24
     Process 3 started calculating ia=1020
                                            [WORKER  2] ia=1018, thermal , zout=64.7, eup=  270.85
     Process 2 started calculating ia=1021
                                            [WORKER  1] ia=1019, thermal , zout=64.7, eup=  280.99
                                            [WORKER  3] ia=1020, thermal , zout=64.7, eup=  280.92
     Process 3 started calculating ia=1022
     Process 1 started calculating ia=1023
                                            [WORKER  2] ia=1021, thermal , zout=64.7, eup=  278.62
     Process 2 started calculating ia=1024
                                            [WORKER  3] ia=1022, thermal , zout=64.7, eup=  281.03
     Process 3 started calculating ia=1025
                                            [WORKER  1] ia=1023, thermal , zout=64.7, eup=  280.44
     Process 1 started calculating ia=1026
                                            [WORKER  2] ia=1024, thermal , zout=64.7, eup=  269.55
     Process 2 started calculating ia=1027
                                            [WORKER  1] ia=1026, thermal , zout=64.7, eup=  254.19
                                            [WORKER  3] ia=1025, thermal , zout=64.7, eup=  265.17
     Process 3 started calculating ia=1028
     Process 1 started calculating ia=1029
                                            [WORKER  2] ia=1027, thermal , zout=64.7, eup=  261.17
     Process 2 started calculating ia=1030
                                            [WORKER  1] ia=1029, thermal , zout=64.7, eup=  273.56
     Process 1 started calculating ia=1031
                                            [WORKER  3] ia=1028, thermal , zout=64.7, eup=  262.37
     Process 3 started calculating ia=1032
                                            [WORKER  2] ia=1030, thermal , zout=64.7, eup=  279.33
     Process 2 started calculating ia=1033
                                            [WORKER  3] ia=1032, thermal , zout=64.7, eup=  278.87
     Process 3 started calculating ia=1034
                                            [WORKER  1] ia=1031, thermal , zout=64.7, eup=  280.40
     Process 1 started calculating ia=1035
                                            [WORKER  2] ia=1033, thermal , zout=64.7, eup=  279.32
     Process 2 started calculating ia=1036
                                            [WORKER  1] ia=1035, thermal , zout=64.7, eup=  281.23
     Process 1 started calculating ia=1037
                                            [WORKER  3] ia=1034, thermal , zout=64.7, eup=  281.52
     Process 3 started calculating ia=1038
                                            [WORKER  2] ia=1036, thermal , zout=64.7, eup=  280.83
     Process 2 started calculating ia=1039
                                            [WORKER  3] ia=1038, thermal , zout=64.7, eup=  278.73
     Process 3 started calculating ia=1040
                                            [WORKER  1] ia=1037, thermal , zout=64.7, eup=  278.58
     Process 1 started calculating ia=1041
                                            [WORKER  2] ia=1039, thermal , zout=64.7, eup=  285.40
     Process 2 started calculating ia=1042
                                            [WORKER  1] ia=1041, thermal , zout=64.7, eup=  279.14
     Process 1 started calculating ia=1043
                                            [WORKER  3] ia=1040, thermal , zout=64.7, eup=  282.91
     Process 3 started calculating ia=1044
                                            [WORKER  2] ia=1042, thermal , zout=64.7, eup=  277.03
     Process 2 started calculating ia=1045
                                            [WORKER  1] ia=1043, thermal , zout=64.7, eup=  270.47
     Process 1 started calculating ia=1046
                                            [WORKER  3] ia=1044, thermal , zout=64.7, eup=  273.02
     Process 3 started calculating ia=1047
                                            [WORKER  2] ia=1045, thermal , zout=64.7, eup=  262.81
     Process 2 started calculating ia=1048
                                            [WORKER  1] ia=1046, thermal , zout=64.7, eup=  270.87
     Process 1 started calculating ia=1049
                                            [WORKER  3] ia=1047, thermal , zout=64.7, eup=  274.67
     Process 3 started calculating ia=1050
                                            [WORKER  2] ia=1048, thermal , zout=64.7, eup=  268.18
     Process 2 started calculating ia=1051
                                            [WORKER  3] ia=1050, thermal , zout=64.8, eup=  277.66
     Process 3 started calculating ia=1052
                                            [WORKER  1] ia=1049, thermal , zout=64.8, eup=  274.44
     Process 1 started calculating ia=1053
                                            [WORKER  2] ia=1051, thermal , zout=64.8, eup=  276.93
     Process 2 started calculating ia=1054
                                            [WORKER  3] ia=1052, thermal , zout=64.8, eup=  276.48
     Process 3 started calculating ia=1055
                                            [WORKER  1] ia=1053, thermal , zout=64.8, eup=  279.54
     Process 1 started calculating ia=1056
                                            [WORKER  2] ia=1054, thermal , zout=64.8, eup=  268.96
     Process 2 started calculating ia=1057
                                            [WORKER  3] ia=1055, thermal , zout=64.8, eup=  259.56
     Process 3 started calculating ia=1058
                                            [WORKER  1] ia=1056, thermal , zout=64.8, eup=  272.51
     Process 1 started calculating ia=1059
                                            [WORKER  2] ia=1057, thermal , zout=64.8, eup=  275.25
     Process 2 started calculating ia=1060
                                            [WORKER  1] ia=1059, thermal , zout=64.8, eup=  269.52
     Process 1 started calculating ia=1061
                                            [WORKER  3] ia=1058, thermal , zout=64.8, eup=  265.92
     Process 3 started calculating ia=1062
                                            [WORKER  2] ia=1060, thermal , zout=64.8, eup=  277.93
     Process 2 started calculating ia=1063
                                            [WORKER  3] ia=1062, thermal , zout=64.8, eup=  278.05
     Process 3 started calculating ia=1064
                                            [WORKER  1] ia=1061, thermal , zout=64.8, eup=  283.75
     Process 1 started calculating ia=1065
                                            [WORKER  2] ia=1063, thermal , zout=64.7, eup=  273.84
     Process 2 started calculating ia=1066
                                            [WORKER  1] ia=1065, thermal , zout=64.7, eup=  249.45
     Process 1 started calculating ia=1067
                                            [WORKER  3] ia=1064, thermal , zout=64.7, eup=  258.14
     Process 3 started calculating ia=1068
                                            [WORKER  2] ia=1066, thermal , zout=64.7, eup=  247.12
     Process 2 started calculating ia=1069
                                            [WORKER  1] ia=1067, thermal , zout=64.8, eup=  241.89
     Process 1 started calculating ia=1070
                                            [WORKER  2] ia=1069, thermal , zout=64.8, eup=  251.19
     Process 2 started calculating ia=1071
                                            [WORKER  3] ia=1068, thermal , zout=64.8, eup=  236.77
     Process 3 started calculating ia=1072
                                            [WORKER  3] ia=1072, thermal , zout=64.7, eup=  257.42
     Process 3 started calculating ia=1073
                                            [WORKER  2] ia=1071, thermal , zout=64.8, eup=  238.67
     Process 2 started calculating ia=1074
                                            [WORKER  1] ia=1070, thermal , zout=64.8, eup=  249.94
     Process 1 started calculating ia=1075
                                            [WORKER  3] ia=1073, thermal , zout=64.7, eup=  245.32
     Process 3 started calculating ia=1076
                                            [WORKER  2] ia=1074, thermal , zout=64.7, eup=  244.39
     Process 2 started calculating ia=1077
                                            [WORKER  1] ia=1075, thermal , zout=64.8, eup=  253.52
     Process 1 started calculating ia=1078
                                            [WORKER  3] ia=1076, thermal , zout=64.8, eup=  260.87
     Process 3 started calculating ia=1079
                                            [WORKER  2] ia=1077, thermal , zout=64.8, eup=  264.94
     Process 2 started calculating ia=1080
                                            [WORKER  1] ia=1078, thermal , zout=64.8, eup=  264.88
     Process 1 started calculating ia=1081
                                            [WORKER  3] ia=1079, thermal , zout=64.8, eup=  266.78
     Process 3 started calculating ia=1082
                                            [WORKER  1] ia=1081, thermal , zout=64.8, eup=  249.72
     Process 1 started calculating ia=1083
                                            [WORKER  2] ia=1080, thermal , zout=64.8, eup=  249.00
     Process 2 started calculating ia=1084
                                            [WORKER  3] ia=1082, thermal , zout=64.7, eup=  242.00
     Process 3 started calculating ia=1085
                                            [WORKER  1] ia=1083, thermal , zout=64.8, eup=  240.65
     Process 1 started calculating ia=1086
                                            [WORKER  2] ia=1084, thermal , zout=64.8, eup=  244.10
     Process 2 started calculating ia=1087
                                            [WORKER  3] ia=1085, thermal , zout=64.8, eup=  247.28
     Process 3 started calculating ia=1088
                                            [WORKER  1] ia=1086, thermal , zout=64.8, eup=  246.37
     Process 1 started calculating ia=1089
                                            [WORKER  2] ia=1087, thermal , zout=64.8, eup=  249.02
     Process 2 started calculating ia=1090
                                            [WORKER  3] ia=1088, thermal , zout=64.7, eup=  248.91
     Process 3 started calculating ia=1091
                                            [WORKER  1] ia=1089, thermal , zout=64.8, eup=  252.73
     Process 1 started calculating ia=1092
                                            [WORKER  2] ia=1090, thermal , zout=64.7, eup=  254.30
     Process 2 started calculating ia=1093
                                            [WORKER  3] ia=1091, thermal , zout=64.7, eup=  256.08
     Process 3 started calculating ia=1094
                                            [WORKER  1] ia=1092, thermal , zout=64.7, eup=  248.79
     Process 1 started calculating ia=1095
                                            [WORKER  2] ia=1093, thermal , zout=64.7, eup=  260.53
     Process 2 started calculating ia=1096
                                            [WORKER  3] ia=1094, thermal , zout=64.7, eup=  255.00
     Process 3 started calculating ia=1097
                                            [WORKER  1] ia=1095, thermal , zout=64.8, eup=  246.91
     Process 1 started calculating ia=1098
                                            [WORKER  2] ia=1096, thermal , zout=64.8, eup=  245.70
     Process 2 started calculating ia=1099
                                            [WORKER  3] ia=1097, thermal , zout=64.8, eup=  240.17
     Process 3 started calculating ia=1100
                                            [WORKER  1] ia=1098, thermal , zout=64.8, eup=  243.55
     Process 1 started calculating ia=1101
                                            [WORKER  2] ia=1099, thermal , zout=64.8, eup=  241.83
     Process 2 started calculating ia=1102
                                            [WORKER  3] ia=1100, thermal , zout=64.8, eup=  244.98
     Process 3 started calculating ia=1103
                                            [WORKER  1] ia=1101, thermal , zout=64.8, eup=  251.63
     Process 1 started calculating ia=1104
                                            [WORKER  2] ia=1102, thermal , zout=64.8, eup=  252.60
     Process 2 started calculating ia=1105
                                            [WORKER  3] ia=1103, thermal , zout=64.8, eup=  255.69
     Process 3 started calculating ia=1106
                                            [WORKER  1] ia=1104, thermal , zout=64.7, eup=  241.72
     Process 1 started calculating ia=1107
                                            [WORKER  2] ia=1105, thermal , zout=64.7, eup=  242.67
     Process 2 started calculating ia=1108
                                            [WORKER  3] ia=1106, thermal , zout=64.8, eup=  248.57
     Process 3 started calculating ia=1109
                                            [WORKER  1] ia=1107, thermal , zout=64.7, eup=  250.49
     Process 1 started calculating ia=1110
                                            [WORKER  2] ia=1108, thermal , zout=64.7, eup=  249.29
     Process 2 started calculating ia=1111
                                            [WORKER  3] ia=1109, thermal , zout=64.7, eup=  250.29
     Process 3 started calculating ia=1112
                                            [WORKER  1] ia=1110, thermal , zout=64.6, eup=  235.39
     Process 1 started calculating ia=1113
                                            [WORKER  2] ia=1111, thermal , zout=64.8, eup=  255.41
     Process 2 started calculating ia=1114
                                            [WORKER  3] ia=1112, thermal , zout=64.8, eup=  261.22
     Process 3 started calculating ia=1115
                                            [WORKER  1] ia=1113, thermal , zout=64.8, eup=  249.85
     Process 1 started calculating ia=1116
                                            [WORKER  2] ia=1114, thermal , zout=64.8, eup=  225.56
     Process 2 started calculating ia=1117
                                            [WORKER  3] ia=1115, thermal , zout=64.8, eup=  242.49
     Process 3 started calculating ia=1118
                                            [WORKER  1] ia=1116, thermal , zout=64.7, eup=  241.54
     Process 1 started calculating ia=1119
                                            [WORKER  2] ia=1117, thermal , zout=64.7, eup=  247.72
     Process 2 started calculating ia=1120
                                            [WORKER  3] ia=1118, thermal , zout=64.7, eup=  242.14
     Process 3 started calculating ia=1121
                                            [WORKER  1] ia=1119, thermal , zout=64.8, eup=  232.72
     Process 1 started calculating ia=1122
                                            [WORKER  2] ia=1120, thermal , zout=64.8, eup=  241.69
     Process 2 started calculating ia=1123
                                            [WORKER  3] ia=1121, thermal , zout=64.8, eup=  250.84
     Process 3 started calculating ia=1124
                                            [WORKER  1] ia=1122, thermal , zout=64.8, eup=  242.46
     Process 1 started calculating ia=1125
                                            [WORKER  2] ia=1123, thermal , zout=64.8, eup=  238.25
     Process 2 started calculating ia=1126
                                            [WORKER  3] ia=1124, thermal , zout=64.8, eup=  229.84
     Process 3 started calculating ia=1127
                                            [WORKER  1] ia=1125, thermal , zout=64.8, eup=  244.47
     Process 1 started calculating ia=1128
                                            [WORKER  2] ia=1126, thermal , zout=64.8, eup=  280.08
     Process 2 started calculating ia=1129
                                            [WORKER  3] ia=1127, thermal , zout=64.8, eup=  282.67
     Process 3 started calculating ia=1130
                                            [WORKER  1] ia=1128, thermal , zout=64.8, eup=  271.58
     Process 1 started calculating ia=1131
                                            [WORKER  2] ia=1129, thermal , zout=64.8, eup=  269.96
     Process 2 started calculating ia=1132
                                            [WORKER  3] ia=1130, thermal , zout=64.8, eup=  259.00
     Process 3 started calculating ia=1133
                                            [WORKER  1] ia=1131, thermal , zout=64.8, eup=  257.25
     Process 1 started calculating ia=1134
                                            [WORKER  2] ia=1132, thermal , zout=64.8, eup=  269.73
     Process 2 started calculating ia=1135
                                            [WORKER  3] ia=1133, thermal , zout=64.8, eup=  279.60
     Process 3 started calculating ia=1136
                                            [WORKER  1] ia=1134, thermal , zout=64.8, eup=  263.83
     Process 1 started calculating ia=1137
                                            [WORKER  2] ia=1135, thermal , zout=64.8, eup=  267.14
     Process 2 started calculating ia=1138
                                            [WORKER  3] ia=1136, thermal , zout=64.8, eup=  277.59
     Process 3 started calculating ia=1139
                                            [WORKER  1] ia=1137, thermal , zout=64.8, eup=  279.30
     Process 1 started calculating ia=1140
                                            [WORKER  2] ia=1138, thermal , zout=64.8, eup=  277.42
     Process 2 started calculating ia=1141
                                            [WORKER  3] ia=1139, thermal , zout=64.8, eup=  282.78
     Process 3 started calculating ia=1142
                                            [WORKER  1] ia=1140, thermal , zout=64.8, eup=  277.22
     Process 1 started calculating ia=1143
                                            [WORKER  2] ia=1141, thermal , zout=64.8, eup=  265.60
     Process 2 started calculating ia=1144
                                            [WORKER  3] ia=1142, thermal , zout=64.8, eup=  253.40
     Process 3 started calculating ia=1145
                                            [WORKER  1] ia=1143, thermal , zout=64.8, eup=  250.89
     Process 1 started calculating ia=1146
                                            [WORKER  2] ia=1144, thermal , zout=64.8, eup=  250.33
     Process 2 started calculating ia=1147
                                            [WORKER  3] ia=1145, thermal , zout=64.8, eup=  257.09
     Process 3 started calculating ia=1148
                                            [WORKER  1] ia=1146, thermal , zout=64.8, eup=  262.87
     Process 1 started calculating ia=1149
                                            [WORKER  2] ia=1147, thermal , zout=64.8, eup=  252.97
     Process 2 started calculating ia=1150
                                            [WORKER  3] ia=1148, thermal , zout=64.8, eup=  250.01
     Process 3 started calculating ia=1151
                                            [WORKER  1] ia=1149, thermal , zout=64.8, eup=  259.48
     Process 1 started calculating ia=1152
                                            [WORKER  2] ia=1150, thermal , zout=64.8, eup=  257.34
     Process 2 started calculating ia=1153
                                            [WORKER  3] ia=1151, thermal , zout=64.8, eup=  263.57
     Process 3 started calculating ia=1154
                                            [WORKER  1] ia=1152, thermal , zout=64.8, eup=  257.38
     Process 1 started calculating ia=1155
                                            [WORKER  2] ia=1153, thermal , zout=64.8, eup=  259.80
     Process 2 started calculating ia=1156
                                            [WORKER  3] ia=1154, thermal , zout=64.8, eup=  257.88
     Process 3 started calculating ia=1157
                                            [WORKER  1] ia=1155, thermal , zout=64.8, eup=  242.60
     Process 1 started calculating ia=1158
                                            [WORKER  2] ia=1156, thermal , zout=64.8, eup=  235.67
     Process 2 started calculating ia=1159
                                            [WORKER  3] ia=1157, thermal , zout=64.8, eup=  237.92
     Process 3 started calculating ia=1160
                                            [WORKER  1] ia=1158, thermal , zout=64.8, eup=  239.19
     Process 1 started calculating ia=1161
                                            [WORKER  2] ia=1159, thermal , zout=64.8, eup=  239.42
     Process 2 started calculating ia=1162
                                            [WORKER  3] ia=1160, thermal , zout=64.8, eup=  246.90
     Process 3 started calculating ia=1163
                                            [WORKER  1] ia=1161, thermal , zout=64.8, eup=  243.83
     Process 1 started calculating ia=1164
                                            [WORKER  2] ia=1162, thermal , zout=64.8, eup=  239.80
     Process 2 started calculating ia=1165
                                            [WORKER  3] ia=1163, thermal , zout=64.8, eup=  240.17
     Process 3 started calculating ia=1166
                                            [WORKER  1] ia=1164, thermal , zout=64.8, eup=  239.08
     Process 1 started calculating ia=1167
                                            [WORKER  2] ia=1165, thermal , zout=64.8, eup=  237.82
     Process 2 started calculating ia=1168
                                            [WORKER  3] ia=1166, thermal , zout=64.8, eup=  237.69
     Process 3 started calculating ia=1169
                                            [WORKER  1] ia=1167, thermal , zout=64.8, eup=  244.66
     Process 1 started calculating ia=1170
                                            [WORKER  2] ia=1168, thermal , zout=64.8, eup=  239.62
     Process 2 started calculating ia=1171
                                            [WORKER  3] ia=1169, thermal , zout=64.8, eup=  236.20
     Process 3 started calculating ia=1172
                                            [WORKER  1] ia=1170, thermal , zout=64.8, eup=  245.17
     Process 1 started calculating ia=1173
                                            [WORKER  2] ia=1171, thermal , zout=64.8, eup=  245.63
     Process 2 started calculating ia=1174
                                            [WORKER  1] ia=1173, thermal , zout=64.8, eup=  249.13
     Process 1 started calculating ia=1175
                                            [WORKER  3] ia=1172, thermal , zout=64.8, eup=  246.16
     Process 3 started calculating ia=1176
                                            [WORKER  2] ia=1174, thermal , zout=64.8, eup=  247.97
     Process 2 started calculating ia=1177
                                            [WORKER  1] ia=1175, thermal , zout=64.8, eup=  242.28
     Process 1 started calculating ia=1178
                                            [WORKER  3] ia=1176, thermal , zout=64.8, eup=  257.89
     Process 3 started calculating ia=1179
                                            [WORKER  2] ia=1177, thermal , zout=64.8, eup=  262.99
     Process 2 started calculating ia=1180
                                            [WORKER  1] ia=1178, thermal , zout=64.8, eup=  260.15
     Process 1 started calculating ia=1181
                                            [WORKER  3] ia=1179, thermal , zout=64.8, eup=  265.14
     Process 3 started calculating ia=1182
                                            [WORKER  2] ia=1180, thermal , zout=64.8, eup=  248.86
     Process 2 started calculating ia=1183
                                            [WORKER  1] ia=1181, thermal , zout=64.8, eup=  244.61
                                            [WORKER  3] ia=1182, thermal , zout=64.8, eup=  254.33
     Process 1 started calculating ia=1185
     Process 3 started calculating ia=1184
                                            [WORKER  2] ia=1183, thermal , zout=64.8, eup=  260.63
     Process 2 started calculating ia=1186
                                            [WORKER  1] ia=1185, thermal , zout=64.8, eup=  249.29
     Process 1 started calculating ia=1187
                                            [WORKER  3] ia=1184, thermal , zout=64.8, eup=  252.85
     Process 3 started calculating ia=1188
                                            [WORKER  2] ia=1186, thermal , zout=64.8, eup=  239.93
     Process 2 started calculating ia=1189
                                            [WORKER  1] ia=1187, thermal , zout=64.8, eup=  260.30
     Process 1 started calculating ia=1190
                                            [WORKER  3] ia=1188, thermal , zout=64.8, eup=  252.81
     Process 3 started calculating ia=1191
                                            [WORKER  2] ia=1189, thermal , zout=64.8, eup=  252.07
     Process 2 started calculating ia=1192
                                            [WORKER  1] ia=1190, thermal , zout=64.8, eup=  252.93
     Process 1 started calculating ia=1193
                                            [WORKER  2] ia=1192, thermal , zout=64.8, eup=  243.91
     Process 2 started calculating ia=1194
                                            [WORKER  3] ia=1191, thermal , zout=64.8, eup=  256.00
     Process 3 started calculating ia=1195
                                            [WORKER  2] ia=1194, thermal , zout=64.8, eup=  243.77
     Process 2 started calculating ia=1196
                                            [WORKER  1] ia=1193, thermal , zout=64.8, eup=  242.86
     Process 1 started calculating ia=1197
                                            [WORKER  3] ia=1195, thermal , zout=64.8, eup=  247.59
     Process 3 started calculating ia=1198
                                            [WORKER  2] ia=1196, thermal , zout=64.8, eup=  253.41
     Process 2 started calculating ia=1199
                                            [WORKER  3] ia=1198, thermal , zout=64.8, eup=  255.67
     Process 3 started calculating ia=1200
                                            [WORKER  1] ia=1197, thermal , zout=64.8, eup=  245.99
     Process 1 started calculating ia=1201
                                            [WORKER  1] ia=1201, thermal , zout=64.8, eup=  265.42
     Process 1 started calculating ia=1202
                                            [WORKER  2] ia=1199, thermal , zout=64.8, eup=  263.96
     Process 2 started calculating ia=1203
                                            [WORKER  3] ia=1200, thermal , zout=64.8, eup=  262.49
     Process 3 started calculating ia=1204
                                            [WORKER  3] ia=1204, thermal , zout=64.8, eup=  272.70
     Process 3 started calculating ia=1205
                                            [WORKER  2] ia=1203, thermal , zout=64.8, eup=  263.40
     Process 2 started calculating ia=1206
                                            [WORKER  1] ia=1202, thermal , zout=64.8, eup=  269.21
     Process 1 started calculating ia=1207
                                            [WORKER  3] ia=1205, thermal , zout=64.8, eup=  259.89
     Process 3 started calculating ia=1208
                                            [WORKER  2] ia=1206, thermal , zout=64.8, eup=  275.80
     Process 2 started calculating ia=1209
                                            [WORKER  1] ia=1207, thermal , zout=64.8, eup=  271.56
     Process 1 started calculating ia=1210
                                            [WORKER  3] ia=1208, thermal , zout=64.8, eup=  266.34
     Process 3 started calculating ia=1211
                                            [WORKER  2] ia=1209, thermal , zout=64.8, eup=  270.90
     Process 2 started calculating ia=1212
                                            [WORKER  1] ia=1210, thermal , zout=64.8, eup=  268.75
     Process 1 started calculating ia=1213
                                            [WORKER  3] ia=1211, thermal , zout=64.8, eup=  260.81
     Process 3 started calculating ia=1214
                                            [WORKER  2] ia=1212, thermal , zout=64.8, eup=  275.09
     Process 2 started calculating ia=1215
                                            [WORKER  1] ia=1213, thermal , zout=64.8, eup=  273.99
     Process 1 started calculating ia=1216
                                            [WORKER  3] ia=1214, thermal , zout=64.8, eup=  257.64
     Process 3 started calculating ia=1217
                                            [WORKER  1] ia=1216, thermal , zout=64.8, eup=  273.26
     Process 1 started calculating ia=1218
                                            [WORKER  2] ia=1215, thermal , zout=64.8, eup=  261.78
     Process 2 started calculating ia=1219
                                            [WORKER  3] ia=1217, thermal , zout=64.8, eup=  261.86
     Process 3 started calculating ia=1220
                                            [WORKER  1] ia=1218, thermal , zout=64.8, eup=  251.94
     Process 1 started calculating ia=1221
                                            [WORKER  2] ia=1219, thermal , zout=64.8, eup=  249.90
     Process 2 started calculating ia=1222
                                            [WORKER  3] ia=1220, thermal , zout=64.8, eup=  250.18
     Process 3 started calculating ia=1223
                                            [WORKER  1] ia=1221, thermal , zout=64.8, eup=  254.01
     Process 1 started calculating ia=1224
                                            [WORKER  2] ia=1222, thermal , zout=64.8, eup=  258.92
     Process 2 started calculating ia=1225
                                            [WORKER  3] ia=1223, thermal , zout=64.8, eup=  251.03
     Process 3 started calculating ia=1226
                                            [WORKER  1] ia=1224, thermal , zout=64.8, eup=  245.92
     Process 1 started calculating ia=1227
                                            [WORKER  2] ia=1225, thermal , zout=64.8, eup=  235.31
     Process 2 started calculating ia=1228
                                            [WORKER  3] ia=1226, thermal , zout=64.8, eup=  233.89
     Process 3 started calculating ia=1229
                                            [WORKER  1] ia=1227, thermal , zout=64.8, eup=  227.03
     Process 1 started calculating ia=1230
                                            [WORKER  2] ia=1228, thermal , zout=64.8, eup=  228.66
     Process 2 started calculating ia=1231
                                            [WORKER  3] ia=1229, thermal , zout=64.8, eup=  226.45
     Process 3 started calculating ia=1232
                                            [WORKER  1] ia=1230, thermal , zout=64.8, eup=  224.85
     Process 1 started calculating ia=1233
                                            [WORKER  2] ia=1231, thermal , zout=64.8, eup=  222.47
     Process 2 started calculating ia=1234
                                            [WORKER  3] ia=1232, thermal , zout=64.8, eup=  227.94
     Process 3 started calculating ia=1235
                                            [WORKER  1] ia=1233, thermal , zout=64.8, eup=  230.69
     Process 1 started calculating ia=1236
                                            [WORKER  2] ia=1234, thermal , zout=64.8, eup=  235.31
     Process 2 started calculating ia=1237
                                            [WORKER  3] ia=1235, thermal , zout=64.8, eup=  227.02
     Process 3 started calculating ia=1238
                                            [WORKER  1] ia=1236, thermal , zout=64.8, eup=  224.42
     Process 1 started calculating ia=1239
                                            [WORKER  2] ia=1237, thermal , zout=64.8, eup=  221.44
     Process 2 started calculating ia=1240
                                            [WORKER  3] ia=1238, thermal , zout=64.8, eup=  224.70
     Process 3 started calculating ia=1241
                                            [WORKER  1] ia=1239, thermal , zout=64.8, eup=  226.71
     Process 1 started calculating ia=1242
                                            [WORKER  2] ia=1240, thermal , zout=64.8, eup=  227.68
     Process 2 started calculating ia=1243
                                            [WORKER  3] ia=1241, thermal , zout=64.8, eup=  220.05
     Process 3 started calculating ia=1244
                                            [WORKER  1] ia=1242, thermal , zout=64.8, eup=  223.75
     Process 1 started calculating ia=1245
                                            [WORKER  2] ia=1243, thermal , zout=64.8, eup=  219.72
     Process 2 started calculating ia=1246
                                            [WORKER  3] ia=1244, thermal , zout=64.8, eup=  222.46
     Process 3 started calculating ia=1247
                                            [WORKER  2] ia=1246, thermal , zout=64.8, eup=  216.85
     Process 2 started calculating ia=1248
                                            [WORKER  1] ia=1245, thermal , zout=64.8, eup=  221.54
     Process 1 started calculating ia=1249
                                            [WORKER  3] ia=1247, thermal , zout=64.8, eup=  216.25
     Process 3 started calculating ia=1250
                                            [WORKER  1] ia=1249, thermal , zout=64.8, eup=  215.49
     Process 1 started calculating ia=1251
                                            [WORKER  2] ia=1248, thermal , zout=64.8, eup=  213.66
     Process 2 started calculating ia=1252
                                            [WORKER  3] ia=1250, thermal , zout=64.8, eup=  208.80
     Process 3 started calculating ia=1253
                                            [WORKER  1] ia=1251, thermal , zout=64.8, eup=  213.10
     Process 1 started calculating ia=1254
                                            [WORKER  2] ia=1252, thermal , zout=64.8, eup=  211.76
     Process 2 started calculating ia=1255
                                            [WORKER  3] ia=1253, thermal , zout=64.8, eup=  209.39
     Process 3 started calculating ia=1256
                                            [WORKER  1] ia=1254, thermal , zout=64.8, eup=  209.86
     Process 1 started calculating ia=1257
                                            [WORKER  2] ia=1255, thermal , zout=64.8, eup=  208.54
     Process 2 started calculating ia=1258
                                            [WORKER  3] ia=1256, thermal , zout=64.8, eup=  207.70
     Process 3 started calculating ia=1259
                                            [WORKER  1] ia=1257, thermal , zout=64.8, eup=  207.93
     Process 1 started calculating ia=1260
                                            [WORKER  2] ia=1258, thermal , zout=64.8, eup=  206.87
     Process 2 started calculating ia=1261
                                            [WORKER  3] ia=1259, thermal , zout=64.8, eup=  193.74
     Process 3 started calculating ia=1262
                                            [WORKER  2] ia=1261, thermal , zout=64.8, eup=  214.81
     Process 2 started calculating ia=1263
                                            [WORKER  1] ia=1260, thermal , zout=64.8, eup=  208.22
     Process 1 started calculating ia=1264
                                            [WORKER  3] ia=1262, thermal , zout=64.8, eup=  216.35
     Process 3 started calculating ia=1265
                                            [WORKER  1] ia=1264, thermal , zout=64.7, eup=  203.81
     Process 1 started calculating ia=1266
                                            [WORKER  2] ia=1263, thermal , zout=64.8, eup=  215.44
     Process 2 started calculating ia=1267
                                            [WORKER  3] ia=1265, thermal , zout=64.7, eup=  210.31
     Process 3 started calculating ia=1268
                                            [WORKER  1] ia=1266, thermal , zout=64.7, eup=  210.28
     Process 1 started calculating ia=1269
                                            [WORKER  2] ia=1267, thermal , zout=64.6, eup=  211.50
     Process 2 started calculating ia=1270
                                            [WORKER  3] ia=1268, thermal , zout=64.6, eup=  211.70
     Process 3 started calculating ia=1271
                                            [WORKER  1] ia=1269, thermal , zout=64.6, eup=  213.86
     Process 1 started calculating ia=1272
                                            [WORKER  2] ia=1270, thermal , zout=64.8, eup=  215.74
     Process 2 started calculating ia=1273
                                            [WORKER  3] ia=1271, thermal , zout=64.8, eup=  216.53
     Process 3 started calculating ia=1274
                                            [WORKER  1] ia=1272, thermal , zout=64.8, eup=  217.88
     Process 1 started calculating ia=1275
                                            [WORKER  2] ia=1273, thermal , zout=64.8, eup=  216.17
     Process 2 started calculating ia=1276
                                            [WORKER  3] ia=1274, thermal , zout=64.8, eup=  218.91
     Process 3 started calculating ia=1277
                                            [WORKER  1] ia=1275, thermal , zout=64.8, eup=  222.34
     Process 1 started calculating ia=1278
                                            [WORKER  2] ia=1276, thermal , zout=64.8, eup=  225.01
     Process 2 started calculating ia=1279
                                            [WORKER  3] ia=1277, thermal , zout=64.8, eup=  221.25
     Process 3 started calculating ia=1280
                                            [WORKER  2] ia=1279, thermal , zout=64.8, eup=  216.49
     Process 2 started calculating ia=1281
                                            [WORKER  1] ia=1278, thermal , zout=64.8, eup=  218.05
     Process 1 started calculating ia=1282
                                            [WORKER  3] ia=1280, thermal , zout=64.8, eup=  219.10
     Process 3 started calculating ia=1283
                                            [WORKER  1] ia=1282, thermal , zout=64.8, eup=  216.22
     Process 1 started calculating ia=1284
                                            [WORKER  2] ia=1281, thermal , zout=64.8, eup=  218.98
     Process 2 started calculating ia=1285
                                            [WORKER  3] ia=1283, thermal , zout=64.8, eup=  213.13
     Process 3 started calculating ia=1286
                                            [WORKER  1] ia=1284, thermal , zout=64.8, eup=  199.60
     Process 1 started calculating ia=1287
                                            [WORKER  2] ia=1285, thermal , zout=64.8, eup=  212.04
     Process 2 started calculating ia=1288
                                            [WORKER  3] ia=1286, thermal , zout=64.8, eup=  214.29
     Process 3 started calculating ia=1289
                                            [WORKER  1] ia=1287, thermal , zout=64.8, eup=  213.74
     Process 1 started calculating ia=1290
                                            [WORKER  2] ia=1288, thermal , zout=64.8, eup=  212.65
     Process 2 started calculating ia=1291
                                            [WORKER  3] ia=1289, thermal , zout=64.8, eup=  212.95
     Process 3 started calculating ia=1292
                                            [WORKER  1] ia=1290, thermal , zout=64.8, eup=  218.92
     Process 1 started calculating ia=1293
                                            [WORKER  2] ia=1291, thermal , zout=64.8, eup=  219.29
     Process 2 started calculating ia=1294
                                            [WORKER  3] ia=1292, thermal , zout=64.8, eup=  237.32
     Process 3 started calculating ia=1295
                                            [WORKER  1] ia=1293, thermal , zout=64.8, eup=  215.87
     Process 1 started calculating ia=1296
                                            [WORKER  2] ia=1294, thermal , zout=64.8, eup=  212.58
     Process 2 started calculating ia=1297
                                            [WORKER  3] ia=1295, thermal , zout=64.8, eup=  215.03
     Process 3 started calculating ia=1298
                                            [WORKER  1] ia=1296, thermal , zout=64.8, eup=  217.06
     Process 1 started calculating ia=1299
                                            [WORKER  2] ia=1297, thermal , zout=64.8, eup=  217.45
     Process 2 started calculating ia=1300
                                            [WORKER  3] ia=1298, thermal , zout=64.8, eup=  217.56
     Process 3 started calculating ia=1301
                                            [WORKER  1] ia=1299, thermal , zout=64.8, eup=  204.12
     Process 1 started calculating ia=1302
                                            [WORKER  2] ia=1300, thermal , zout=64.8, eup=  217.67
     Process 2 started calculating ia=1303
                                            [WORKER  3] ia=1301, thermal , zout=64.8, eup=  222.05
     Process 3 started calculating ia=1304
                                            [WORKER  1] ia=1302, thermal , zout=64.8, eup=  220.41
     Process 1 started calculating ia=1305
                                            [WORKER  2] ia=1303, thermal , zout=64.8, eup=  222.48
     Process 2 started calculating ia=1306
                                            [WORKER  3] ia=1304, thermal , zout=64.8, eup=  223.94
     Process 3 started calculating ia=1307
                                            [WORKER  1] ia=1305, thermal , zout=64.8, eup=  226.38
     Process 1 started calculating ia=1308
                                            [WORKER  3] ia=1307, thermal , zout=64.8, eup=  227.51
     Process 3 started calculating ia=1309
                                            [WORKER  2] ia=1306, thermal , zout=64.8, eup=  227.27
     Process 2 started calculating ia=1310
                                            [WORKER  1] ia=1308, thermal , zout=64.8, eup=  236.86
     Process 1 started calculating ia=1311
                                            [WORKER  2] ia=1310, thermal , zout=64.8, eup=  231.05
     Process 2 started calculating ia=1312
                                            [WORKER  3] ia=1309, thermal , zout=64.8, eup=  236.34
     Process 3 started calculating ia=1313
                                            [WORKER  1] ia=1311, thermal , zout=64.8, eup=  244.75
     Process 1 started calculating ia=1314
                                            [WORKER  3] ia=1313, thermal , zout=64.8, eup=  256.29
     Process 3 started calculating ia=1315
                                            [WORKER  2] ia=1312, thermal , zout=64.8, eup=  263.89
     Process 2 started calculating ia=1316
                                            [WORKER  3] ia=1315, thermal , zout=64.8, eup=  269.67
     Process 3 started calculating ia=1317
                                            [WORKER  1] ia=1314, thermal , zout=64.8, eup=  255.86
     Process 1 started calculating ia=1318
                                            [WORKER  2] ia=1316, thermal , zout=64.8, eup=  248.08
     Process 2 started calculating ia=1319
                                            [WORKER  2] ia=1319, thermal , zout=64.8, eup=  261.39
     Process 2 started calculating ia=1320
                                            [WORKER  1] ia=1318, thermal , zout=64.8, eup=  276.93
     Process 1 started calculating ia=1321
                                            [WORKER  3] ia=1317, thermal , zout=64.8, eup=  273.57
     Process 3 started calculating ia=1322
                                            [WORKER  3] ia=1322, thermal , zout=64.8, eup=  252.82
     Process 3 started calculating ia=1323
                                            [WORKER  1] ia=1321, thermal , zout=64.8, eup=  259.49
     Process 1 started calculating ia=1324
                                            [WORKER  2] ia=1320, thermal , zout=64.8, eup=  280.16
     Process 2 started calculating ia=1325
                                            [WORKER  2] ia=1325, thermal , zout=64.8, eup=  264.85
     Process 2 started calculating ia=1326
                                            [WORKER  3] ia=1323, thermal , zout=64.8, eup=  250.87
     Process 3 started calculating ia=1327
                                            [WORKER  1] ia=1324, thermal , zout=64.8, eup=  250.02
     Process 1 started calculating ia=1328
                                            [WORKER  1] ia=1328, thermal , zout=64.8, eup=  263.41
     Process 1 started calculating ia=1329
                                            [WORKER  2] ia=1326, thermal , zout=64.8, eup=  257.37
     Process 2 started calculating ia=1330
                                            [WORKER  3] ia=1327, thermal , zout=64.8, eup=  271.03
     Process 3 started calculating ia=1331
                                            [WORKER  2] ia=1330, thermal , zout=64.8, eup=  268.70
     Process 2 started calculating ia=1332
                                            [WORKER  1] ia=1329, thermal , zout=64.8, eup=  267.56
     Process 1 started calculating ia=1333
                                            [WORKER  3] ia=1331, thermal , zout=64.8, eup=  270.44
     Process 3 started calculating ia=1334
                                            [WORKER  3] ia=1334, thermal , zout=64.8, eup=  264.41
     Process 3 started calculating ia=1335
                                            [WORKER  2] ia=1332, thermal , zout=64.8, eup=  266.43
     Process 2 started calculating ia=1336
                                            [WORKER  1] ia=1333, thermal , zout=64.8, eup=  264.10
     Process 1 started calculating ia=1337
                                            [WORKER  1] ia=1337, thermal , zout=64.8, eup=  266.39
     Process 1 started calculating ia=1338
                                            [WORKER  3] ia=1335, thermal , zout=64.8, eup=  264.10
     Process 3 started calculating ia=1339
                                            [WORKER  2] ia=1336, thermal , zout=64.8, eup=  265.61
     Process 2 started calculating ia=1340
                                            [WORKER  1] ia=1338, thermal , zout=64.8, eup=  258.83
     Process 1 started calculating ia=1341
                                            [WORKER  3] ia=1339, thermal , zout=64.8, eup=  257.69
     Process 3 started calculating ia=1342
                                            [WORKER  2] ia=1340, thermal , zout=64.8, eup=  266.41
     Process 2 started calculating ia=1343
                                            [WORKER  1] ia=1341, thermal , zout=64.8, eup=  270.71
     Process 1 started calculating ia=1344
                                            [WORKER  3] ia=1342, thermal , zout=64.8, eup=  264.79
     Process 3 started calculating ia=1345
                                            [WORKER  2] ia=1343, thermal , zout=64.8, eup=  276.94
     Process 2 started calculating ia=1346
                                            [WORKER  1] ia=1344, thermal , zout=64.8, eup=  277.10
     Process 1 started calculating ia=1347
                                            [WORKER  3] ia=1345, thermal , zout=64.8, eup=  279.41
     Process 3 started calculating ia=1348
                                            [WORKER  2] ia=1346, thermal , zout=64.8, eup=  271.18
     Process 2 started calculating ia=1349
                                            [WORKER  3] ia=1348, thermal , zout=64.8, eup=  271.76
     Process 3 started calculating ia=1350
                                            [WORKER  1] ia=1347, thermal , zout=64.8, eup=  270.82
     Process 1 started calculating ia=1351
                                            [WORKER  2] ia=1349, thermal , zout=64.8, eup=  278.33
     Process 2 started calculating ia=1352
                                            [WORKER  3] ia=1350, thermal , zout=64.8, eup=  269.82
     Process 3 started calculating ia=1353
                                            [WORKER  1] ia=1351, thermal , zout=64.8, eup=  271.66
     Process 1 started calculating ia=1354
                                            [WORKER  2] ia=1352, thermal , zout=64.8, eup=  279.15
     Process 2 started calculating ia=1355
                                            [WORKER  3] ia=1353, thermal , zout=64.8, eup=  273.30
     Process 3 started calculating ia=1356
                                            [WORKER  1] ia=1354, thermal , zout=64.8, eup=  271.15
     Process 1 started calculating ia=1357
                                            [WORKER  2] ia=1355, thermal , zout=64.8, eup=  277.11
     Process 2 started calculating ia=1358
                                            [WORKER  3] ia=1356, thermal , zout=64.8, eup=  274.31
     Process 3 started calculating ia=1359
                                            [WORKER  1] ia=1357, thermal , zout=64.8, eup=  273.62
     Process 1 started calculating ia=1360
                                            [WORKER  2] ia=1358, thermal , zout=64.8, eup=  274.82
     Process 2 started calculating ia=1361
                                            [WORKER  3] ia=1359, thermal , zout=64.8, eup=  279.60
     Process 3 started calculating ia=1362
                                            [WORKER  1] ia=1360, thermal , zout=64.8, eup=  277.17
     Process 1 started calculating ia=1363
                                            [WORKER  2] ia=1361, thermal , zout=64.8, eup=  271.87
     Process 2 started calculating ia=1364
                                            [WORKER  3] ia=1362, thermal , zout=64.8, eup=  276.20
     Process 3 started calculating ia=1365
                                            [WORKER  1] ia=1363, thermal , zout=64.9, eup=  277.33
     Process 1 started calculating ia=1366
                                            [WORKER  2] ia=1364, thermal , zout=64.9, eup=  280.94
     Process 2 started calculating ia=1367
                                            [WORKER  3] ia=1365, thermal , zout=64.9, eup=  269.38
     Process 3 started calculating ia=1368
                                            [WORKER  1] ia=1366, thermal , zout=64.9, eup=  278.72
     Process 1 started calculating ia=1369
                                            [WORKER  2] ia=1367, thermal , zout=64.9, eup=  278.54
     Process 2 started calculating ia=1370
                                            [WORKER  3] ia=1368, thermal , zout=64.9, eup=  274.21
     Process 3 started calculating ia=1371
                                            [WORKER  1] ia=1369, thermal , zout=64.9, eup=  267.12
     Process 1 started calculating ia=1372
                                            [WORKER  2] ia=1370, thermal , zout=64.9, eup=  272.61
     Process 2 started calculating ia=1373
                                            [WORKER  3] ia=1371, thermal , zout=64.9, eup=  273.46
     Process 3 started calculating ia=1374
                                            [WORKER  1] ia=1372, thermal , zout=64.9, eup=  270.77
     Process 1 started calculating ia=1375
                                            [WORKER  2] ia=1373, thermal , zout=64.9, eup=  280.84
     Process 2 started calculating ia=1376
                                            [WORKER  3] ia=1374, thermal , zout=64.9, eup=  274.78
     Process 3 started calculating ia=1377
                                            [WORKER  1] ia=1375, thermal , zout=64.9, eup=  270.91
     Process 1 started calculating ia=1378
                                            [WORKER  2] ia=1376, thermal , zout=64.9, eup=  271.36
     Process 2 started calculating ia=1379
                                            [WORKER  3] ia=1377, thermal , zout=64.9, eup=  274.13
     Process 3 started calculating ia=1380
                                            [WORKER  2] ia=1379, thermal , zout=64.9, eup=  274.24
     Process 2 started calculating ia=1381
                                            [WORKER  1] ia=1378, thermal , zout=64.9, eup=  281.24
     Process 1 started calculating ia=1382
                                            [WORKER  2] ia=1381, thermal , zout=64.9, eup=  279.35
     Process 2 started calculating ia=1383
                                            [WORKER  3] ia=1380, thermal , zout=64.9, eup=  281.21
     Process 3 started calculating ia=1384
                                            [WORKER  1] ia=1382, thermal , zout=64.9, eup=  280.72
     Process 1 started calculating ia=1385
                                            [WORKER  1] ia=1385, thermal , zout=64.9, eup=  274.37
     Process 1 started calculating ia=1386
                                            [WORKER  3] ia=1384, thermal , zout=64.9, eup=  279.85
     Process 3 started calculating ia=1387
                                            [WORKER  2] ia=1383, thermal , zout=64.9, eup=  281.12
     Process 2 started calculating ia=1388
                                            [WORKER  3] ia=1387, thermal , zout=64.9, eup=  279.47
     Process 3 started calculating ia=1389
                                            [WORKER  2] ia=1388, thermal , zout=64.9, eup=  271.15
     Process 2 started calculating ia=1390
                                            [WORKER  1] ia=1386, thermal , zout=64.9, eup=  279.40
     Process 1 started calculating ia=1391
                                            [WORKER  3] ia=1389, thermal , zout=64.9, eup=  271.78
     Process 3 started calculating ia=1392
                                            [WORKER  2] ia=1390, thermal , zout=64.9, eup=  268.49
     Process 2 started calculating ia=1393
                                            [WORKER  1] ia=1391, thermal , zout=64.9, eup=  275.54
     Process 1 started calculating ia=1394
                                            [WORKER  3] ia=1392, thermal , zout=64.9, eup=  270.41
     Process 3 started calculating ia=1395
                                            [WORKER  1] ia=1394, thermal , zout=64.9, eup=  273.66
     Process 1 started calculating ia=1396
                                            [WORKER  2] ia=1393, thermal , zout=64.9, eup=  270.45
     Process 2 started calculating ia=1397
                                            [WORKER  3] ia=1395, thermal , zout=64.9, eup=  272.16
     Process 3 started calculating ia=1398
                                            [WORKER  1] ia=1396, thermal , zout=64.9, eup=  270.58
     Process 1 started calculating ia=1399
                                            [WORKER  2] ia=1397, thermal , zout=64.9, eup=  277.03
     Process 2 started calculating ia=1400
                                            [WORKER  1] ia=1399, thermal , zout=64.9, eup=  270.13
     Process 1 started calculating ia=1401
                                            [WORKER  3] ia=1398, thermal , zout=64.9, eup=  276.31
     Process 3 started calculating ia=1402
                                            [WORKER  2] ia=1400, thermal , zout=64.9, eup=  275.09
     Process 2 started calculating ia=1403
                                            [WORKER  1] ia=1401, thermal , zout=64.9, eup=  271.14
     Process 1 started calculating ia=1404
                                            [WORKER  3] ia=1402, thermal , zout=64.9, eup=  271.60
     Process 3 started calculating ia=1405
                                            [WORKER  2] ia=1403, thermal , zout=64.9, eup=  269.69
     Process 2 started calculating ia=1406
                                            [WORKER  1] ia=1404, thermal , zout=64.9, eup=  271.26
     Process 1 started calculating ia=1407
                                            [WORKER  3] ia=1405, thermal , zout=64.9, eup=  279.06
     Process 3 started calculating ia=1408
                                            [WORKER  2] ia=1406, thermal , zout=64.9, eup=  269.31
     Process 2 started calculating ia=1409
                                            [WORKER  1] ia=1407, thermal , zout=64.9, eup=  269.16
     Process 1 started calculating ia=1410
                                            [WORKER  3] ia=1408, thermal , zout=64.9, eup=  266.44
     Process 3 started calculating ia=1411
                                            [WORKER  2] ia=1409, thermal , zout=64.9, eup=  271.85
     Process 2 started calculating ia=1412
                                            [WORKER  1] ia=1410, thermal , zout=64.9, eup=  269.86
     Process 1 started calculating ia=1413
                                            [WORKER  3] ia=1411, thermal , zout=64.9, eup=  277.56
     Process 3 started calculating ia=1414
                                            [WORKER  2] ia=1412, thermal , zout=64.9, eup=  277.63
     Process 2 started calculating ia=1415
                                            [WORKER  1] ia=1413, thermal , zout=64.9, eup=  274.77
     Process 1 started calculating ia=1416
                                            [WORKER  3] ia=1414, thermal , zout=64.9, eup=  264.38
     Process 3 started calculating ia=1417
                                            [WORKER  2] ia=1415, thermal , zout=64.9, eup=  276.54
     Process 2 started calculating ia=1418
                                            [WORKER  1] ia=1416, thermal , zout=64.9, eup=  275.40
     Process 1 started calculating ia=1419
                                            [WORKER  3] ia=1417, thermal , zout=64.9, eup=  279.15
     Process 3 started calculating ia=1420
                                            [WORKER  2] ia=1418, thermal , zout=64.9, eup=  277.65
     Process 2 started calculating ia=1421
                                            [WORKER  1] ia=1419, thermal , zout=64.9, eup=  271.87
     Process 1 started calculating ia=1422
                                            [WORKER  3] ia=1420, thermal , zout=64.9, eup=  278.63
     Process 3 started calculating ia=1423
                                            [WORKER  2] ia=1421, thermal , zout=64.9, eup=  280.84
     Process 2 started calculating ia=1424
                                            [WORKER  1] ia=1422, thermal , zout=64.9, eup=  280.72
     Process 1 started calculating ia=1425
                                            [WORKER  3] ia=1423, thermal , zout=64.9, eup=  278.28
     Process 3 started calculating ia=1426
                                            [WORKER  2] ia=1424, thermal , zout=64.9, eup=  280.22
     Process 2 started calculating ia=1427
                                            [WORKER  1] ia=1425, thermal , zout=64.9, eup=  278.42
     Process 1 started calculating ia=1428
                                            [WORKER  3] ia=1426, thermal , zout=64.9, eup=  272.32
     Process 3 started calculating ia=1429
                                            [WORKER  2] ia=1427, thermal , zout=64.9, eup=  262.69
     Process 2 started calculating ia=1430
                                            [WORKER  1] ia=1428, thermal , zout=64.9, eup=  275.56
     Process 1 started calculating ia=1431
                                            [WORKER  3] ia=1429, thermal , zout=64.9, eup=  272.02
     Process 3 started calculating ia=1432
                                            [WORKER  2] ia=1430, thermal , zout=64.9, eup=  272.67
     Process 2 started calculating ia=1433
                                            [WORKER  1] ia=1431, thermal , zout=64.9, eup=  271.25
     Process 1 started calculating ia=1434
                                            [WORKER  3] ia=1432, thermal , zout=64.9, eup=  283.39
     Process 3 started calculating ia=1435
                                            [WORKER  2] ia=1433, thermal , zout=64.9, eup=  275.81
     Process 2 started calculating ia=1436
                                            [WORKER  1] ia=1434, thermal , zout=64.9, eup=  277.50
     Process 1 started calculating ia=1437
                                            [WORKER  3] ia=1435, thermal , zout=64.9, eup=  283.28
     Process 3 started calculating ia=1438
                                            [WORKER  2] ia=1436, thermal , zout=64.9, eup=  279.22
     Process 2 started calculating ia=1439
                                            [WORKER  1] ia=1437, thermal , zout=64.9, eup=  270.81
     Process 1 started calculating ia=1440
                                            [WORKER  3] ia=1438, thermal , zout=64.9, eup=  283.43
     Process 3 started calculating ia=1441
                                            [WORKER  2] ia=1439, thermal , zout=64.9, eup=  283.50
     Process 2 started calculating ia=1442
                                            [WORKER  1] ia=1440, thermal , zout=64.9, eup=  283.94
     Process 1 started calculating ia=1443
                                            [WORKER  3] ia=1441, thermal , zout=64.9, eup=  276.97
     Process 3 started calculating ia=1444
                                            [WORKER  2] ia=1442, thermal , zout=64.9, eup=  279.09
     Process 2 started calculating ia=1445
                                            [WORKER  1] ia=1443, thermal , zout=64.9, eup=  283.37
     Process 1 started calculating ia=1446
                                            [WORKER  3] ia=1444, thermal , zout=64.9, eup=  275.81
     Process 3 started calculating ia=1447
                                            [WORKER  2] ia=1445, thermal , zout=64.9, eup=  284.15
     Process 2 started calculating ia=1448
                                            [WORKER  1] ia=1446, thermal , zout=64.9, eup=  272.75
     Process 1 started calculating ia=1449
                                            [WORKER  3] ia=1447, thermal , zout=64.9, eup=  279.13
     Process 3 started calculating ia=1450
                                            [WORKER  2] ia=1448, thermal , zout=64.9, eup=  276.11
     Process 2 started calculating ia=1451
                                            [WORKER  1] ia=1449, thermal , zout=64.9, eup=  282.49
     Process 1 started calculating ia=1452
                                            [WORKER  3] ia=1450, thermal , zout=64.9, eup=  284.40
     Process 3 started calculating ia=1453
                                            [WORKER  2] ia=1451, thermal , zout=64.9, eup=  279.64
     Process 2 started calculating ia=1454
                                            [WORKER  1] ia=1452, thermal , zout=64.9, eup=  275.03
     Process 1 started calculating ia=1455
                                            [WORKER  3] ia=1453, thermal , zout=64.9, eup=  280.93
     Process 3 started calculating ia=1456
                                            [WORKER  2] ia=1454, thermal , zout=64.9, eup=  270.11
     Process 2 started calculating ia=1457
                                            [WORKER  3] ia=1456, thermal , zout=64.9, eup=  280.23
     Process 3 started calculating ia=1458
                                            [WORKER  1] ia=1455, thermal , zout=64.9, eup=  284.03
     Process 1 started calculating ia=1459
                                            [WORKER  2] ia=1457, thermal , zout=64.9, eup=  274.48
     Process 2 started calculating ia=1460
                                            [WORKER  1] ia=1459, thermal , zout=64.9, eup=  281.95
     Process 1 started calculating ia=1461
                                            [WORKER  3] ia=1458, thermal , zout=64.9, eup=  283.23
     Process 3 started calculating ia=1462
                                            [WORKER  2] ia=1460, thermal , zout=64.9, eup=  283.93
     Process 2 started calculating ia=1463
                                            [WORKER  3] ia=1462, thermal , zout=64.9, eup=  281.05
     Process 3 started calculating ia=1464
                                            [WORKER  1] ia=1461, thermal , zout=64.9, eup=  284.73
     Process 1 started calculating ia=1465
                                            [WORKER  2] ia=1463, thermal , zout=64.9, eup=  264.79
     Process 2 started calculating ia=1466
                                            [WORKER  1] ia=1465, thermal , zout=64.9, eup=  274.18
     Process 1 started calculating ia=1467
                                            [WORKER  3] ia=1464, thermal , zout=64.9, eup=  264.47
     Process 3 started calculating ia=1468
                                            [WORKER  2] ia=1466, thermal , zout=64.9, eup=  283.06
     Process 2 started calculating ia=1469
                                            [WORKER  1] ia=1467, thermal , zout=64.9, eup=  271.53
     Process 1 started calculating ia=1470
                                            [WORKER  3] ia=1468, thermal , zout=64.9, eup=  271.09
     Process 3 started calculating ia=1471
                                            [WORKER  2] ia=1469, thermal , zout=64.9, eup=  272.70
     Process 2 started calculating ia=1472
                                            [WORKER  1] ia=1470, thermal , zout=64.9, eup=  261.52
     Process 1 started calculating ia=1473
                                            [WORKER  3] ia=1471, thermal , zout=64.9, eup=  245.38
     Process 3 started calculating ia=1474
                                            [WORKER  2] ia=1472, thermal , zout=64.9, eup=  235.48
     Process 2 started calculating ia=1475
                                            [WORKER  1] ia=1473, thermal , zout=64.9, eup=  235.71
     Process 1 started calculating ia=1476
                                            [WORKER  3] ia=1474, thermal , zout=64.9, eup=  230.87
     Process 3 started calculating ia=1477
                                            [WORKER  2] ia=1475, thermal , zout=64.9, eup=  233.32
     Process 2 started calculating ia=1478
                                            [WORKER  1] ia=1476, thermal , zout=64.9, eup=  233.92
     Process 1 started calculating ia=1479
                                            [WORKER  3] ia=1477, thermal , zout=64.9, eup=  213.92
     Process 3 started calculating ia=1480
                                            [WORKER  2] ia=1478, thermal , zout=64.9, eup=  226.90
     Process 2 started calculating ia=1481
                                            [WORKER  1] ia=1479, thermal , zout=64.9, eup=  243.28
     Process 1 started calculating ia=1482
                                            [WORKER  3] ia=1480, thermal , zout=64.9, eup=  239.63
     Process 3 started calculating ia=1483
                                            [WORKER  2] ia=1481, thermal , zout=64.9, eup=  266.01
     Process 2 started calculating ia=1484
                                            [WORKER  1] ia=1482, thermal , zout=64.9, eup=  281.11
     Process 1 started calculating ia=1485
                                            [WORKER  3] ia=1483, thermal , zout=64.9, eup=  284.19
     Process 3 started calculating ia=1486
                                            [WORKER  2] ia=1484, thermal , zout=64.9, eup=  281.49
     Process 2 started calculating ia=1487
                                            [WORKER  1] ia=1485, thermal , zout=64.9, eup=  283.31
     Process 1 started calculating ia=1488
                                            [WORKER  3] ia=1486, thermal , zout=64.9, eup=  279.95
     Process 3 started calculating ia=1489
                                            [WORKER  2] ia=1487, thermal , zout=64.9, eup=  263.77
     Process 2 started calculating ia=1490
                                            [WORKER  1] ia=1488, thermal , zout=64.9, eup=  272.96
     Process 1 started calculating ia=1491
                                            [WORKER  3] ia=1489, thermal , zout=64.9, eup=  215.62
     Process 3 started calculating ia=1492
                                            [WORKER  2] ia=1490, thermal , zout=64.9, eup=  240.41
     Process 2 started calculating ia=1493
                                            [WORKER  1] ia=1491, thermal , zout=64.9, eup=  236.42
     Process 1 started calculating ia=1494
                                            [WORKER  3] ia=1492, thermal , zout=64.9, eup=  243.53
     Process 3 started calculating ia=1495
                                            [WORKER  2] ia=1493, thermal , zout=64.9, eup=  236.15
     Process 2 started calculating ia=1496
                                            [WORKER  1] ia=1494, thermal , zout=64.9, eup=  233.35
     Process 1 started calculating ia=1497
                                            [WORKER  3] ia=1495, thermal , zout=64.9, eup=  206.85
     Process 3 started calculating ia=1498
                                            [WORKER  2] ia=1496, thermal , zout=64.9, eup=  223.76
     Process 2 started calculating ia=1499
                                            [WORKER  1] ia=1497, thermal , zout=64.9, eup=  224.40
     Process 1 started calculating ia=1500
                                            [WORKER  3] ia=1498, thermal , zout=64.9, eup=  224.99
     Process 3 started calculating ia=1501
                                            [WORKER  2] ia=1499, thermal , zout=64.9, eup=  218.82
     Process 2 started calculating ia=1502
                                            [WORKER  1] ia=1500, thermal , zout=64.9, eup=  227.08
     Process 1 started calculating ia=1503
                                            [WORKER  3] ia=1501, thermal , zout=64.9, eup=  227.28
     Process 3 started calculating ia=1504
                                            [WORKER  2] ia=1502, thermal , zout=64.9, eup=  229.50
     Process 2 started calculating ia=1505
                                            [WORKER  1] ia=1503, thermal , zout=64.9, eup=  228.16
     Process 1 started calculating ia=1506
                                            [WORKER  3] ia=1504, thermal , zout=64.9, eup=  227.99
     Process 3 started calculating ia=1507
                                            [WORKER  2] ia=1505, thermal , zout=64.9, eup=  232.06
     Process 2 started calculating ia=1508
                                            [WORKER  1] ia=1506, thermal , zout=64.9, eup=  243.02
     Process 1 started calculating ia=1509
                                            [WORKER  3] ia=1507, thermal , zout=64.9, eup=  230.44
     Process 3 started calculating ia=1510
                                            [WORKER  2] ia=1508, thermal , zout=64.9, eup=  252.98
     Process 2 started calculating ia=1511
                                            [WORKER  1] ia=1509, thermal , zout=64.9, eup=  276.61
     Process 1 started calculating ia=1512
                                            [WORKER  3] ia=1510, thermal , zout=64.9, eup=  267.36
     Process 3 started calculating ia=1513
                                            [WORKER  2] ia=1511, thermal , zout=64.9, eup=  252.69
     Process 2 started calculating ia=1514
                                            [WORKER  1] ia=1512, thermal , zout=64.9, eup=  246.09
     Process 1 started calculating ia=1515
                                            [WORKER  3] ia=1513, thermal , zout=64.9, eup=  260.65
     Process 3 started calculating ia=1516
                                            [WORKER  2] ia=1514, thermal , zout=64.9, eup=  264.24
     Process 2 started calculating ia=1517
                                            [WORKER  1] ia=1515, thermal , zout=64.9, eup=  266.54
     Process 1 started calculating ia=1518
                                            [WORKER  3] ia=1516, thermal , zout=64.9, eup=  260.64
     Process 3 started calculating ia=1519
                                            [WORKER  2] ia=1517, thermal , zout=64.9, eup=  276.10
     Process 2 started calculating ia=1520
                                            [WORKER  1] ia=1518, thermal , zout=64.9, eup=  274.82
     Process 1 started calculating ia=1521
                                            [WORKER  3] ia=1519, thermal , zout=64.9, eup=  269.35
     Process 3 started calculating ia=1522
                                            [WORKER  2] ia=1520, thermal , zout=64.9, eup=  279.51
     Process 2 started calculating ia=1523
                                            [WORKER  1] ia=1521, thermal , zout=64.9, eup=  280.91
     Process 1 started calculating ia=1524
                                            [WORKER  3] ia=1522, thermal , zout=64.9, eup=  277.85
     Process 3 started calculating ia=1525
                                            [WORKER  2] ia=1523, thermal , zout=64.9, eup=  280.03
     Process 2 started calculating ia=1526
                                            [WORKER  1] ia=1524, thermal , zout=64.9, eup=  280.04
     Process 1 started calculating ia=1527
                                            [WORKER  3] ia=1525, thermal , zout=64.9, eup=  271.34
     Process 3 started calculating ia=1528
                                            [WORKER  2] ia=1526, thermal , zout=64.9, eup=  267.54
     Process 2 started calculating ia=1529
                                            [WORKER  1] ia=1527, thermal , zout=64.9, eup=  275.81
     Process 1 started calculating ia=1530
                                            [WORKER  3] ia=1528, thermal , zout=64.9, eup=  274.10
     Process 3 started calculating ia=1531
                                            [WORKER  2] ia=1529, thermal , zout=64.9, eup=  256.76
     Process 2 started calculating ia=1532
                                            [WORKER  1] ia=1530, thermal , zout=64.9, eup=  280.34
     Process 1 started calculating ia=1533
                                            [WORKER  3] ia=1531, thermal , zout=64.9, eup=  275.87
     Process 3 started calculating ia=1534
                                            [WORKER  2] ia=1532, thermal , zout=64.9, eup=  274.53
     Process 2 started calculating ia=1535
                                            [WORKER  1] ia=1533, thermal , zout=64.9, eup=  281.32
     Process 1 started calculating ia=1536
                                            [WORKER  3] ia=1534, thermal , zout=64.9, eup=  281.68
     Process 3 started calculating ia=1537
                                            [WORKER  2] ia=1535, thermal , zout=64.9, eup=  280.71
     Process 2 started calculating ia=1538
                                            [WORKER  1] ia=1536, thermal , zout=64.9, eup=  270.20
     Process 1 started calculating ia=1539
                                            [WORKER  3] ia=1537, thermal , zout=64.9, eup=  281.61
     Process 3 started calculating ia=1540
                                            [WORKER  2] ia=1538, thermal , zout=64.9, eup=  281.51
     Process 2 started calculating ia=1541
                                            [WORKER  1] ia=1539, thermal , zout=64.9, eup=  277.45
     Process 1 started calculating ia=1542
                                            [WORKER  3] ia=1540, thermal , zout=64.9, eup=  280.33
     Process 3 started calculating ia=1543
                                            [WORKER  2] ia=1541, thermal , zout=64.9, eup=  278.05
     Process 2 started calculating ia=1544
                                            [WORKER  1] ia=1542, thermal , zout=64.9, eup=  279.68
     Process 1 started calculating ia=1545
                                            [WORKER  3] ia=1543, thermal , zout=64.9, eup=  280.13
     Process 3 started calculating ia=1546
                                            [WORKER  2] ia=1544, thermal , zout=64.9, eup=  264.03
     Process 2 started calculating ia=1547
                                            [WORKER  1] ia=1545, thermal , zout=64.9, eup=  256.20
     Process 1 started calculating ia=1548
                                            [WORKER  3] ia=1546, thermal , zout=64.9, eup=  253.04
     Process 3 started calculating ia=1549
                                            [WORKER  2] ia=1547, thermal , zout=64.9, eup=  256.16
     Process 2 started calculating ia=1550
                                            [WORKER  1] ia=1548, thermal , zout=64.9, eup=  236.04
     Process 1 started calculating ia=1551
                                            [WORKER  3] ia=1549, thermal , zout=64.9, eup=  230.55
     Process 3 started calculating ia=1552
                                            [WORKER  2] ia=1550, thermal , zout=64.9, eup=  225.70
     Process 2 started calculating ia=1553
                                            [WORKER  1] ia=1551, thermal , zout=64.9, eup=  229.35
     Process 1 started calculating ia=1554
                                            [WORKER  3] ia=1552, thermal , zout=64.9, eup=  253.94
     Process 3 started calculating ia=1555
                                            [WORKER  2] ia=1553, thermal , zout=64.9, eup=  249.03
     Process 2 started calculating ia=1556
                                            [WORKER  1] ia=1554, thermal , zout=64.9, eup=  245.20
     Process 1 started calculating ia=1557
                                            [WORKER  3] ia=1555, thermal , zout=64.9, eup=  238.22
     Process 3 started calculating ia=1558
                                            [WORKER  2] ia=1556, thermal , zout=64.9, eup=  226.78
     Process 2 started calculating ia=1559
                                            [WORKER  1] ia=1557, thermal , zout=64.9, eup=  225.90
     Process 1 started calculating ia=1560
                                            [WORKER  3] ia=1558, thermal , zout=64.9, eup=  226.32
     Process 3 started calculating ia=1561
                                            [WORKER  2] ia=1559, thermal , zout=64.9, eup=  226.55
     Process 2 started calculating ia=1562
                                            [WORKER  1] ia=1560, thermal , zout=64.9, eup=  228.71
     Process 1 started calculating ia=1563
                                            [WORKER  3] ia=1561, thermal , zout=64.9, eup=  262.70
     Process 3 started calculating ia=1564
                                            [WORKER  2] ia=1562, thermal , zout=64.9, eup=  278.98
     Process 2 started calculating ia=1565
                                            [WORKER  1] ia=1563, thermal , zout=64.9, eup=  278.65
     Process 1 started calculating ia=1566
                                            [WORKER  3] ia=1564, thermal , zout=64.9, eup=  257.05
     Process 3 started calculating ia=1567
                                            [WORKER  2] ia=1565, thermal , zout=64.9, eup=  258.99
     Process 2 started calculating ia=1568
                                            [WORKER  3] ia=1567, thermal , zout=64.9, eup=  282.42
     Process 3 started calculating ia=1569
                                            [WORKER  1] ia=1566, thermal , zout=64.9, eup=  279.61
     Process 1 started calculating ia=1570
                                            [WORKER  2] ia=1568, thermal , zout=64.9, eup=  282.91
     Process 2 started calculating ia=1571
                                            [WORKER  2] ia=1571, thermal , zout=64.9, eup=  280.95
     Process 2 started calculating ia=1572
                                            [WORKER  1] ia=1570, thermal , zout=64.9, eup=  282.10
     Process 1 started calculating ia=1573
                                            [WORKER  3] ia=1569, thermal , zout=64.9, eup=  282.31
     Process 3 started calculating ia=1574
                                            [WORKER  2] ia=1572, thermal , zout=64.9, eup=  279.88
     Process 2 started calculating ia=1575
                                            [WORKER  1] ia=1573, thermal , zout=64.9, eup=  270.33
     Process 1 started calculating ia=1576
                                            [WORKER  3] ia=1574, thermal , zout=64.9, eup=  272.04
     Process 3 started calculating ia=1577
                                            [WORKER  2] ia=1575, thermal , zout=64.9, eup=  272.38
     Process 2 started calculating ia=1578
                                            [WORKER  1] ia=1576, thermal , zout=64.9, eup=  270.18
                                            [WORKER  3] ia=1577, thermal , zout=64.9, eup=  269.09
     Process 1 started calculating ia=1579
     Process 3 started calculating ia=1580
                                            [WORKER  3] ia=1580, thermal , zout=64.9, eup=  259.48
     Process 3 started calculating ia=1581
                                            [WORKER  2] ia=1578, thermal , zout=64.9, eup=  264.86
     Process 2 started calculating ia=1582
                                            [WORKER  1] ia=1579, thermal , zout=64.9, eup=  263.78
     Process 1 started calculating ia=1583
                                            [WORKER  1] ia=1583, thermal , zout=64.9, eup=  266.48
     Process 1 started calculating ia=1584
                                            [WORKER  2] ia=1582, thermal , zout=64.9, eup=  277.87
     Process 2 started calculating ia=1585
                                            [WORKER  3] ia=1581, thermal , zout=64.9, eup=  273.91
     Process 3 started calculating ia=1586
                                            [WORKER  1] ia=1584, thermal , zout=64.9, eup=  255.14
     Process 1 started calculating ia=1587
                                            [WORKER  3] ia=1586, thermal , zout=64.9, eup=  257.06
     Process 3 started calculating ia=1588
                                            [WORKER  2] ia=1585, thermal , zout=64.9, eup=  253.35
     Process 2 started calculating ia=1589
                                            [WORKER  2] ia=1589, thermal , zout=64.9, eup=  223.41
     Process 2 started calculating ia=1590
                                            [WORKER  3] ia=1588, thermal , zout=64.9, eup=  269.11
     Process 3 started calculating ia=1591
                                            [WORKER  1] ia=1587, thermal , zout=64.9, eup=  279.02
     Process 1 started calculating ia=1592
                                            [WORKER  2] ia=1590, thermal , zout=64.9, eup=  220.80
     Process 2 started calculating ia=1593
                                            [WORKER  1] ia=1592, thermal , zout=64.9, eup=  218.17
     Process 1 started calculating ia=1594
                                            [WORKER  3] ia=1591, thermal , zout=64.9, eup=  216.85
     Process 3 started calculating ia=1595
                                            [WORKER  2] ia=1593, thermal , zout=64.9, eup=  215.28
     Process 2 started calculating ia=1596
                                            [WORKER  1] ia=1594, thermal , zout=64.9, eup=  196.96
     Process 1 started calculating ia=1597
                                            [WORKER  3] ia=1595, thermal , zout=64.9, eup=  183.93
     Process 3 started calculating ia=1598
                                            [WORKER  1] ia=1597, thermal , zout=64.9, eup=  174.51
     Process 1 started calculating ia=1599
                                            [WORKER  3] ia=1598, thermal , zout=64.9, eup=  166.63
     Process 3 started calculating ia=1600
                                            [WORKER  2] ia=1596, thermal , zout=64.9, eup=  175.20
     Process 2 started calculating ia=1601
                                            [WORKER  3] ia=1600, thermal , zout=64.9, eup=  166.01
     Process 3 started calculating ia=1602
                                            [WORKER  1] ia=1599, thermal , zout=64.9, eup=  165.04
     Process 1 started calculating ia=1603
                                            [WORKER  2] ia=1601, thermal , zout=64.9, eup=  168.96
     Process 2 started calculating ia=1604
                                            [WORKER  3] ia=1602, thermal , zout=64.9, eup=  169.22
     Process 3 started calculating ia=1605
                                            [WORKER  1] ia=1603, thermal , zout=64.9, eup=  165.06
     Process 1 started calculating ia=1606
                                            [WORKER  2] ia=1604, thermal , zout=64.9, eup=  161.48
     Process 2 started calculating ia=1607
                                            [WORKER  1] ia=1606, thermal , zout=64.9, eup=  161.09
     Process 1 started calculating ia=1608
                                            [WORKER  2] ia=1607, thermal , zout=64.9, eup=  163.04
     Process 2 started calculating ia=1609
                                            [WORKER  3] ia=1605, thermal , zout=64.9, eup=  158.65
     Process 3 started calculating ia=1610
                                            [WORKER  1] ia=1608, thermal , zout=64.9, eup=  210.72
     Process 1 started calculating ia=1611
                                            [WORKER  2] ia=1609, thermal , zout=64.9, eup=  244.83
     Process 2 started calculating ia=1612
                                            [WORKER  3] ia=1610, thermal , zout=64.9, eup=  265.51
     Process 3 started calculating ia=1613
                                            [WORKER  1] ia=1611, thermal , zout=64.9, eup=  274.91
     Process 1 started calculating ia=1614
                                            [WORKER  2] ia=1612, thermal , zout=64.9, eup=  272.18
     Process 2 started calculating ia=1615
                                            [WORKER  3] ia=1613, thermal , zout=64.9, eup=  268.74
     Process 3 started calculating ia=1616
                                            [WORKER  1] ia=1614, thermal , zout=64.9, eup=  256.82
     Process 1 started calculating ia=1617
                                            [WORKER  2] ia=1615, thermal , zout=64.9, eup=  273.17
     Process 2 started calculating ia=1618
                                            [WORKER  3] ia=1616, thermal , zout=64.9, eup=  275.00
     Process 3 started calculating ia=1619
                                            [WORKER  1] ia=1617, thermal , zout=64.9, eup=  273.15
     Process 1 started calculating ia=1620
                                            [WORKER  3] ia=1619, thermal , zout=64.9, eup=  273.09
     Process 3 started calculating ia=1621
                                            [WORKER  2] ia=1618, thermal , zout=64.9, eup=  266.74
     Process 2 started calculating ia=1622
                                            [WORKER  1] ia=1620, thermal , zout=64.9, eup=  271.85
     Process 1 started calculating ia=1623
                                            [WORKER  2] ia=1622, thermal , zout=64.9, eup=  266.43
                                            [WORKER  3] ia=1621, thermal , zout=64.9, eup=  270.20
     Process 2 started calculating ia=1624
     Process 3 started calculating ia=1625
                                            [WORKER  3] ia=1625, thermal , zout=65.4, eup=  266.48
     Process 3 started calculating ia=1626
                                            [WORKER  2] ia=1624, thermal , zout=64.9, eup=  264.69
     Process 2 started calculating ia=1627
                                            [WORKER  1] ia=1623, thermal , zout=64.9, eup=  270.99
     Process 1 started calculating ia=1628
                                            [WORKER  1] ia=1628, thermal , zout=64.9, eup=  255.11
     Process 1 started calculating ia=1629
                                            [WORKER  2] ia=1627, thermal , zout=64.9, eup=  269.09
     Process 2 started calculating ia=1630
                                            [WORKER  3] ia=1626, thermal , zout=64.9, eup=  251.75
     Process 3 started calculating ia=1631
                                            [WORKER  2] ia=1630, thermal , zout=64.9, eup=  219.96
     Process 2 started calculating ia=1632
                                            [WORKER  3] ia=1631, thermal , zout=64.9, eup=  221.97
     Process 3 started calculating ia=1633
                                            [WORKER  1] ia=1629, thermal , zout=64.9, eup=  262.26
     Process 1 started calculating ia=1634
                                            [WORKER  2] ia=1632, thermal , zout=64.9, eup=  253.57
     Process 2 started calculating ia=1635
                                            [WORKER  3] ia=1633, thermal , zout=64.9, eup=  252.90
     Process 3 started calculating ia=1636
                                            [WORKER  1] ia=1634, thermal , zout=64.9, eup=  245.54
     Process 1 started calculating ia=1637
                                            [WORKER  2] ia=1635, thermal , zout=64.9, eup=  237.91
     Process 2 started calculating ia=1638
                                            [WORKER  3] ia=1636, thermal , zout=64.9, eup=  255.99
     Process 3 started calculating ia=1639
                                            [WORKER  1] ia=1637, thermal , zout=64.9, eup=  235.94
     Process 1 started calculating ia=1640
                                            [WORKER  1] ia=1640, thermal , zout=64.9, eup=  252.45
     Process 1 started calculating ia=1641
                                            [WORKER  2] ia=1638, thermal , zout=64.9, eup=  230.50
     Process 2 started calculating ia=1642
                                            [WORKER  3] ia=1639, thermal , zout=64.9, eup=  214.02
     Process 3 started calculating ia=1643
                                            [WORKER  2] ia=1642, thermal , zout=64.9, eup=  248.07
     Process 2 started calculating ia=1644
                                            [WORKER  3] ia=1643, thermal , zout=64.9, eup=  237.32
     Process 3 started calculating ia=1645
                                            [WORKER  1] ia=1641, thermal , zout=64.9, eup=  255.99
     Process 1 started calculating ia=1646
                                            [WORKER  1] ia=1646, thermal , zout=64.9, eup=  247.04
     Process 1 started calculating ia=1647
                                            [WORKER  2] ia=1644, thermal , zout=64.9, eup=  235.18
     Process 2 started calculating ia=1648
                                            [WORKER  3] ia=1645, thermal , zout=64.9, eup=  233.52
     Process 3 started calculating ia=1649
                                            [WORKER  1] ia=1647, thermal , zout=64.9, eup=  243.26
     Process 1 started calculating ia=1650
                                            [WORKER  2] ia=1648, thermal , zout=64.9, eup=  241.19
     Process 2 started calculating ia=1651
                                            [WORKER  3] ia=1649, thermal , zout=64.9, eup=  246.74
     Process 3 started calculating ia=1652
                                            [WORKER  3] ia=1652, thermal , zout=64.8, eup=  243.74
     Process 3 started calculating ia=1653
                                            [WORKER  1] ia=1650, thermal , zout=64.8, eup=  241.60
     Process 1 started calculating ia=1654
                                            [WORKER  2] ia=1651, thermal , zout=64.8, eup=  235.84
     Process 2 started calculating ia=1655
                                            [WORKER  1] ia=1654, thermal , zout=64.8, eup=  257.01
     Process 1 started calculating ia=1656
                                            [WORKER  2] ia=1655, thermal , zout=64.8, eup=  270.98
     Process 2 started calculating ia=1657
                                            [WORKER  3] ia=1653, thermal , zout=64.8, eup=  245.74
     Process 3 started calculating ia=1658
                                            [WORKER  2] ia=1657, thermal , zout=64.9, eup=  280.11
     Process 2 started calculating ia=1659
                                            [WORKER  3] ia=1658, thermal , zout=64.9, eup=  279.26
     Process 3 started calculating ia=1660
                                            [WORKER  1] ia=1656, thermal , zout=64.8, eup=  274.22
     Process 1 started calculating ia=1661
                                            [WORKER  2] ia=1659, thermal , zout=64.9, eup=  278.89
     Process 2 started calculating ia=1662
                                            [WORKER  3] ia=1660, thermal , zout=64.9, eup=  265.63
     Process 3 started calculating ia=1663
                                            [WORKER  1] ia=1661, thermal , zout=64.9, eup=  260.68
     Process 1 started calculating ia=1664
                                            [WORKER  1] ia=1664, thermal , zout=64.9, eup=  251.27
     Process 1 started calculating ia=1665
                                            [WORKER  3] ia=1663, thermal , zout=64.9, eup=  251.56
     Process 3 started calculating ia=1666
                                            [WORKER  2] ia=1662, thermal , zout=64.9, eup=  260.68
     Process 2 started calculating ia=1667
                                            [WORKER  3] ia=1666, thermal , zout=64.9, eup=  264.04
     Process 3 started calculating ia=1668
                                            [WORKER  1] ia=1665, thermal , zout=64.9, eup=  252.78
     Process 1 started calculating ia=1669
                                            [WORKER  2] ia=1667, thermal , zout=65.4, eup=  252.46
     Process 2 started calculating ia=1670
                                            [WORKER  1] ia=1669, thermal , zout=64.9, eup=  277.70
     Process 1 started calculating ia=1671
                                            [WORKER  2] ia=1670, thermal , zout=64.8, eup=  274.04
     Process 2 started calculating ia=1672
                                            [WORKER  3] ia=1668, thermal , zout=65.4, eup=  257.12
     Process 3 started calculating ia=1673
                                            [WORKER  1] ia=1671, thermal , zout=64.8, eup=  272.53
     Process 1 started calculating ia=1674
                                            [WORKER  2] ia=1672, thermal , zout=64.9, eup=  264.65
     Process 2 started calculating ia=1675
                                            [WORKER  3] ia=1673, thermal , zout=64.9, eup=  278.46
     Process 3 started calculating ia=1676
                                            [WORKER  1] ia=1674, thermal , zout=65.3, eup=  279.76
     Process 1 started calculating ia=1677
                                            [WORKER  3] ia=1676, thermal , zout=64.8, eup=  273.24
     Process 3 started calculating ia=1678
                                            [WORKER  2] ia=1675, thermal , zout=64.8, eup=  268.07
     Process 2 started calculating ia=1679
                                            [WORKER  1] ia=1677, thermal , zout=64.8, eup=  260.80
     Process 1 started calculating ia=1680
                                            [WORKER  3] ia=1678, thermal , zout=64.8, eup=  276.95
     Process 3 started calculating ia=1681
                                            [WORKER  2] ia=1679, thermal , zout=64.8, eup=  273.59
     Process 2 started calculating ia=1682
                                            [WORKER  1] ia=1680, thermal , zout=64.8, eup=  273.85
     Process 1 started calculating ia=1683
                                            [WORKER  3] ia=1681, thermal , zout=64.8, eup=  269.03
     Process 3 started calculating ia=1684
                                            [WORKER  2] ia=1682, thermal , zout=64.8, eup=  267.49
     Process 2 started calculating ia=1685
                                            [WORKER  1] ia=1683, thermal , zout=64.8, eup=  280.52
     Process 1 started calculating ia=1686
                                            [WORKER  3] ia=1684, thermal , zout=64.8, eup=  263.33
     Process 3 started calculating ia=1687
                                            [WORKER  2] ia=1685, thermal , zout=64.8, eup=  280.83
     Process 2 started calculating ia=1688
                                            [WORKER  1] ia=1686, thermal , zout=64.8, eup=  273.44
     Process 1 started calculating ia=1689
                                            [WORKER  3] ia=1687, thermal , zout=64.8, eup=  267.39
     Process 3 started calculating ia=1690
                                            [WORKER  2] ia=1688, thermal , zout=64.8, eup=  278.88
     Process 2 started calculating ia=1691
                                            [WORKER  1] ia=1689, thermal , zout=64.8, eup=  280.96
     Process 1 started calculating ia=1692
                                            [WORKER  3] ia=1690, thermal , zout=64.8, eup=  281.78
     Process 3 started calculating ia=1693
                                            [WORKER  2] ia=1691, thermal , zout=64.8, eup=  273.50
     Process 2 started calculating ia=1694
                                            [WORKER  1] ia=1692, thermal , zout=64.8, eup=  263.38
     Process 1 started calculating ia=1695
                                            [WORKER  3] ia=1693, thermal , zout=64.8, eup=  282.74
     Process 3 started calculating ia=1696
                                            [WORKER  2] ia=1694, thermal , zout=64.8, eup=  272.96
     Process 2 started calculating ia=1697
                                            [WORKER  1] ia=1695, thermal , zout=65.3, eup=  283.09
     Process 1 started calculating ia=1698
                                            [WORKER  3] ia=1696, thermal , zout=65.3, eup=  283.12
     Process 3 started calculating ia=1699
                                            [WORKER  2] ia=1697, thermal , zout=64.8, eup=  283.06
     Process 2 started calculating ia=1700
                                            [WORKER  1] ia=1698, thermal , zout=64.8, eup=  283.12
     Process 1 started calculating ia=1701
                                            [WORKER  3] ia=1699, thermal , zout=64.8, eup=  283.05
     Process 3 started calculating ia=1702
                                            [WORKER  2] ia=1700, thermal , zout=64.8, eup=  283.04
     Process 2 started calculating ia=1703
                                            [WORKER  1] ia=1701, thermal , zout=64.8, eup=  279.92
     Process 1 started calculating ia=1704
                                            [WORKER  3] ia=1702, thermal , zout=65.3, eup=  274.03
     Process 3 started calculating ia=1705
                                            [WORKER  2] ia=1703, thermal , zout=64.8, eup=  276.24
     Process 2 started calculating ia=1706
                                            [WORKER  1] ia=1704, thermal , zout=64.8, eup=  280.52
     Process 1 started calculating ia=1707
                                            [WORKER  3] ia=1705, thermal , zout=64.8, eup=  282.65
     Process 3 started calculating ia=1708
                                            [WORKER  2] ia=1706, thermal , zout=64.9, eup=  283.09
     Process 2 started calculating ia=1709
                                            [WORKER  2] ia=1709, thermal , zout=64.8, eup=  284.17
     Process 2 started calculating ia=1710
                                            [WORKER  3] ia=1708, thermal , zout=64.9, eup=  283.98
     Process 3 started calculating ia=1711
                                            [WORKER  1] ia=1707, thermal , zout=64.8, eup=  279.01
     Process 1 started calculating ia=1712
                                            [WORKER  1] ia=1712, thermal , zout=64.9, eup=  281.82
     Process 1 started calculating ia=1713
                                            [WORKER  2] ia=1710, thermal , zout=64.8, eup=  285.00
     Process 2 started calculating ia=1714
                                            [WORKER  3] ia=1711, thermal , zout=64.9, eup=  270.94
     Process 3 started calculating ia=1715
                                            [WORKER  1] ia=1713, thermal , zout=64.9, eup=  286.68
     Process 1 started calculating ia=1716
                                            [WORKER  2] ia=1714, thermal , zout=64.9, eup=  285.30
     Process 2 started calculating ia=1717
                                            [WORKER  3] ia=1715, thermal , zout=64.9, eup=  277.41
     Process 3 started calculating ia=1718
                                            [WORKER  1] ia=1716, thermal , zout=64.9, eup=  286.82
     Process 1 started calculating ia=1719
                                            [WORKER  2] ia=1717, thermal , zout=64.9, eup=  286.62
     Process 2 started calculating ia=1720
                                            [WORKER  3] ia=1718, thermal , zout=64.9, eup=  285.61
     Process 3 started calculating ia=1721
                                            [WORKER  1] ia=1719, thermal , zout=64.9, eup=  280.73
     Process 1 started calculating ia=1722
                                            [WORKER  2] ia=1720, thermal , zout=64.9, eup=  285.31
     Process 2 started calculating ia=1723
                                            [WORKER  3] ia=1721, thermal , zout=64.9, eup=  285.15
     Process 3 started calculating ia=1724
                                            [WORKER  2] ia=1723, thermal , zout=65.4, eup=  213.06
     Process 2 started calculating ia=1725
                                            [WORKER  1] ia=1722, thermal , zout=64.9, eup=  265.34
     Process 1 started calculating ia=1726
                                            [WORKER  3] ia=1724, thermal , zout=64.8, eup=  217.59
     Process 3 started calculating ia=1727
                                            [WORKER  1] ia=1726, thermal , zout=64.8, eup=  202.88
     Process 1 started calculating ia=1728
                                            [WORKER  3] ia=1727, thermal , zout=64.8, eup=  174.45
     Process 3 started calculating ia=1729
                                            [WORKER  2] ia=1725, thermal , zout=64.8, eup=  229.50
     Process 2 started calculating ia=1730
                                            [WORKER  1] ia=1728, thermal , zout=64.8, eup=  129.17
     Process 1 started calculating ia=1731
                                            [WORKER  3] ia=1729, thermal , zout=64.8, eup=  111.37
     Process 3 started calculating ia=1732
                                            [WORKER  2] ia=1730, thermal , zout=64.8, eup=  104.74
     Process 2 started calculating ia=1733
                                            [WORKER  1] ia=1731, thermal , zout=64.8, eup=   99.11
     Process 1 started calculating ia=1734
                                            [WORKER  3] ia=1732, thermal , zout=64.8, eup=   97.16
     Process 3 started calculating ia=1735
                                            [WORKER  2] ia=1733, thermal , zout=64.8, eup=   98.10
     Process 2 started calculating ia=1736
                                            [WORKER  1] ia=1734, thermal , zout=64.8, eup=   98.02
     Process 1 started calculating ia=1737
                                            [WORKER  3] ia=1735, thermal , zout=64.9, eup=  100.19
     Process 3 started calculating ia=1738
                                            [WORKER  2] ia=1736, thermal , zout=64.8, eup=  111.75
     Process 2 started calculating ia=1739
                                            [WORKER  1] ia=1737, thermal , zout=65.4, eup=  114.68
     Process 1 started calculating ia=1740
                                            [WORKER  3] ia=1738, thermal , zout=65.3, eup=  122.83
     Process 3 started calculating ia=1741
                                            [WORKER  2] ia=1739, thermal , zout=65.3, eup=  122.34
     Process 2 started calculating ia=1742
                                            [WORKER  1] ia=1740, thermal , zout=64.8, eup=  108.51
     Process 1 started calculating ia=1743
                                            [WORKER  3] ia=1741, thermal , zout=64.8, eup=  106.56
     Process 3 started calculating ia=1744
                                            [WORKER  2] ia=1742, thermal , zout=64.8, eup=  106.62
     Process 2 started calculating ia=1745
                                            [WORKER  1] ia=1743, thermal , zout=64.8, eup=  101.76
     Process 1 started calculating ia=1746
                                            [WORKER  3] ia=1744, thermal , zout=65.3, eup=  102.52
     Process 3 started calculating ia=1747
                                            [WORKER  2] ia=1745, thermal , zout=65.3, eup=  102.88
     Process 2 started calculating ia=1748
                                            [WORKER  1] ia=1746, thermal , zout=64.8, eup=   99.95
     Process 1 started calculating ia=1749
                                            [WORKER  3] ia=1747, thermal , zout=64.8, eup=   97.91
     Process 3 started calculating ia=1750
                                            [WORKER  2] ia=1748, thermal , zout=64.8, eup=   98.70
     Process 2 started calculating ia=1751
                                            [WORKER  1] ia=1749, thermal , zout=64.8, eup=  100.40
     Process 1 started calculating ia=1752
                                            [WORKER  3] ia=1750, thermal , zout=64.8, eup=  103.03
     Process 3 started calculating ia=1753
                                            [WORKER  2] ia=1751, thermal , zout=64.8, eup=  108.28
     Process 2 started calculating ia=1754
                                            [WORKER  1] ia=1752, thermal , zout=64.8, eup=  110.09
     Process 1 started calculating ia=1755
                                            [WORKER  3] ia=1753, thermal , zout=64.8, eup=  105.94
     Process 3 started calculating ia=1756
                                            [WORKER  2] ia=1754, thermal , zout=64.8, eup=  106.24
     Process 2 started calculating ia=1757
                                            [WORKER  1] ia=1755, thermal , zout=64.8, eup=  104.41
     Process 1 started calculating ia=1758
                                            [WORKER  3] ia=1756, thermal , zout=64.8, eup=  102.44
     Process 3 started calculating ia=1759
                                            [WORKER  2] ia=1757, thermal , zout=64.8, eup=  104.35
     Process 2 started calculating ia=1760
                                            [WORKER  3] ia=1759, thermal , zout=65.2, eup=  105.39
     Process 3 started calculating ia=1761
                                            [WORKER  1] ia=1758, thermal , zout=65.2, eup=  105.42
     Process 1 started calculating ia=1762
                                            [WORKER  2] ia=1760, thermal , zout=65.3, eup=  101.98
     Process 2 started calculating ia=1763
                                            [WORKER  3] ia=1761, thermal , zout=64.8, eup=   99.34
     Process 3 started calculating ia=1764
                                            [WORKER  1] ia=1762, thermal , zout=64.8, eup=   98.63
     Process 1 started calculating ia=1765
                                            [WORKER  2] ia=1763, thermal , zout=64.8, eup=   98.82
     Process 2 started calculating ia=1766
                                            [WORKER  1] ia=1765, thermal , zout=65.3, eup=  101.37
     Process 1 started calculating ia=1767
                                            [WORKER  3] ia=1764, thermal , zout=64.8, eup=   98.65
     Process 3 started calculating ia=1768
                                            [WORKER  2] ia=1766, thermal , zout=64.8, eup=   99.20
     Process 2 started calculating ia=1769
                                            [WORKER  1] ia=1767, thermal , zout=64.8, eup=   99.06
     Process 1 started calculating ia=1770
                                            [WORKER  3] ia=1768, thermal , zout=64.8, eup=   98.45
     Process 3 started calculating ia=1771
                                            [WORKER  2] ia=1769, thermal , zout=64.8, eup=   98.43
     Process 2 started calculating ia=1772
                                            [WORKER  1] ia=1770, thermal , zout=64.8, eup=   98.16
     Process 1 started calculating ia=1773
                                            [WORKER  3] ia=1771, thermal , zout=64.8, eup=   99.09
     Process 3 started calculating ia=1774
                                            [WORKER  2] ia=1772, thermal , zout=65.3, eup=  100.27
     Process 2 started calculating ia=1775
                                            [WORKER  1] ia=1773, thermal , zout=65.3, eup=   99.78
     Process 1 started calculating ia=1776
                                            [WORKER  3] ia=1774, thermal , zout=65.3, eup=   97.62
     Process 3 started calculating ia=1777
                                            [WORKER  2] ia=1775, thermal , zout=65.3, eup=   96.17
     Process 2 started calculating ia=1778
                                            [WORKER  3] ia=1777, thermal , zout=64.8, eup=   97.02
     Process 3 started calculating ia=1779
                                            [WORKER  1] ia=1776, thermal , zout=64.8, eup=   94.41
     Process 1 started calculating ia=1780
                                            [WORKER  2] ia=1778, thermal , zout=64.8, eup=   99.39
     Process 2 started calculating ia=1781
                                            [WORKER  1] ia=1780, thermal , zout=65.3, eup=  103.04
     Process 1 started calculating ia=1782
                                            [WORKER  2] ia=1781, thermal , zout=64.8, eup=  101.19
     Process 2 started calculating ia=1783
                                            [WORKER  3] ia=1779, thermal , zout=65.3, eup=  102.59
     Process 3 started calculating ia=1784
                                            [WORKER  1] ia=1782, thermal , zout=64.8, eup=  100.17
     Process 1 started calculating ia=1785
                                            [WORKER  3] ia=1784, thermal , zout=64.8, eup=  101.72
     Process 3 started calculating ia=1786
                                            [WORKER  2] ia=1783, thermal , zout=64.8, eup=  100.11
     Process 2 started calculating ia=1787
                                            [WORKER  1] ia=1785, thermal , zout=64.8, eup=  105.25
     Process 1 started calculating ia=1788
                                            [WORKER  2] ia=1787, thermal , zout=64.8, eup=  105.14
     Process 2 started calculating ia=1789
                                            [WORKER  3] ia=1786, thermal , zout=64.8, eup=  105.66
     Process 3 started calculating ia=1790
                                            [WORKER  1] ia=1788, thermal , zout=64.8, eup=  106.55
     Process 1 started calculating ia=1791
                                            [WORKER  2] ia=1789, thermal , zout=64.8, eup=  105.15
     Process 2 started calculating ia=1792
                                            [WORKER  3] ia=1790, thermal , zout=64.8, eup=  103.70
     Process 3 started calculating ia=1793
                                            [WORKER  2] ia=1792, thermal , zout=64.8, eup=   98.71
     Process 2 started calculating ia=1794
                                            [WORKER  3] ia=1793, thermal , zout=65.2, eup=   98.84
     Process 3 started calculating ia=1795
                                            [WORKER  1] ia=1791, thermal , zout=64.8, eup=  100.51
     Process 1 started calculating ia=1796
                                            [WORKER  2] ia=1794, thermal , zout=65.2, eup=  100.78
     Process 2 started calculating ia=1797
                                            [WORKER  1] ia=1796, thermal , zout=64.7, eup=  102.32
     Process 1 started calculating ia=1798
                                            [WORKER  3] ia=1795, thermal , zout=64.7, eup=  100.32
     Process 3 started calculating ia=1799
                                            [WORKER  1] ia=1798, thermal , zout=64.8, eup=  108.04
     Process 1 started calculating ia=1800
                                            [WORKER  2] ia=1797, thermal , zout=64.7, eup=  106.47
     Process 2 started calculating ia=1801
                                            [WORKER  3] ia=1799, thermal , zout=64.8, eup=  111.08
     Process 3 started calculating ia=1802
                                            [WORKER  1] ia=1800, thermal , zout=64.8, eup=  114.90
     Process 1 started calculating ia=1803
                                            [WORKER  3] ia=1802, thermal , zout=64.8, eup=  110.14
     Process 3 started calculating ia=1804
                                            [WORKER  2] ia=1801, thermal , zout=64.8, eup=  112.50
     Process 2 started calculating ia=1805
                                            [WORKER  3] ia=1804, thermal , zout=64.8, eup=  107.30
     Process 3 started calculating ia=1806
                                            [WORKER  2] ia=1805, thermal , zout=64.8, eup=  105.22
     Process 2 started calculating ia=1807
                                            [WORKER  1] ia=1803, thermal , zout=64.8, eup=  110.21
     Process 1 started calculating ia=1808
                                            [WORKER  3] ia=1806, thermal , zout=64.8, eup=  102.23
     Process 3 started calculating ia=1809
                                            [WORKER  2] ia=1807, thermal , zout=65.3, eup=   98.85
     Process 2 started calculating ia=1810
                                            [WORKER  1] ia=1808, thermal , zout=65.3, eup=   99.16
     Process 1 started calculating ia=1811
                                            [WORKER  3] ia=1809, thermal , zout=65.3, eup=   99.71
     Process 3 started calculating ia=1812
                                            [WORKER  2] ia=1810, thermal , zout=64.8, eup=  102.59
     Process 2 started calculating ia=1813
                                            [WORKER  1] ia=1811, thermal , zout=64.8, eup=  104.62
     Process 1 started calculating ia=1814
                                            [WORKER  3] ia=1812, thermal , zout=64.7, eup=  107.67
     Process 3 started calculating ia=1815
                                            [WORKER  2] ia=1813, thermal , zout=64.7, eup=  110.32
     Process 2 started calculating ia=1816
                                            [WORKER  1] ia=1814, thermal , zout=64.7, eup=  107.25
     Process 1 started calculating ia=1817
                                            [WORKER  3] ia=1815, thermal , zout=64.7, eup=  105.53
     Process 3 started calculating ia=1818
                                            [WORKER  1] ia=1817, thermal , zout=64.8, eup=  106.41
     Process 1 started calculating ia=1819
                                            [WORKER  2] ia=1816, thermal , zout=64.7, eup=  107.26
     Process 2 started calculating ia=1820
                                            [WORKER  3] ia=1818, thermal , zout=64.8, eup=  109.31
     Process 3 started calculating ia=1821
                                            [WORKER  1] ia=1819, thermal , zout=64.8, eup=  112.93
     Process 1 started calculating ia=1822
                                            [WORKER  2] ia=1820, thermal , zout=64.8, eup=  114.70
     Process 2 started calculating ia=1823
                                            [WORKER  3] ia=1821, thermal , zout=65.3, eup=  117.58
     Process 3 started calculating ia=1824
                                            [WORKER  1] ia=1822, thermal , zout=65.3, eup=  117.62
     Process 1 started calculating ia=1825
                                            [WORKER  2] ia=1823, thermal , zout=65.3, eup=  118.43
     Process 2 started calculating ia=1826
                                            [WORKER  3] ia=1824, thermal , zout=64.8, eup=  118.17
     Process 3 started calculating ia=1827
                                            [WORKER  1] ia=1825, thermal , zout=64.8, eup=  118.68
     Process 1 started calculating ia=1828
                                            [WORKER  2] ia=1826, thermal , zout=64.8, eup=  116.90
     Process 2 started calculating ia=1829
                                            [WORKER  3] ia=1827, thermal , zout=64.8, eup=  116.51
     Process 3 started calculating ia=1830
                                            [WORKER  1] ia=1828, thermal , zout=64.7, eup=  115.13
     Process 1 started calculating ia=1831
                                            [WORKER  2] ia=1829, thermal , zout=64.7, eup=  107.06
     Process 2 started calculating ia=1832
                                            [WORKER  3] ia=1830, thermal , zout=64.7, eup=  110.53
     Process 3 started calculating ia=1833
                                            [WORKER  1] ia=1831, thermal , zout=64.7, eup=  115.97
     Process 1 started calculating ia=1834
                                            [WORKER  2] ia=1832, thermal , zout=64.7, eup=  118.95
     Process 2 started calculating ia=1835
                                            [WORKER  3] ia=1833, thermal , zout=64.7, eup=  122.08
     Process 3 started calculating ia=1836
                                            [WORKER  1] ia=1834, thermal , zout=64.7, eup=  118.69
     Process 1 started calculating ia=1837
                                            [WORKER  2] ia=1835, thermal , zout=65.2, eup=  121.47
     Process 2 started calculating ia=1838
                                            [WORKER  3] ia=1836, thermal , zout=65.2, eup=  115.71
     Process 3 started calculating ia=1839
                                            [WORKER  1] ia=1837, thermal , zout=64.7, eup=  120.13
     Process 1 started calculating ia=1840
                                            [WORKER  2] ia=1838, thermal , zout=64.7, eup=  123.39
     Process 2 started calculating ia=1841
                                            [WORKER  3] ia=1839, thermal , zout=64.7, eup=  126.91
     Process 3 started calculating ia=1842
                                            [WORKER  1] ia=1840, thermal , zout=64.7, eup=  125.49
     Process 1 started calculating ia=1843
                                            [WORKER  2] ia=1841, thermal , zout=64.7, eup=  131.21
     Process 2 started calculating ia=1844
                                            [WORKER  3] ia=1842, thermal , zout=65.2, eup=  134.49
     Process 3 started calculating ia=1845
                                            [WORKER  1] ia=1843, thermal , zout=65.2, eup=  119.82
     Process 1 started calculating ia=1846
                                            [WORKER  2] ia=1844, thermal , zout=65.2, eup=  117.41
     Process 2 started calculating ia=1847
                                            [WORKER  3] ia=1845, thermal , zout=65.2, eup=  116.84
     Process 3 started calculating ia=1848
                                            [WORKER  1] ia=1846, thermal , zout=64.7, eup=  115.41
     Process 1 started calculating ia=1849
                                            [WORKER  2] ia=1847, thermal , zout=64.8, eup=  116.36
     Process 2 started calculating ia=1850
                                            [WORKER  3] ia=1848, thermal , zout=64.8, eup=  118.55
     Process 3 started calculating ia=1851
                                            [WORKER  1] ia=1849, thermal , zout=65.3, eup=  120.86
     Process 1 started calculating ia=1852
                                            [WORKER  2] ia=1850, thermal , zout=64.8, eup=  115.75
     Process 2 started calculating ia=1853
                                            [WORKER  3] ia=1851, thermal , zout=64.8, eup=  116.41
     Process 3 started calculating ia=1854
                                            [WORKER  1] ia=1852, thermal , zout=64.8, eup=  123.53
     Process 1 started calculating ia=1855
                                            [WORKER  2] ia=1853, thermal , zout=64.8, eup=  124.05
     Process 2 started calculating ia=1856
                                            [WORKER  3] ia=1854, thermal , zout=64.8, eup=  127.58
     Process 3 started calculating ia=1857
                                            [WORKER  1] ia=1855, thermal , zout=64.8, eup=  136.46
     Process 1 started calculating ia=1858
                                            [WORKER  2] ia=1856, thermal , zout=65.3, eup=  156.98
     Process 2 started calculating ia=1859
                                            [WORKER  3] ia=1857, thermal , zout=65.3, eup=  166.67
     Process 3 started calculating ia=1860
                                            [WORKER  1] ia=1858, thermal , zout=65.3, eup=  162.71
     Process 1 started calculating ia=1861
                                            [WORKER  2] ia=1859, thermal , zout=64.8, eup=  151.59
     Process 2 started calculating ia=1862
                                            [WORKER  3] ia=1860, thermal , zout=64.8, eup=  148.67
     Process 3 started calculating ia=1863
                                            [WORKER  1] ia=1861, thermal , zout=64.8, eup=  157.94
     Process 1 started calculating ia=1864
                                            [WORKER  2] ia=1862, thermal , zout=64.8, eup=  159.90
     Process 2 started calculating ia=1865
                                            [WORKER  3] ia=1863, thermal , zout=65.3, eup=  158.41
     Process 3 started calculating ia=1866
                                            [WORKER  1] ia=1864, thermal , zout=64.8, eup=  152.27
     Process 1 started calculating ia=1867
                                            [WORKER  2] ia=1865, thermal , zout=64.8, eup=  149.68
     Process 2 started calculating ia=1868
                                            [WORKER  3] ia=1866, thermal , zout=64.8, eup=  143.85
     Process 3 started calculating ia=1869
                                            [WORKER  1] ia=1867, thermal , zout=64.8, eup=  153.86
     Process 1 started calculating ia=1870
                                            [WORKER  2] ia=1868, thermal , zout=64.8, eup=  173.45
     Process 2 started calculating ia=1871
                                            [WORKER  3] ia=1869, thermal , zout=64.8, eup=  171.76
     Process 3 started calculating ia=1872
                                            [WORKER  1] ia=1870, thermal , zout=65.3, eup=  160.72
     Process 1 started calculating ia=1873
                                            [WORKER  2] ia=1871, thermal , zout=65.3, eup=  146.64
     Process 2 started calculating ia=1874
                                            [WORKER  3] ia=1872, thermal , zout=64.8, eup=  145.42
     Process 3 started calculating ia=1875
                                            [WORKER  1] ia=1873, thermal , zout=64.8, eup=  140.74
     Process 1 started calculating ia=1876
                                            [WORKER  2] ia=1874, thermal , zout=64.8, eup=  149.21
     Process 2 started calculating ia=1877
                                            [WORKER  3] ia=1875, thermal , zout=64.8, eup=  162.09
     Process 3 started calculating ia=1878
                                            [WORKER  1] ia=1876, thermal , zout=64.8, eup=  163.75
     Process 1 started calculating ia=1879
                                            [WORKER  2] ia=1877, thermal , zout=65.3, eup=  159.08
     Process 2 started calculating ia=1880
                                            [WORKER  3] ia=1878, thermal , zout=65.3, eup=  149.00
     Process 3 started calculating ia=1881
                                            [WORKER  1] ia=1879, thermal , zout=65.3, eup=  146.96
     Process 1 started calculating ia=1882
                                            [WORKER  2] ia=1880, thermal , zout=65.3, eup=  152.00
     Process 2 started calculating ia=1883
                                            [WORKER  3] ia=1881, thermal , zout=64.8, eup=  162.12
     Process 3 started calculating ia=1884
                                            [WORKER  1] ia=1882, thermal , zout=64.8, eup=  166.89
     Process 1 started calculating ia=1885
                                            [WORKER  2] ia=1883, thermal , zout=64.8, eup=  178.74
     Process 2 started calculating ia=1886
                                            [WORKER  3] ia=1884, thermal , zout=65.3, eup=  203.98
     Process 3 started calculating ia=1887
                                            [WORKER  1] ia=1885, thermal , zout=64.8, eup=  227.17
     Process 1 started calculating ia=1888
                                            [WORKER  2] ia=1886, thermal , zout=64.8, eup=  224.81
     Process 2 started calculating ia=1889
                                            [WORKER  3] ia=1887, thermal , zout=64.8, eup=  221.27
     Process 3 started calculating ia=1890
                                            [WORKER  1] ia=1888, thermal , zout=64.8, eup=  231.31
     Process 1 started calculating ia=1891
                                            [WORKER  2] ia=1889, thermal , zout=64.8, eup=  252.36
     Process 2 started calculating ia=1892
                                            [WORKER  3] ia=1890, thermal , zout=64.8, eup=  247.58
     Process 3 started calculating ia=1893
                                            [WORKER  1] ia=1891, thermal , zout=65.3, eup=  249.33
     Process 1 started calculating ia=1894
                                            [WORKER  2] ia=1892, thermal , zout=65.3, eup=  222.77
     Process 2 started calculating ia=1895
                                            [WORKER  3] ia=1893, thermal , zout=65.3, eup=  171.77
     Process 3 started calculating ia=1896
                                            [WORKER  1] ia=1894, thermal , zout=64.8, eup=  161.88
     Process 1 started calculating ia=1897
                                            [WORKER  2] ia=1895, thermal , zout=64.8, eup=  199.67
     Process 2 started calculating ia=1898
                                            [WORKER  3] ia=1896, thermal , zout=64.8, eup=  168.13
     Process 3 started calculating ia=1899
                                            [WORKER  1] ia=1897, thermal , zout=64.9, eup=  132.07
     Process 1 started calculating ia=1900
                                            [WORKER  2] ia=1898, thermal , zout=65.4, eup=  167.04
     Process 2 started calculating ia=1901
                                            [WORKER  3] ia=1899, thermal , zout=65.4, eup=  229.64
     Process 3 started calculating ia=1902
                                            [WORKER  1] ia=1900, thermal , zout=65.4, eup=  252.92
     Process 1 started calculating ia=1903
                                            [WORKER  2] ia=1901, thermal , zout=65.4, eup=  252.19
     Process 2 started calculating ia=1904
                                            [WORKER  3] ia=1902, thermal , zout=64.9, eup=  262.39
     Process 3 started calculating ia=1905
                                            [WORKER  1] ia=1903, thermal , zout=64.9, eup=  268.67
     Process 1 started calculating ia=1906
                                            [WORKER  2] ia=1904, thermal , zout=64.9, eup=  275.30
     Process 2 started calculating ia=1907
                                            [WORKER  3] ia=1905, thermal , zout=65.4, eup=  276.16
     Process 3 started calculating ia=1908
                                            [WORKER  1] ia=1906, thermal , zout=64.8, eup=  270.59
     Process 1 started calculating ia=1909
                                            [WORKER  2] ia=1907, thermal , zout=64.8, eup=  270.97
     Process 2 started calculating ia=1910
                                            [WORKER  3] ia=1908, thermal , zout=64.8, eup=  274.03
     Process 3 started calculating ia=1911
                                            [WORKER  1] ia=1909, thermal , zout=64.8, eup=  268.39
     Process 1 started calculating ia=1912
                                            [WORKER  2] ia=1910, thermal , zout=64.8, eup=  273.44
     Process 2 started calculating ia=1913
                                            [WORKER  3] ia=1911, thermal , zout=64.8, eup=  270.16
     Process 3 started calculating ia=1914
                                            [WORKER  1] ia=1912, thermal , zout=65.3, eup=  271.35
     Process 1 started calculating ia=1915
                                            [WORKER  2] ia=1913, thermal , zout=65.3, eup=  267.74
     Process 2 started calculating ia=1916
                                            [WORKER  3] ia=1914, thermal , zout=64.8, eup=  265.75
     Process 3 started calculating ia=1917
                                            [WORKER  1] ia=1915, thermal , zout=64.8, eup=  271.11
     Process 1 started calculating ia=1918
                                            [WORKER  2] ia=1916, thermal , zout=64.8, eup=  277.31
     Process 2 started calculating ia=1919
                                            [WORKER  3] ia=1917, thermal , zout=64.8, eup=  276.01
     Process 3 started calculating ia=1920
                                            [WORKER  1] ia=1918, thermal , zout=64.8, eup=  275.26
     Process 1 started calculating ia=1921
                                            [WORKER  2] ia=1919, thermal , zout=65.3, eup=  269.62
     Process 2 started calculating ia=1922
                                            [WORKER  3] ia=1920, thermal , zout=65.3, eup=  259.84
     Process 3 started calculating ia=1923
                                            [WORKER  1] ia=1921, thermal , zout=65.3, eup=  260.25
     Process 1 started calculating ia=1924
                                            [WORKER  2] ia=1922, thermal , zout=64.8, eup=  277.97
     Process 2 started calculating ia=1925
                                            [WORKER  3] ia=1923, thermal , zout=64.8, eup=  273.95
     Process 3 started calculating ia=1926
                                            [WORKER  1] ia=1924, thermal , zout=64.8, eup=  273.20
     Process 1 started calculating ia=1927
                                            [WORKER  2] ia=1925, thermal , zout=64.8, eup=  266.36
     Process 2 started calculating ia=1928
                                            [WORKER  3] ia=1926, thermal , zout=65.3, eup=  270.51
     Process 3 started calculating ia=1929
                                            [WORKER  1] ia=1927, thermal , zout=65.3, eup=  280.41
     Process 1 started calculating ia=1930
                                            [WORKER  2] ia=1928, thermal , zout=65.3, eup=  276.53
     Process 2 started calculating ia=1931
                                            [WORKER  3] ia=1929, thermal , zout=65.3, eup=  278.07
     Process 3 started calculating ia=1932
                                            [WORKER  1] ia=1930, thermal , zout=64.8, eup=  280.27
     Process 1 started calculating ia=1933
                                            [WORKER  2] ia=1931, thermal , zout=64.8, eup=  277.23
     Process 2 started calculating ia=1934
                                            [WORKER  3] ia=1932, thermal , zout=64.8, eup=  272.84
     Process 3 started calculating ia=1935
                                            [WORKER  1] ia=1933, thermal , zout=65.3, eup=  279.19
     Process 1 started calculating ia=1936
                                            [WORKER  2] ia=1934, thermal , zout=64.8, eup=  279.73
     Process 2 started calculating ia=1937
                                            [WORKER  3] ia=1935, thermal , zout=64.8, eup=  279.84
     Process 3 started calculating ia=1938
                                            [WORKER  1] ia=1936, thermal , zout=64.8, eup=  270.38
     Process 1 started calculating ia=1939
                                            [WORKER  2] ia=1937, thermal , zout=64.8, eup=  281.37
     Process 2 started calculating ia=1940
                                            [WORKER  3] ia=1938, thermal , zout=64.8, eup=  278.96
     Process 3 started calculating ia=1941
                                            [WORKER  1] ia=1939, thermal , zout=64.9, eup=  273.28
     Process 1 started calculating ia=1942
                                            [WORKER  2] ia=1940, thermal , zout=65.4, eup=  278.54
     Process 2 started calculating ia=1943
                                            [WORKER  3] ia=1941, thermal , zout=65.4, eup=  279.88
     Process 3 started calculating ia=1944
                                            [WORKER  1] ia=1942, thermal , zout=64.9, eup=  281.92
     Process 1 started calculating ia=1945
                                            [WORKER  2] ia=1943, thermal , zout=64.9, eup=  274.01
     Process 2 started calculating ia=1946
                                            [WORKER  3] ia=1944, thermal , zout=64.9, eup=  271.75
     Process 3 started calculating ia=1947
                                            [WORKER  1] ia=1945, thermal , zout=64.9, eup=  274.89
     Process 1 started calculating ia=1948
                                            [WORKER  2] ia=1946, thermal , zout=64.9, eup=  275.23
     Process 2 started calculating ia=1949
                                            [WORKER  3] ia=1947, thermal , zout=65.4, eup=  275.76
     Process 3 started calculating ia=1950
                                            [WORKER  1] ia=1948, thermal , zout=65.4, eup=  276.46
     Process 1 started calculating ia=1951
                                            [WORKER  2] ia=1949, thermal , zout=65.4, eup=  278.08
     Process 2 started calculating ia=1952
                                            [WORKER  3] ia=1950, thermal , zout=64.9, eup=  239.84
     Process 3 started calculating ia=1953
                                            [WORKER  1] ia=1951, thermal , zout=64.9, eup=  280.98
     Process 1 started calculating ia=1954
                                            [WORKER  2] ia=1952, thermal , zout=64.9, eup=  281.11
     Process 2 started calculating ia=1955
                                            [WORKER  3] ia=1953, thermal , zout=64.9, eup=  259.18
     Process 3 started calculating ia=1956
                                            [WORKER  1] ia=1954, thermal , zout=65.3, eup=  279.50
     Process 1 started calculating ia=1957
                                            [WORKER  2] ia=1955, thermal , zout=65.3, eup=  266.39
     Process 2 started calculating ia=1958
                                            [WORKER  3] ia=1956, thermal , zout=65.3, eup=  268.47
     Process 3 started calculating ia=1959
                                            [WORKER  1] ia=1957, thermal , zout=65.4, eup=  270.12
     Process 1 started calculating ia=1960
                                            [WORKER  2] ia=1958, thermal , zout=64.9, eup=  270.34
     Process 2 started calculating ia=1961
                                            [WORKER  3] ia=1959, thermal , zout=64.9, eup=  271.26
     Process 3 started calculating ia=1962
                                            [WORKER  1] ia=1960, thermal , zout=64.9, eup=  267.68
     Process 1 started calculating ia=1963
                                            [WORKER  2] ia=1961, thermal , zout=65.4, eup=  270.01
     Process 2 started calculating ia=1964
                                            [WORKER  3] ia=1962, thermal , zout=65.4, eup=  275.03
     Process 3 started calculating ia=1965
                                            [WORKER  1] ia=1963, thermal , zout=65.4, eup=  273.80
     Process 1 started calculating ia=1966
                                            [WORKER  2] ia=1964, thermal , zout=65.4, eup=  274.82
     Process 2 started calculating ia=1967
                                            [WORKER  3] ia=1965, thermal , zout=65.4, eup=  274.58
     Process 3 started calculating ia=1968
                                            [WORKER  1] ia=1966, thermal , zout=64.9, eup=  259.54
     Process 1 started calculating ia=1969
                                            [WORKER  2] ia=1967, thermal , zout=64.9, eup=  272.88
     Process 2 started calculating ia=1970
                                            [WORKER  3] ia=1968, thermal , zout=65.4, eup=  274.56
     Process 3 started calculating ia=1971
                                            [WORKER  1] ia=1969, thermal , zout=65.4, eup=  274.39
     Process 1 started calculating ia=1972
                                            [WORKER  2] ia=1970, thermal , zout=65.4, eup=  274.82
     Process 2 started calculating ia=1973
                                            [WORKER  3] ia=1971, thermal , zout=65.4, eup=  274.64
     Process 3 started calculating ia=1974
                                            [WORKER  1] ia=1972, thermal , zout=65.4, eup=  275.06
     Process 1 started calculating ia=1975
                                            [WORKER  2] ia=1973, thermal , zout=65.4, eup=  270.86
     Process 2 started calculating ia=1976
                                            [WORKER  3] ia=1974, thermal , zout=64.9, eup=  273.17
     Process 3 started calculating ia=1977
                                            [WORKER  1] ia=1975, thermal , zout=65.4, eup=  272.36
     Process 1 started calculating ia=1978
                                            [WORKER  2] ia=1976, thermal , zout=65.4, eup=  258.06
     Process 2 started calculating ia=1979
                                            [WORKER  3] ia=1977, thermal , zout=64.9, eup=  251.76
     Process 3 started calculating ia=1980
                                            [WORKER  1] ia=1978, thermal , zout=64.9, eup=  249.33
     Process 1 started calculating ia=1981
                                            [WORKER  2] ia=1979, thermal , zout=64.9, eup=  240.50
     Process 2 started calculating ia=1982
                                            [WORKER  3] ia=1980, thermal , zout=64.9, eup=  204.63
     Process 3 started calculating ia=1983
                                            [WORKER  1] ia=1981, thermal , zout=64.9, eup=  185.07
     Process 1 started calculating ia=1984
                                            [WORKER  2] ia=1982, thermal , zout=65.4, eup=  173.96
     Process 2 started calculating ia=1985
                                            [WORKER  3] ia=1983, thermal , zout=65.4, eup=  154.19
     Process 3 started calculating ia=1986
                                            [WORKER  1] ia=1984, thermal , zout=65.4, eup=  153.49
     Process 1 started calculating ia=1987
                                            [WORKER  2] ia=1985, thermal , zout=64.9, eup=  157.86
     Process 2 started calculating ia=1988
                                            [WORKER  3] ia=1986, thermal , zout=64.9, eup=  141.81
     Process 3 started calculating ia=1989
                                            [WORKER  1] ia=1987, thermal , zout=64.9, eup=  135.87
     Process 1 started calculating ia=1990
                                            [WORKER  2] ia=1988, thermal , zout=64.9, eup=  152.51
     Process 2 started calculating ia=1991
                                            [WORKER  3] ia=1989, thermal , zout=65.4, eup=  167.99
     Process 3 started calculating ia=1992
                                            [WORKER  1] ia=1990, thermal , zout=65.4, eup=  156.75
     Process 1 started calculating ia=1993
                                            [WORKER  2] ia=1991, thermal , zout=65.4, eup=  155.96
     Process 2 started calculating ia=1994
                                            [WORKER  3] ia=1992, thermal , zout=64.9, eup=  153.39
     Process 3 started calculating ia=1995
                                            [WORKER  1] ia=1993, thermal , zout=64.9, eup=  153.48
     Process 1 started calculating ia=1996
                                            [WORKER  2] ia=1994, thermal , zout=64.9, eup=  149.63
     Process 2 started calculating ia=1997
                                            [WORKER  3] ia=1995, thermal , zout=64.9, eup=  147.72
     Process 3 started calculating ia=1998
                                            [WORKER  1] ia=1996, thermal , zout=65.4, eup=  142.89
     Process 1 started calculating ia=1999
                                            [WORKER  2] ia=1997, thermal , zout=65.4, eup=  144.25
     Process 2 started calculating ia=2000
                                            [WORKER  3] ia=1998, thermal , zout=65.4, eup=  135.25
     Process 3 started calculating ia=2001
                                            [WORKER  1] ia=1999, thermal , zout=65.4, eup=  138.60
     Process 1 started calculating ia=2002
                                            [WORKER  2] ia=2000, thermal , zout=64.9, eup=  125.23
     Process 2 started calculating ia=2003
                                            [WORKER  3] ia=2001, thermal , zout=64.9, eup=  127.23
     Process 3 started calculating ia=2004
                                            [WORKER  1] ia=2002, thermal , zout=64.9, eup=  118.86
     Process 1 started calculating ia=2005
                                            [WORKER  2] ia=2003, thermal , zout=65.4, eup=  112.40
     Process 2 started calculating ia=2006
                                            [WORKER  3] ia=2004, thermal , zout=65.4, eup=  108.51
     Process 3 started calculating ia=2007
                                            [WORKER  1] ia=2005, thermal , zout=65.4, eup=  103.38
     Process 1 started calculating ia=2008
                                            [WORKER  2] ia=2006, thermal , zout=65.4, eup=  102.42
     Process 2 started calculating ia=2009
                                            [WORKER  3] ia=2007, thermal , zout=64.9, eup=  102.24
     Process 3 started calculating ia=2010
                                            [WORKER  1] ia=2008, thermal , zout=64.9, eup=  102.34
     Process 1 started calculating ia=2011
                                            [WORKER  2] ia=2009, thermal , zout=64.9, eup=   99.68
     Process 2 started calculating ia=2012
                                            [WORKER  3] ia=2010, thermal , zout=65.4, eup=   97.29
     Process 3 started calculating ia=2013
                                            [WORKER  1] ia=2011, thermal , zout=65.4, eup=   95.82
     Process 1 started calculating ia=2014
                                            [WORKER  2] ia=2012, thermal , zout=65.4, eup=   97.52
     Process 2 started calculating ia=2015
                                            [WORKER  3] ia=2013, thermal , zout=65.3, eup=   99.17
     Process 3 started calculating ia=2016
                                            [WORKER  1] ia=2014, thermal , zout=64.8, eup=   97.41
     Process 1 started calculating ia=2017
                                            [WORKER  2] ia=2015, thermal , zout=64.8, eup=   96.85
     Process 2 started calculating ia=2018
                                            [WORKER  3] ia=2016, thermal , zout=64.8, eup=   97.43
     Process 3 started calculating ia=2019
                                            [WORKER  1] ia=2017, thermal , zout=65.2, eup=   99.57
     Process 1 started calculating ia=2020
                                            [WORKER  2] ia=2018, thermal , zout=65.2, eup=  100.35
     Process 2 started calculating ia=2021
                                            [WORKER  3] ia=2019, thermal , zout=65.3, eup=  100.14
     Process 3 started calculating ia=2022
                                            [WORKER  1] ia=2020, thermal , zout=65.3, eup=  101.11
     Process 1 started calculating ia=2023
                                            [WORKER  2] ia=2021, thermal , zout=65.3, eup=  102.68
     Process 2 started calculating ia=2024
                                            [WORKER  3] ia=2022, thermal , zout=64.8, eup=  104.04
     Process 3 started calculating ia=2025
                                            [WORKER  1] ia=2023, thermal , zout=64.8, eup=  106.42
     Process 1 started calculating ia=2026
                                            [WORKER  2] ia=2024, thermal , zout=65.3, eup=  106.93
     Process 2 started calculating ia=2027
                                            [WORKER  1] ia=2026, thermal , zout=65.3, eup=   89.94
     Process 1 started calculating ia=2028
                                            [WORKER  3] ia=2025, thermal , zout=65.3, eup=  108.97
     Process 3 started calculating ia=2029
                                            [WORKER  2] ia=2027, thermal , zout=65.2, eup=  107.38
     Process 2 started calculating ia=2030
                                            [WORKER  3] ia=2029, thermal , zout=64.7, eup=  109.67
     Process 3 started calculating ia=2031
                                            [WORKER  1] ia=2028, thermal , zout=65.2, eup=  111.24
     Process 1 started calculating ia=2032
                                            [WORKER  2] ia=2030, thermal , zout=64.7, eup=  116.86
     Process 2 started calculating ia=2033
                                            [WORKER  1] ia=2032, thermal , zout=65.3, eup=  116.25
     Process 1 started calculating ia=2034
                                            [WORKER  3] ia=2031, thermal , zout=65.3, eup=  120.48
     Process 3 started calculating ia=2035
                                            [WORKER  2] ia=2033, thermal , zout=65.3, eup=  112.61
     Process 2 started calculating ia=2036
                                            [WORKER  3] ia=2035, thermal , zout=65.3, eup=  107.63
     Process 3 started calculating ia=2037
                                            [WORKER  1] ia=2034, thermal , zout=65.3, eup=  111.23
     Process 1 started calculating ia=2038
                                            [WORKER  2] ia=2036, thermal , zout=64.8, eup=  108.29
     Process 2 started calculating ia=2039
                                            [WORKER  3] ia=2037, thermal , zout=64.8, eup=  113.85
     Process 3 started calculating ia=2040
                                            [WORKER  1] ia=2038, thermal , zout=65.3, eup=  118.07
     Process 1 started calculating ia=2041
                                            [WORKER  2] ia=2039, thermal , zout=65.3, eup=  119.38
     Process 2 started calculating ia=2042
                                            [WORKER  3] ia=2040, thermal , zout=65.3, eup=  121.15
     Process 3 started calculating ia=2043
                                            [WORKER  1] ia=2041, thermal , zout=65.3, eup=  121.50
     Process 1 started calculating ia=2044
                                            [WORKER  2] ia=2042, thermal , zout=65.3, eup=  142.54
     Process 2 started calculating ia=2045
                                            [WORKER  3] ia=2043, thermal , zout=64.8, eup=  139.13
     Process 3 started calculating ia=2046
                                            [WORKER  1] ia=2044, thermal , zout=64.8, eup=  147.54
     Process 1 started calculating ia=2047
                                            [WORKER  2] ia=2045, thermal , zout=65.3, eup=  163.49
     Process 2 started calculating ia=2048
                                            [WORKER  3] ia=2046, thermal , zout=65.3, eup=  210.26
     Process 3 started calculating ia=2049
                                            [WORKER  1] ia=2047, thermal , zout=65.3, eup=  223.09
     Process 1 started calculating ia=2050
                                            [WORKER  2] ia=2048, thermal , zout=65.3, eup=  214.46
     Process 2 started calculating ia=2051
                                            [WORKER  3] ia=2049, thermal , zout=65.4, eup=  233.50
     Process 3 started calculating ia=2052
                                            [WORKER  1] ia=2050, thermal , zout=64.9, eup=  261.23
     Process 1 started calculating ia=2053
                                            [WORKER  2] ia=2051, thermal , zout=64.9, eup=  238.39
     Process 2 started calculating ia=2054
                                            [WORKER  3] ia=2052, thermal , zout=65.4, eup=  252.54
     Process 3 started calculating ia=2055
                                            [WORKER  1] ia=2053, thermal , zout=65.4, eup=  251.99
     Process 1 started calculating ia=2056
                                            [WORKER  2] ia=2054, thermal , zout=65.4, eup=  259.97
     Process 2 started calculating ia=2057
                                            [WORKER  3] ia=2055, thermal , zout=65.4, eup=  268.49
     Process 3 started calculating ia=2058
                                            [WORKER  1] ia=2056, thermal , zout=65.4, eup=  267.03
     Process 1 started calculating ia=2059
                                            [WORKER  2] ia=2057, thermal , zout=64.9, eup=  270.59
     Process 2 started calculating ia=2060
                                            [WORKER  3] ia=2058, thermal , zout=64.9, eup=  270.26
     Process 3 started calculating ia=2061
                                            [WORKER  1] ia=2059, thermal , zout=65.4, eup=  267.46
     Process 1 started calculating ia=2062
                                            [WORKER  2] ia=2060, thermal , zout=65.4, eup=  271.41
     Process 2 started calculating ia=2063
                                            [WORKER  1] ia=2062, thermal , zout=65.4, eup=  271.08
     Process 1 started calculating ia=2064
                                            [WORKER  3] ia=2061, thermal , zout=65.4, eup=  272.21
     Process 3 started calculating ia=2065
                                            [WORKER  2] ia=2063, thermal , zout=65.4, eup=  265.05
     Process 2 started calculating ia=2066
                                            [WORKER  1] ia=2064, thermal , zout=64.9, eup=  248.21
     Process 1 started calculating ia=2067
                                            [WORKER  3] ia=2065, thermal , zout=64.9, eup=  243.54
     Process 3 started calculating ia=2068
                                            [WORKER  2] ia=2066, thermal , zout=65.4, eup=  264.73
     Process 2 started calculating ia=2069
                                            [WORKER  3] ia=2068, thermal , zout=65.4, eup=  268.93
     Process 3 started calculating ia=2070
                                            [WORKER  1] ia=2067, thermal , zout=65.4, eup=  266.79
     Process 1 started calculating ia=2071
                                            [WORKER  2] ia=2069, thermal , zout=65.4, eup=  268.40
     Process 2 started calculating ia=2072
                                            [WORKER  3] ia=2070, thermal , zout=65.4, eup=  265.28
     Process 3 started calculating ia=2073
                                            [WORKER  1] ia=2071, thermal , zout=64.9, eup=  253.82
     Process 1 started calculating ia=2074
                                            [WORKER  2] ia=2072, thermal , zout=64.9, eup=  262.18
     Process 2 started calculating ia=2075
                                            [WORKER  3] ia=2073, thermal , zout=65.3, eup=  260.67
     Process 3 started calculating ia=2076
                                            [WORKER  1] ia=2074, thermal , zout=65.3, eup=  255.13
     Process 1 started calculating ia=2077
                                            [WORKER  2] ia=2075, thermal , zout=65.3, eup=  260.39
     Process 2 started calculating ia=2078
                                            [WORKER  1] ia=2077, thermal , zout=65.2, eup=  252.19
     Process 1 started calculating ia=2079
                                            [WORKER  3] ia=2076, thermal , zout=65.2, eup=  250.94
     Process 3 started calculating ia=2080
                                            [WORKER  2] ia=2078, thermal , zout=64.7, eup=  245.72
     Process 2 started calculating ia=2081
                                            [WORKER  3] ia=2080, thermal , zout=65.2, eup=  215.65
     Process 3 started calculating ia=2082
                                            [WORKER  1] ia=2079, thermal , zout=64.7, eup=  236.50
     Process 1 started calculating ia=2083
                                            [WORKER  2] ia=2081, thermal , zout=65.2, eup=  214.13
     Process 2 started calculating ia=2084
                                            [WORKER  1] ia=2083, thermal , zout=65.1, eup=  229.06
     Process 1 started calculating ia=2085
                                            [WORKER  3] ia=2082, thermal , zout=65.1, eup=  222.70
     Process 3 started calculating ia=2086
                                            [WORKER  2] ia=2084, thermal , zout=64.7, eup=  243.02
     Process 2 started calculating ia=2087
                                            [WORKER  3] ia=2086, thermal , zout=64.7, eup=  216.82
     Process 3 started calculating ia=2088
                                            [WORKER  1] ia=2085, thermal , zout=64.7, eup=  233.64
     Process 1 started calculating ia=2089
                                            [WORKER  2] ia=2087, thermal , zout=65.2, eup=  201.97
     Process 2 started calculating ia=2090
                                            [WORKER  3] ia=2088, thermal , zout=65.2, eup=  230.54
     Process 3 started calculating ia=2091
                                            [WORKER  1] ia=2089, thermal , zout=65.2, eup=  215.78
     Process 1 started calculating ia=2092
                                            [WORKER  2] ia=2090, thermal , zout=65.2, eup=  181.73
     Process 2 started calculating ia=2093
                                            [WORKER  1] ia=2092, thermal , zout=64.8, eup=  146.25
     Process 1 started calculating ia=2094
                                            [WORKER  3] ia=2091, thermal , zout=64.8, eup=  148.41
     Process 3 started calculating ia=2095
                                            [WORKER  2] ia=2093, thermal , zout=64.8, eup=  133.12
     Process 2 started calculating ia=2096
                                            [WORKER  3] ia=2095, thermal , zout=65.4, eup=  130.47
     Process 3 started calculating ia=2097
                                            [WORKER  1] ia=2094, thermal , zout=65.3, eup=  136.99
     Process 1 started calculating ia=2098
                                            [WORKER  2] ia=2096, thermal , zout=65.4, eup=  130.07
     Process 2 started calculating ia=2099
                                            [WORKER  1] ia=2098, thermal , zout=64.9, eup=  133.03
     Process 1 started calculating ia=2100
                                            [WORKER  3] ia=2097, thermal , zout=65.4, eup=  130.65
     Process 3 started calculating ia=2101
                                            [WORKER  2] ia=2099, thermal , zout=64.9, eup=  133.58
     Process 2 started calculating ia=2102
                                            [WORKER  3] ia=2101, thermal , zout=65.4, eup=  134.95
     Process 3 started calculating ia=2103
                                            [WORKER  1] ia=2100, thermal , zout=64.9, eup=  134.52
     Process 1 started calculating ia=2104
                                            [WORKER  2] ia=2102, thermal , zout=65.4, eup=  136.00
     Process 2 started calculating ia=2105
                                            [WORKER  3] ia=2103, thermal , zout=65.4, eup=  136.34
     Process 3 started calculating ia=2106
                                            [WORKER  1] ia=2104, thermal , zout=64.9, eup=  137.04
     Process 1 started calculating ia=2107
                                            [WORKER  2] ia=2105, thermal , zout=64.9, eup=  138.98
     Process 2 started calculating ia=2108
                                            [WORKER  3] ia=2106, thermal , zout=64.9, eup=  141.18
     Process 3 started calculating ia=2109
                                            [WORKER  1] ia=2107, thermal , zout=64.9, eup=  143.26
     Process 1 started calculating ia=2110
                                            [WORKER  2] ia=2108, thermal , zout=65.4, eup=  148.14
     Process 2 started calculating ia=2111
                                            [WORKER  3] ia=2109, thermal , zout=65.4, eup=  150.44
     Process 3 started calculating ia=2112
                                            [WORKER  1] ia=2110, thermal , zout=65.4, eup=  153.42
     Process 1 started calculating ia=2113
                                            [WORKER  2] ia=2111, thermal , zout=65.4, eup=  152.61
     Process 2 started calculating ia=2114
                                            [WORKER  1] ia=2113, thermal , zout=65.4, eup=  152.27
     Process 1 started calculating ia=2115
                                            [WORKER  3] ia=2112, thermal , zout=65.4, eup=  154.53
     Process 3 started calculating ia=2116
                                            [WORKER  2] ia=2114, thermal , zout=64.9, eup=  149.06
     Process 2 started calculating ia=2117
                                            [WORKER  1] ia=2115, thermal , zout=65.4, eup=  151.72
     Process 1 started calculating ia=2118
                                            [WORKER  3] ia=2116, thermal , zout=65.4, eup=  159.27
     Process 3 started calculating ia=2119
                                            [WORKER  2] ia=2117, thermal , zout=65.4, eup=  179.53
     Process 2 started calculating ia=2120
                                            [WORKER  3] ia=2119, thermal , zout=65.4, eup=  208.55
     Process 3 started calculating ia=2121
                                            [WORKER  1] ia=2118, thermal , zout=65.4, eup=  209.86
     Process 1 started calculating ia=2122
                                            [WORKER  2] ia=2120, thermal , zout=65.4, eup=  217.97
     Process 2 started calculating ia=2123
                                            [WORKER  3] ia=2121, thermal , zout=64.9, eup=  199.04
     Process 3 started calculating ia=2124
                                            [WORKER  1] ia=2122, thermal , zout=65.4, eup=  178.89
     Process 1 started calculating ia=2125
                                            [WORKER  2] ia=2123, thermal , zout=65.4, eup=  169.53
     Process 2 started calculating ia=2126
                                            [WORKER  1] ia=2125, thermal , zout=65.4, eup=  228.72
                                            [WORKER  2] ia=2126, thermal , zout=65.4, eup=  249.88
     Process 2 started calculating ia=2127
     Process 1 started calculating ia=2128
                                            [WORKER  3] ia=2124, thermal , zout=65.4, eup=  191.88
     Process 3 started calculating ia=2129
                                            [WORKER  3] ia=2129, thermal , zout=65.4, eup=  245.02
     Process 3 started calculating ia=2130
                                            [WORKER  1] ia=2128, thermal , zout=64.9, eup=  212.33
     Process 1 started calculating ia=2131
                                            [WORKER  2] ia=2127, thermal , zout=64.9, eup=  224.23
     Process 2 started calculating ia=2132
                                            [WORKER  3] ia=2130, thermal , zout=65.4, eup=  253.83
     Process 3 started calculating ia=2133
                                            [WORKER  2] ia=2132, thermal , zout=65.4, eup=  253.53
     Process 2 started calculating ia=2134
                                            [WORKER  1] ia=2131, thermal , zout=65.4, eup=  259.66
     Process 1 started calculating ia=2135
                                            [WORKER  3] ia=2133, thermal , zout=65.4, eup=  261.19
     Process 3 started calculating ia=2136
                                            [WORKER  2] ia=2134, thermal , zout=64.9, eup=  262.51
     Process 2 started calculating ia=2137
                                            [WORKER  1] ia=2135, thermal , zout=64.9, eup=  265.92
     Process 1 started calculating ia=2138
                                            [WORKER  3] ia=2136, thermal , zout=65.4, eup=  263.74
     Process 3 started calculating ia=2139
                                            [WORKER  2] ia=2137, thermal , zout=65.4, eup=  263.92
     Process 2 started calculating ia=2140
                                            [WORKER  1] ia=2138, thermal , zout=65.4, eup=  267.08
     Process 1 started calculating ia=2141
                                            [WORKER  3] ia=2139, thermal , zout=65.4, eup=  262.17
     Process 3 started calculating ia=2142
                                            [WORKER  1] ia=2141, thermal , zout=64.9, eup=  266.23
     Process 1 started calculating ia=2143
                                            [WORKER  2] ia=2140, thermal , zout=64.9, eup=  264.66
     Process 2 started calculating ia=2144
                                            [WORKER  3] ia=2142, thermal , zout=64.9, eup=  262.54
     Process 3 started calculating ia=2145
                                            [WORKER  2] ia=2144, thermal , zout=65.4, eup=  256.57
     Process 2 started calculating ia=2146
                                            [WORKER  1] ia=2143, thermal , zout=65.4, eup=  256.96
     Process 1 started calculating ia=2147
                                            [WORKER  3] ia=2145, thermal , zout=65.4, eup=  256.26
     Process 3 started calculating ia=2148
                                            [WORKER  2] ia=2146, thermal , zout=65.4, eup=  267.95
     Process 2 started calculating ia=2149
                                            [WORKER  1] ia=2147, thermal , zout=65.4, eup=  264.62
     Process 1 started calculating ia=2150
                                            [WORKER  3] ia=2148, thermal , zout=65.4, eup=  263.58
     Process 3 started calculating ia=2151
                                            [WORKER  1] ia=2150, thermal , zout=65.4, eup=  261.98
     Process 1 started calculating ia=2152
                                            [WORKER  2] ia=2149, thermal , zout=65.4, eup=  263.50
     Process 2 started calculating ia=2153
                                            [WORKER  3] ia=2151, thermal , zout=65.4, eup=  254.98
     Process 3 started calculating ia=2154
                                            [WORKER  1] ia=2152, thermal , zout=65.4, eup=  230.36
     Process 1 started calculating ia=2155
                                            [WORKER  2] ia=2153, thermal , zout=65.4, eup=  245.01
     Process 2 started calculating ia=2156
                                            [WORKER  3] ia=2154, thermal , zout=65.4, eup=  248.72
     Process 3 started calculating ia=2157
                                            [WORKER  1] ia=2155, thermal , zout=65.4, eup=  253.66
     Process 1 started calculating ia=2158
                                            [WORKER  2] ia=2156, thermal , zout=64.9, eup=  258.49
     Process 2 started calculating ia=2159
                                            [WORKER  3] ia=2157, thermal , zout=65.4, eup=  261.64
     Process 3 started calculating ia=2160
                                            [WORKER  1] ia=2158, thermal , zout=65.4, eup=  261.76
     Process 1 started calculating ia=2161
                                            [WORKER  2] ia=2159, thermal , zout=65.4, eup=  256.90
     Process 2 started calculating ia=2162
                                            [WORKER  3] ia=2160, thermal , zout=65.4, eup=  252.84
     Process 3 started calculating ia=2163
                                            [WORKER  1] ia=2161, thermal , zout=65.4, eup=  253.93
     Process 1 started calculating ia=2164
                                            [WORKER  2] ia=2162, thermal , zout=64.9, eup=  222.80
     Process 2 started calculating ia=2165
                                            [WORKER  3] ia=2163, thermal , zout=64.9, eup=  213.34
     Process 3 started calculating ia=2166
                                            [WORKER  1] ia=2164, thermal , zout=65.4, eup=  247.52
     Process 1 started calculating ia=2167
                                            [WORKER  2] ia=2165, thermal , zout=65.4, eup=  264.26
     Process 2 started calculating ia=2168
                                            [WORKER  3] ia=2166, thermal , zout=65.4, eup=  247.51
     Process 3 started calculating ia=2169
                                            [WORKER  2] ia=2168, thermal , zout=64.9, eup=  243.72
     Process 2 started calculating ia=2170
                                            [WORKER  1] ia=2167, thermal , zout=65.4, eup=  224.51
     Process 1 started calculating ia=2171
                                            [WORKER  3] ia=2169, thermal , zout=64.9, eup=  264.77
     Process 3 started calculating ia=2172
                                            [WORKER  1] ia=2171, thermal , zout=65.4, eup=  256.17
     Process 1 started calculating ia=2173
                                            [WORKER  2] ia=2170, thermal , zout=64.9, eup=  231.23
     Process 2 started calculating ia=2174
                                            [WORKER  3] ia=2172, thermal , zout=65.4, eup=  264.67
     Process 3 started calculating ia=2175
                                            [WORKER  1] ia=2173, thermal , zout=65.4, eup=  252.43
     Process 1 started calculating ia=2176
                                            [WORKER  2] ia=2174, thermal , zout=65.4, eup=  264.50
     Process 2 started calculating ia=2177
                                            [WORKER  3] ia=2175, thermal , zout=65.4, eup=  255.43
     Process 3 started calculating ia=2178
                                            [WORKER  1] ia=2176, thermal , zout=65.4, eup=  270.48
     Process 1 started calculating ia=2179
                                            [WORKER  2] ia=2177, thermal , zout=65.4, eup=  257.65
     Process 2 started calculating ia=2180
                                            [WORKER  3] ia=2178, thermal , zout=65.4, eup=  266.90
     Process 3 started calculating ia=2181
                                            [WORKER  1] ia=2179, thermal , zout=65.4, eup=  269.08
     Process 1 started calculating ia=2182
                                            [WORKER  2] ia=2180, thermal , zout=65.4, eup=  264.64
     Process 2 started calculating ia=2183
                                            [WORKER  3] ia=2181, thermal , zout=65.4, eup=  269.05
     Process 3 started calculating ia=2184
                                            [WORKER  1] ia=2182, thermal , zout=65.4, eup=  263.32
     Process 1 started calculating ia=2185
                                            [WORKER  2] ia=2183, thermal , zout=65.4, eup=  268.65
     Process 2 started calculating ia=2186
                                            [WORKER  3] ia=2184, thermal , zout=64.9, eup=  272.98
     Process 3 started calculating ia=2187
                                            [WORKER  1] ia=2185, thermal , zout=65.4, eup=  269.80
     Process 1 started calculating ia=2188
                                            [WORKER  2] ia=2186, thermal , zout=65.4, eup=  269.35
     Process 2 started calculating ia=2189
                                            [WORKER  3] ia=2187, thermal , zout=65.4, eup=  269.05
     Process 3 started calculating ia=2190
                                            [WORKER  1] ia=2188, thermal , zout=65.4, eup=  272.89
     Process 1 started calculating ia=2191
                                            [WORKER  2] ia=2189, thermal , zout=65.4, eup=  263.59
     Process 2 started calculating ia=2192
                                            [WORKER  3] ia=2190, thermal , zout=64.9, eup=  261.72
     Process 3 started calculating ia=2193
                                            [WORKER  1] ia=2191, thermal , zout=64.9, eup=  251.58
     Process 1 started calculating ia=2194
                                            [WORKER  2] ia=2192, thermal , zout=65.4, eup=  260.69
     Process 2 started calculating ia=2195
                                            [WORKER  3] ia=2193, thermal , zout=65.4, eup=  256.40
     Process 3 started calculating ia=2196
                                            [WORKER  1] ia=2194, thermal , zout=65.4, eup=  254.84
     Process 1 started calculating ia=2197
                                            [WORKER  2] ia=2195, thermal , zout=65.4, eup=  258.80
     Process 2 started calculating ia=2198
                                            [WORKER  3] ia=2196, thermal , zout=64.9, eup=  260.86
     Process 3 started calculating ia=2199
                                            [WORKER  1] ia=2197, thermal , zout=65.0, eup=  256.51
     Process 1 started calculating ia=2200
                                            [WORKER  2] ia=2198, thermal , zout=65.0, eup=  254.43
     Process 2 started calculating ia=2201
                                            [WORKER  3] ia=2199, thermal , zout=65.4, eup=  231.42
     Process 3 started calculating ia=2202
                                            [WORKER  2] ia=2201, thermal , zout=65.4, eup=  217.77
     Process 2 started calculating ia=2203
                                            [WORKER  3] ia=2202, thermal , zout=65.4, eup=  214.01
     Process 3 started calculating ia=2204
                                            [WORKER  1] ia=2200, thermal , zout=65.4, eup=  218.94
     Process 1 started calculating ia=2205
                                            [WORKER  3] ia=2204, thermal , zout=65.4, eup=  219.65
     Process 3 started calculating ia=2206
                                            [WORKER  2] ia=2203, thermal , zout=65.4, eup=  215.84
     Process 2 started calculating ia=2207
                                            [WORKER  1] ia=2205, thermal , zout=64.9, eup=  220.04
     Process 1 started calculating ia=2208
                                            [WORKER  3] ia=2206, thermal , zout=65.4, eup=  206.17
                                            [WORKER  2] ia=2207, thermal , zout=65.4, eup=  208.19
     Process 2 started calculating ia=2210
     Process 3 started calculating ia=2209
                                            [WORKER  1] ia=2208, thermal , zout=65.4, eup=  216.74
     Process 1 started calculating ia=2211
                                            [WORKER  3] ia=2209, thermal , zout=65.4, eup=  206.82
     Process 3 started calculating ia=2212
                                            [WORKER  2] ia=2210, thermal , zout=65.4, eup=  182.33
     Process 2 started calculating ia=2213
                                            [WORKER  1] ia=2211, thermal , zout=64.9, eup=  148.13
     Process 1 started calculating ia=2214
                                            [WORKER  3] ia=2212, thermal , zout=64.9, eup=  125.57
     Process 3 started calculating ia=2215
                                            [WORKER  1] ia=2214, thermal , zout=65.4, eup=  113.02
     Process 1 started calculating ia=2216
                                            [WORKER  2] ia=2213, thermal , zout=65.4, eup=  113.89
     Process 2 started calculating ia=2217
                                            [WORKER  3] ia=2215, thermal , zout=65.4, eup=  122.47
     Process 3 started calculating ia=2218
                                            [WORKER  2] ia=2217, thermal , zout=65.4, eup=  146.55
     Process 2 started calculating ia=2219
                                            [WORKER  1] ia=2216, thermal , zout=65.4, eup=  137.31
     Process 1 started calculating ia=2220
                                            [WORKER  1] ia=2220, thermal , zout=65.4, eup=  176.40
     Process 1 started calculating ia=2221
                                            [WORKER  3] ia=2218, thermal , zout=65.4, eup=  142.76
     Process 3 started calculating ia=2222
                                            [WORKER  2] ia=2219, thermal , zout=65.4, eup=  160.59
     Process 2 started calculating ia=2223
                                            [WORKER  1] ia=2221, thermal , zout=65.4, eup=  202.67
     Process 1 started calculating ia=2224
                                            [WORKER  2] ia=2223, thermal , zout=65.4, eup=  218.68
     Process 2 started calculating ia=2225
                                            [WORKER  3] ia=2222, thermal , zout=65.4, eup=  213.06
     Process 3 started calculating ia=2226
                                            [WORKER  1] ia=2224, thermal , zout=65.4, eup=  214.26
     Process 1 started calculating ia=2227
                                            [WORKER  2] ia=2225, thermal , zout=65.4, eup=  202.08
     Process 2 started calculating ia=2228
                                            [WORKER  3] ia=2226, thermal , zout=64.9, eup=  159.14
     Process 3 started calculating ia=2229
                                            [WORKER  1] ia=2227, thermal , zout=65.4, eup=  150.63
     Process 1 started calculating ia=2230
                                            [WORKER  2] ia=2228, thermal , zout=65.4, eup=  133.18
     Process 2 started calculating ia=2231
                                            [WORKER  3] ia=2229, thermal , zout=65.4, eup=  131.02
     Process 3 started calculating ia=2232
                                            [WORKER  1] ia=2230, thermal , zout=65.4, eup=  138.75
     Process 1 started calculating ia=2233
                                            [WORKER  2] ia=2231, thermal , zout=65.4, eup=  157.17
     Process 2 started calculating ia=2234
                                            [WORKER  3] ia=2232, thermal , zout=64.9, eup=  137.61
     Process 3 started calculating ia=2235
                                            [WORKER  1] ia=2233, thermal , zout=64.9, eup=  133.82
     Process 1 started calculating ia=2236
                                            [WORKER  2] ia=2234, thermal , zout=65.4, eup=  137.36
     Process 2 started calculating ia=2237
                                            [WORKER  3] ia=2235, thermal , zout=65.4, eup=  172.61
     Process 3 started calculating ia=2238
                                            [WORKER  1] ia=2236, thermal , zout=65.4, eup=  137.53
     Process 1 started calculating ia=2239
                                            [WORKER  2] ia=2237, thermal , zout=65.4, eup=  161.44
     Process 2 started calculating ia=2240
                                            [WORKER  3] ia=2238, thermal , zout=65.4, eup=  178.46
     Process 3 started calculating ia=2241
                                            [WORKER  1] ia=2239, thermal , zout=65.4, eup=  191.79
     Process 1 started calculating ia=2242
                                            [WORKER  2] ia=2240, thermal , zout=65.4, eup=  165.04
     Process 2 started calculating ia=2243
                                            [WORKER  3] ia=2241, thermal , zout=65.4, eup=  150.90
     Process 3 started calculating ia=2244
                                            [WORKER  1] ia=2242, thermal , zout=65.4, eup=  178.24
     Process 1 started calculating ia=2245
                                            [WORKER  3] ia=2244, thermal , zout=65.4, eup=  213.53
     Process 3 started calculating ia=2246
                                            [WORKER  2] ia=2243, thermal , zout=65.4, eup=  200.13
     Process 2 started calculating ia=2247
                                            [WORKER  3] ia=2246, thermal , zout=64.9, eup=  240.61
     Process 3 started calculating ia=2248
                                            [WORKER  2] ia=2247, thermal , zout=64.9, eup=  245.32
     Process 2 started calculating ia=2249
                                            [WORKER  1] ia=2245, thermal , zout=65.4, eup=  204.70
     Process 1 started calculating ia=2250
                                            [WORKER  3] ia=2248, thermal , zout=65.4, eup=  249.80
     Process 3 started calculating ia=2251
                                            [WORKER  2] ia=2249, thermal , zout=65.4, eup=  253.72
     Process 2 started calculating ia=2252
                                            [WORKER  1] ia=2250, thermal , zout=65.4, eup=  253.31
     Process 1 started calculating ia=2253
                                            [WORKER  1] ia=2253, thermal , zout=65.4, eup=  252.79
     Process 1 started calculating ia=2254
                                            [WORKER  2] ia=2252, thermal , zout=65.4, eup=  244.42
     Process 2 started calculating ia=2255
                                            [WORKER  3] ia=2251, thermal , zout=65.4, eup=  243.93
     Process 3 started calculating ia=2256
                                            [WORKER  2] ia=2255, thermal , zout=65.4, eup=  240.88
     Process 2 started calculating ia=2257
                                            [WORKER  1] ia=2254, thermal , zout=65.4, eup=  236.98
     Process 1 started calculating ia=2258
                                            [WORKER  3] ia=2256, thermal , zout=65.4, eup=  242.75
     Process 3 started calculating ia=2259
                                            [WORKER  2] ia=2257, thermal , zout=65.4, eup=  253.97
     Process 2 started calculating ia=2260
                                            [WORKER  1] ia=2258, thermal , zout=65.4, eup=  254.18
     Process 1 started calculating ia=2261
                                            [WORKER  3] ia=2259, thermal , zout=65.4, eup=  253.10
     Process 3 started calculating ia=2262
                                            [WORKER  1] ia=2261, thermal , zout=65.0, eup=  248.61
     Process 1 started calculating ia=2263
                                            [WORKER  2] ia=2260, thermal , zout=65.4, eup=  251.38
     Process 2 started calculating ia=2264
                                            [WORKER  3] ia=2262, thermal , zout=65.4, eup=  244.06
     Process 3 started calculating ia=2265
                                            [WORKER  1] ia=2263, thermal , zout=65.4, eup=  241.61
     Process 1 started calculating ia=2266
                                            [WORKER  2] ia=2264, thermal , zout=65.4, eup=  214.63
     Process 2 started calculating ia=2267
                                            [WORKER  3] ia=2265, thermal , zout=65.4, eup=  191.68
     Process 3 started calculating ia=2268
                                            [WORKER  1] ia=2266, thermal , zout=65.5, eup=  163.61
     Process 1 started calculating ia=2269
                                            [WORKER  2] ia=2267, thermal , zout=65.5, eup=  233.49
     Process 2 started calculating ia=2270
                                            [WORKER  3] ia=2268, thermal , zout=65.5, eup=  260.62
     Process 3 started calculating ia=2271
                                            [WORKER  1] ia=2269, thermal , zout=65.5, eup=  252.98
     Process 1 started calculating ia=2272
                                            [WORKER  2] ia=2270, thermal , zout=65.5, eup=  252.27
     Process 2 started calculating ia=2273
                                            [WORKER  3] ia=2271, thermal , zout=65.5, eup=  255.07
     Process 3 started calculating ia=2274
                                            [WORKER  1] ia=2272, thermal , zout=65.5, eup=  239.75
     Process 1 started calculating ia=2275
                                            [WORKER  2] ia=2273, thermal , zout=65.4, eup=  244.17
     Process 2 started calculating ia=2276
                                            [WORKER  3] ia=2274, thermal , zout=65.4, eup=  253.68
     Process 3 started calculating ia=2277
                                            [WORKER  1] ia=2275, thermal , zout=64.9, eup=  256.84
     Process 1 started calculating ia=2278
                                            [WORKER  3] ia=2277, thermal , zout=65.4, eup=  250.82
     Process 3 started calculating ia=2279
                                            [WORKER  2] ia=2276, thermal , zout=65.4, eup=  257.87
     Process 2 started calculating ia=2280
                                            [WORKER  1] ia=2278, thermal , zout=65.4, eup=  255.72
     Process 1 started calculating ia=2281
                                            [WORKER  3] ia=2279, thermal , zout=65.5, eup=  252.79
     Process 3 started calculating ia=2282
                                            [WORKER  2] ia=2280, thermal , zout=65.5, eup=  252.95
     Process 2 started calculating ia=2283
                                            [WORKER  1] ia=2281, thermal , zout=65.0, eup=  256.35
     Process 1 started calculating ia=2284
                                            [WORKER  3] ia=2282, thermal , zout=65.0, eup=  259.42
     Process 3 started calculating ia=2285
                                            [WORKER  2] ia=2283, thermal , zout=65.5, eup=  249.80
     Process 2 started calculating ia=2286
                                            [WORKER  1] ia=2284, thermal , zout=65.5, eup=  255.45
     Process 1 started calculating ia=2287
                                            [WORKER  3] ia=2285, thermal , zout=65.5, eup=  262.56
     Process 3 started calculating ia=2288
                                            [WORKER  2] ia=2286, thermal , zout=65.5, eup=  270.86
     Process 2 started calculating ia=2289
                                            [WORKER  1] ia=2287, thermal , zout=65.5, eup=  265.27
     Process 1 started calculating ia=2290
                                            [WORKER  3] ia=2288, thermal , zout=65.5, eup=  228.49
     Process 3 started calculating ia=2291
                                            [WORKER  2] ia=2289, thermal , zout=65.0, eup=  243.99
     Process 2 started calculating ia=2292
                                            [WORKER  1] ia=2290, thermal , zout=65.5, eup=  249.33
     Process 1 started calculating ia=2293
                                            [WORKER  3] ia=2291, thermal , zout=65.5, eup=  241.19
     Process 3 started calculating ia=2294
                                            [WORKER  2] ia=2292, thermal , zout=65.5, eup=  244.38
     Process 2 started calculating ia=2295
                                            [WORKER  1] ia=2293, thermal , zout=65.5, eup=  253.03
     Process 1 started calculating ia=2296
                                            [WORKER  2] ia=2295, thermal , zout=65.5, eup=  255.77
     Process 2 started calculating ia=2297
                                            [WORKER  3] ia=2294, thermal , zout=65.5, eup=  250.27
     Process 3 started calculating ia=2298
                                            [WORKER  1] ia=2296, thermal , zout=65.5, eup=  248.59
     Process 1 started calculating ia=2299
                                            [WORKER  2] ia=2297, thermal , zout=65.5, eup=  257.23
     Process 2 started calculating ia=2300
                                            [WORKER  3] ia=2298, thermal , zout=65.5, eup=  256.52
     Process 3 started calculating ia=2301
                                            [WORKER  1] ia=2299, thermal , zout=65.5, eup=  251.03
     Process 1 started calculating ia=2302
                                            [WORKER  3] ia=2301, thermal , zout=65.5, eup=  247.87
     Process 3 started calculating ia=2303
                                            [WORKER  2] ia=2300, thermal , zout=65.5, eup=  246.19
     Process 2 started calculating ia=2304
                                            [WORKER  1] ia=2302, thermal , zout=65.5, eup=  246.05
     Process 1 started calculating ia=2305
                                            [WORKER  3] ia=2303, thermal , zout=65.0, eup=  242.81
     Process 3 started calculating ia=2306
                                            [WORKER  2] ia=2304, thermal , zout=65.5, eup=  236.01
     Process 2 started calculating ia=2307
                                            [WORKER  1] ia=2305, thermal , zout=65.5, eup=  250.80
     Process 1 started calculating ia=2308
                                            [WORKER  3] ia=2306, thermal , zout=65.5, eup=  263.47
     Process 3 started calculating ia=2309
                                            [WORKER  2] ia=2307, thermal , zout=65.5, eup=  259.32
     Process 2 started calculating ia=2310
                                            [WORKER  1] ia=2308, thermal , zout=65.5, eup=  251.56
     Process 1 started calculating ia=2311
                                            [WORKER  3] ia=2309, thermal , zout=65.5, eup=  263.87
     Process 3 started calculating ia=2312
                                            [WORKER  2] ia=2310, thermal , zout=65.5, eup=  256.63
     Process 2 started calculating ia=2313
                                            [WORKER  1] ia=2311, thermal , zout=65.5, eup=  253.60
     Process 1 started calculating ia=2314
                                            [WORKER  3] ia=2312, thermal , zout=65.5, eup=  264.47
     Process 3 started calculating ia=2315
                                            [WORKER  2] ia=2313, thermal , zout=65.5, eup=  274.15
     Process 2 started calculating ia=2316
                                            [WORKER  1] ia=2314, thermal , zout=65.5, eup=  271.90
     Process 1 started calculating ia=2317
                                            [WORKER  3] ia=2315, thermal , zout=65.5, eup=  263.60
     Process 3 started calculating ia=2318
                                            [WORKER  2] ia=2316, thermal , zout=65.5, eup=  264.90
     Process 2 started calculating ia=2319
                                            [WORKER  1] ia=2317, thermal , zout=65.0, eup=  255.55
     Process 1 started calculating ia=2320
                                            [WORKER  3] ia=2318, thermal , zout=65.5, eup=  264.11
     Process 3 started calculating ia=2321
                                            [WORKER  2] ia=2319, thermal , zout=65.5, eup=  252.89
     Process 2 started calculating ia=2322
                                            [WORKER  1] ia=2320, thermal , zout=65.5, eup=  252.69
     Process 1 started calculating ia=2323
                                            [WORKER  3] ia=2321, thermal , zout=65.5, eup=  250.43
     Process 3 started calculating ia=2324
                                            [WORKER  2] ia=2322, thermal , zout=65.5, eup=  250.33
     Process 2 started calculating ia=2325
                                            [WORKER  1] ia=2323, thermal , zout=65.5, eup=  251.64
     Process 1 started calculating ia=2326
                                            [WORKER  3] ia=2324, thermal , zout=65.5, eup=  251.88
     Process 3 started calculating ia=2327
                                            [WORKER  2] ia=2325, thermal , zout=65.5, eup=  253.18
     Process 2 started calculating ia=2328
                                            [WORKER  1] ia=2326, thermal , zout=65.5, eup=  254.13
     Process 1 started calculating ia=2329
                                            [WORKER  3] ia=2327, thermal , zout=65.5, eup=  257.22
     Process 3 started calculating ia=2330
                                            [WORKER  2] ia=2328, thermal , zout=65.5, eup=  249.91
     Process 2 started calculating ia=2331
                                            [WORKER  1] ia=2329, thermal , zout=65.5, eup=  261.62
     Process 1 started calculating ia=2332
                                            [WORKER  2] ia=2331, thermal , zout=65.0, eup=  265.49
     Process 2 started calculating ia=2333
                                            [WORKER  3] ia=2330, thermal , zout=65.0, eup=  260.28
     Process 3 started calculating ia=2334
                                            [WORKER  1] ia=2332, thermal , zout=65.5, eup=  262.95
     Process 1 started calculating ia=2335
                                            [WORKER  3] ia=2334, thermal , zout=65.5, eup=  263.15
     Process 3 started calculating ia=2336
                                            [WORKER  2] ia=2333, thermal , zout=65.5, eup=  261.99
     Process 2 started calculating ia=2337
                                            [WORKER  1] ia=2335, thermal , zout=65.5, eup=  263.22
     Process 1 started calculating ia=2338
                                            [WORKER  3] ia=2336, thermal , zout=65.5, eup=  263.73
     Process 3 started calculating ia=2339
                                            [WORKER  2] ia=2337, thermal , zout=65.5, eup=  268.51
     Process 2 started calculating ia=2340
                                            [WORKER  1] ia=2338, thermal , zout=65.0, eup=  273.59
     Process 1 started calculating ia=2341
                                            [WORKER  3] ia=2339, thermal , zout=65.5, eup=  271.57
     Process 3 started calculating ia=2342
                                            [WORKER  2] ia=2340, thermal , zout=65.5, eup=  271.83
     Process 2 started calculating ia=2343
                                            [WORKER  1] ia=2341, thermal , zout=65.5, eup=  269.67
     Process 1 started calculating ia=2344
                                            [WORKER  3] ia=2342, thermal , zout=65.5, eup=  279.11
     Process 3 started calculating ia=2345
                                            [WORKER  2] ia=2343, thermal , zout=65.5, eup=  275.94
     Process 2 started calculating ia=2346
                                            [WORKER  1] ia=2344, thermal , zout=65.5, eup=  269.50
     Process 1 started calculating ia=2347
                                            [WORKER  3] ia=2345, thermal , zout=65.5, eup=  280.91
     Process 3 started calculating ia=2348
                                            [WORKER  2] ia=2346, thermal , zout=65.5, eup=  281.48
     Process 2 started calculating ia=2349
                                            [WORKER  1] ia=2347, thermal , zout=65.5, eup=  270.99
     Process 1 started calculating ia=2350
                                            [WORKER  3] ia=2348, thermal , zout=65.5, eup=  269.57
     Process 3 started calculating ia=2351
                                            [WORKER  2] ia=2349, thermal , zout=65.5, eup=  265.17
     Process 2 started calculating ia=2352
                                            [WORKER  1] ia=2350, thermal , zout=65.5, eup=  269.63
     Process 1 started calculating ia=2353
                                            [WORKER  3] ia=2351, thermal , zout=65.5, eup=  267.88
     Process 3 started calculating ia=2354
                                            [WORKER  1] ia=2353, thermal , zout=65.5, eup=  273.62
     Process 1 started calculating ia=2355
                                            [WORKER  2] ia=2352, thermal , zout=65.0, eup=  271.62
     Process 2 started calculating ia=2356
                                            [WORKER  3] ia=2354, thermal , zout=65.5, eup=  274.51
     Process 3 started calculating ia=2357
                                            [WORKER  2] ia=2356, thermal , zout=65.5, eup=  276.28
     Process 2 started calculating ia=2358
                                            [WORKER  1] ia=2355, thermal , zout=65.5, eup=  273.60
     Process 1 started calculating ia=2359
                                            [WORKER  3] ia=2357, thermal , zout=65.5, eup=  278.00
     Process 3 started calculating ia=2360
                                            [WORKER  2] ia=2358, thermal , zout=65.5, eup=  285.04
     Process 2 started calculating ia=2361
                                            [WORKER  1] ia=2359, thermal , zout=65.5, eup=  277.05
     Process 1 started calculating ia=2362
                                            [WORKER  3] ia=2360, thermal , zout=65.5, eup=  281.54
     Process 3 started calculating ia=2363
                                            [WORKER  2] ia=2361, thermal , zout=65.5, eup=  275.64
     Process 2 started calculating ia=2364
                                            [WORKER  1] ia=2362, thermal , zout=65.5, eup=  281.65
     Process 1 started calculating ia=2365
                                            [WORKER  3] ia=2363, thermal , zout=65.5, eup=  281.03
     Process 3 started calculating ia=2366
                                            [WORKER  1] ia=2365, thermal , zout=65.5, eup=  265.13
     Process 1 started calculating ia=2367
                                            [WORKER  2] ia=2364, thermal , zout=65.5, eup=  275.78
     Process 2 started calculating ia=2368
                                            [WORKER  3] ia=2366, thermal , zout=65.5, eup=  271.35
     Process 3 started calculating ia=2369
                                            [WORKER  1] ia=2367, thermal , zout=65.5, eup=  266.26
     Process 1 started calculating ia=2370
                                            [WORKER  2] ia=2368, thermal , zout=65.5, eup=  275.41
     Process 2 started calculating ia=2371
                                            [WORKER  3] ia=2369, thermal , zout=65.5, eup=  269.39
     Process 3 started calculating ia=2372
                                            [WORKER  1] ia=2370, thermal , zout=65.5, eup=  263.75
     Process 1 started calculating ia=2373
                                            [WORKER  2] ia=2371, thermal , zout=65.5, eup=  241.24
     Process 2 started calculating ia=2374
                                            [WORKER  2] ia=2374, thermal , zout=65.5, eup=  274.04
     Process 2 started calculating ia=2375
                                            [WORKER  1] ia=2373, thermal , zout=65.0, eup=  250.80
                                            [WORKER  3] ia=2372, thermal , zout=65.0, eup=  239.09
     Process 1 started calculating ia=2376
     Process 3 started calculating ia=2377
                                            [WORKER  1] ia=2376, thermal , zout=65.5, eup=  271.26
     Process 1 started calculating ia=2378
                                            [WORKER  3] ia=2377, thermal , zout=65.5, eup=  277.03
     Process 3 started calculating ia=2379
                                            [WORKER  2] ia=2375, thermal , zout=65.5, eup=  269.26
     Process 2 started calculating ia=2380
                                            [WORKER  1] ia=2378, thermal , zout=65.5, eup=  273.99
     Process 1 started calculating ia=2381
                                            [WORKER  3] ia=2379, thermal , zout=65.5, eup=  268.52
     Process 3 started calculating ia=2382
                                            [WORKER  2] ia=2380, thermal , zout=65.0, eup=  276.41
     Process 2 started calculating ia=2383
                                            [WORKER  1] ia=2381, thermal , zout=65.5, eup=  265.30
     Process 1 started calculating ia=2384
                                            [WORKER  3] ia=2382, thermal , zout=65.5, eup=  277.40
     Process 3 started calculating ia=2385
                                            [WORKER  2] ia=2383, thermal , zout=65.5, eup=  273.36
     Process 2 started calculating ia=2386
                                            [WORKER  1] ia=2384, thermal , zout=65.5, eup=  265.95
     Process 1 started calculating ia=2387
                                            [WORKER  3] ia=2385, thermal , zout=65.5, eup=  272.51
     Process 3 started calculating ia=2388
                                            [WORKER  2] ia=2386, thermal , zout=65.5, eup=  266.41
     Process 2 started calculating ia=2389
                                            [WORKER  1] ia=2387, thermal , zout=65.5, eup=  267.81
     Process 1 started calculating ia=2390
                                            [WORKER  3] ia=2388, thermal , zout=65.5, eup=  264.96
     Process 3 started calculating ia=2391
                                            [WORKER  2] ia=2389, thermal , zout=65.5, eup=  268.06
     Process 2 started calculating ia=2392
                                            [WORKER  2] ia=2392, thermal , zout=65.5, eup=  259.60
     Process 2 started calculating ia=2393
                                            [WORKER  1] ia=2390, thermal , zout=65.5, eup=  248.18
     Process 1 started calculating ia=2394
                                            [WORKER  3] ia=2391, thermal , zout=65.5, eup=  258.77
     Process 3 started calculating ia=2395
                                            [WORKER  3] ia=2395, thermal , zout=65.5, eup=  277.64
     Process 3 started calculating ia=2396
                                            [WORKER  1] ia=2394, thermal , zout=65.5, eup=  256.06
     Process 1 started calculating ia=2397
                                            [WORKER  2] ia=2393, thermal , zout=65.5, eup=  261.57
     Process 2 started calculating ia=2398
                                            [WORKER  3] ia=2396, thermal , zout=65.5, eup=  267.64
     Process 3 started calculating ia=2399
                                            [WORKER  2] ia=2398, thermal , zout=65.5, eup=  268.57
     Process 2 started calculating ia=2400
                                            [WORKER  1] ia=2397, thermal , zout=65.5, eup=  272.23
     Process 1 started calculating ia=2401
                                            [WORKER  3] ia=2399, thermal , zout=65.5, eup=  269.25
     Process 3 started calculating ia=2402
                                            [WORKER  2] ia=2400, thermal , zout=65.5, eup=  281.71
     Process 2 started calculating ia=2403
                                            [WORKER  1] ia=2401, thermal , zout=65.0, eup=  273.04
     Process 1 started calculating ia=2404
                                            [WORKER  3] ia=2402, thermal , zout=65.5, eup=  278.88
     Process 3 started calculating ia=2405
                                            [WORKER  2] ia=2403, thermal , zout=65.5, eup=  276.22
     Process 2 started calculating ia=2406
                                            [WORKER  1] ia=2404, thermal , zout=65.5, eup=  282.88
     Process 1 started calculating ia=2407
                                            [WORKER  3] ia=2405, thermal , zout=65.5, eup=  278.12
     Process 3 started calculating ia=2408
                                            [WORKER  2] ia=2406, thermal , zout=65.5, eup=  279.12
     Process 2 started calculating ia=2409
                                            [WORKER  1] ia=2407, thermal , zout=65.5, eup=  270.31
     Process 1 started calculating ia=2410
                                            [WORKER  3] ia=2408, thermal , zout=65.0, eup=  274.44
     Process 3 started calculating ia=2411
                                            [WORKER  1] ia=2410, thermal , zout=65.5, eup=  284.55
     Process 1 started calculating ia=2412
                                            [WORKER  2] ia=2409, thermal , zout=65.5, eup=  271.54
     Process 2 started calculating ia=2413
                                            [WORKER  3] ia=2411, thermal , zout=65.5, eup=  279.28
     Process 3 started calculating ia=2414
                                            [WORKER  1] ia=2412, thermal , zout=65.5, eup=  277.85
     Process 1 started calculating ia=2415
                                            [WORKER  2] ia=2413, thermal , zout=65.5, eup=  273.40
     Process 2 started calculating ia=2416
                                            [WORKER  3] ia=2414, thermal , zout=65.5, eup=  280.38
     Process 3 started calculating ia=2417
                                            [WORKER  1] ia=2415, thermal , zout=65.5, eup=  271.62
     Process 1 started calculating ia=2418
                                            [WORKER  2] ia=2416, thermal , zout=65.5, eup=  269.25
     Process 2 started calculating ia=2419
                                            [WORKER  3] ia=2417, thermal , zout=65.5, eup=  268.74
     Process 3 started calculating ia=2420
                                            [WORKER  1] ia=2418, thermal , zout=65.5, eup=  272.78
     Process 1 started calculating ia=2421
                                            [WORKER  2] ia=2419, thermal , zout=65.5, eup=  277.67
     Process 2 started calculating ia=2422
                                            [WORKER  3] ia=2420, thermal , zout=65.5, eup=  275.61
     Process 3 started calculating ia=2423
                                            [WORKER  1] ia=2421, thermal , zout=65.5, eup=  273.01
     Process 1 started calculating ia=2424
                                            [WORKER  2] ia=2422, thermal , zout=65.5, eup=  274.23
     Process 2 started calculating ia=2425
                                            [WORKER  3] ia=2423, thermal , zout=65.5, eup=  280.40
     Process 3 started calculating ia=2426
                                            [WORKER  1] ia=2424, thermal , zout=65.5, eup=  276.67
     Process 1 started calculating ia=2427
                                            [WORKER  2] ia=2425, thermal , zout=65.5, eup=  266.83
     Process 2 started calculating ia=2428
                                            [WORKER  3] ia=2426, thermal , zout=65.5, eup=  262.63
     Process 3 started calculating ia=2429
                                            [WORKER  1] ia=2427, thermal , zout=65.5, eup=  273.47
     Process 1 started calculating ia=2430
                                            [WORKER  2] ia=2428, thermal , zout=65.0, eup=  278.58
     Process 2 started calculating ia=2431
                                            [WORKER  3] ia=2429, thermal , zout=65.0, eup=  274.96
     Process 3 started calculating ia=2432
                                            [WORKER  1] ia=2430, thermal , zout=65.5, eup=  278.96
     Process 1 started calculating ia=2433
                                            [WORKER  2] ia=2431, thermal , zout=65.5, eup=  282.98
     Process 2 started calculating ia=2434
                                            [WORKER  3] ia=2432, thermal , zout=65.5, eup=  271.51
     Process 3 started calculating ia=2435
                                            [WORKER  1] ia=2433, thermal , zout=65.5, eup=  288.80
     Process 1 started calculating ia=2436
                                            [WORKER  2] ia=2434, thermal , zout=65.5, eup=  289.38
     Process 2 started calculating ia=2437
                                            [WORKER  2] ia=2437, thermal , zout=65.5, eup=  285.42
     Process 2 started calculating ia=2438
                                            [WORKER  3] ia=2435, thermal , zout=65.5, eup=  272.77
     Process 3 started calculating ia=2439
                                            [WORKER  1] ia=2436, thermal , zout=65.0, eup=  279.80
     Process 1 started calculating ia=2440
                                            [WORKER  2] ia=2438, thermal , zout=65.5, eup=  286.41
     Process 2 started calculating ia=2441
                                            [WORKER  3] ia=2439, thermal , zout=65.5, eup=  285.34
     Process 3 started calculating ia=2442
                                            [WORKER  1] ia=2440, thermal , zout=65.5, eup=  284.73
     Process 1 started calculating ia=2443
                                            [WORKER  2] ia=2441, thermal , zout=65.5, eup=  284.71
     Process 2 started calculating ia=2444
                                            [WORKER  3] ia=2442, thermal , zout=65.5, eup=  284.14
     Process 3 started calculating ia=2445
                                            [WORKER  1] ia=2443, thermal , zout=65.5, eup=  284.03
     Process 1 started calculating ia=2446
                                            [WORKER  2] ia=2444, thermal , zout=65.5, eup=  284.11
     Process 2 started calculating ia=2447
                                            [WORKER  3] ia=2445, thermal , zout=65.5, eup=  283.29
     Process 3 started calculating ia=2448
                                            [WORKER  1] ia=2446, thermal , zout=65.5, eup=  282.87
     Process 1 started calculating ia=2449
                                            [WORKER  2] ia=2447, thermal , zout=65.5, eup=  282.97
     Process 2 started calculating ia=2450
                                            [WORKER  3] ia=2448, thermal , zout=65.5, eup=  283.34
     Process 3 started calculating ia=2451
                                            [WORKER  1] ia=2449, thermal , zout=65.5, eup=  280.88
     Process 1 started calculating ia=2452
                                            [WORKER  3] ia=2451, thermal , zout=65.5, eup=  280.23
     Process 3 started calculating ia=2453
                                            [WORKER  2] ia=2450, thermal , zout=65.5, eup=  274.70
     Process 2 started calculating ia=2454
                                            [WORKER  1] ia=2452, thermal , zout=65.5, eup=  275.67
     Process 1 started calculating ia=2455
                                            [WORKER  3] ia=2453, thermal , zout=65.5, eup=  277.72
     Process 3 started calculating ia=2456
                                            [WORKER  2] ia=2454, thermal , zout=65.5, eup=  279.20
     Process 2 started calculating ia=2457
                                            [WORKER  1] ia=2455, thermal , zout=65.5, eup=  277.31
     Process 1 started calculating ia=2458
                                            [WORKER  2] ia=2457, thermal , zout=65.5, eup=  278.66
     Process 2 started calculating ia=2459
                                            [WORKER  3] ia=2456, thermal , zout=65.5, eup=  277.65
     Process 3 started calculating ia=2460
                                            [WORKER  1] ia=2458, thermal , zout=65.5, eup=  278.69
     Process 1 started calculating ia=2461
                                            [WORKER  2] ia=2459, thermal , zout=65.5, eup=  276.65
     Process 2 started calculating ia=2462
                                            [WORKER  3] ia=2460, thermal , zout=65.5, eup=  279.10
     Process 3 started calculating ia=2463
                                            [WORKER  1] ia=2461, thermal , zout=65.5, eup=  274.86
     Process 1 started calculating ia=2464
                                            [WORKER  2] ia=2462, thermal , zout=65.5, eup=  268.40
     Process 2 started calculating ia=2465
                                            [WORKER  3] ia=2463, thermal , zout=65.5, eup=  274.75
     Process 3 started calculating ia=2466
                                            [WORKER  1] ia=2464, thermal , zout=65.5, eup=  272.80
     Process 1 started calculating ia=2467
                                            [WORKER  3] ia=2466, thermal , zout=65.5, eup=  274.08
     Process 3 started calculating ia=2468
                                            [WORKER  2] ia=2465, thermal , zout=65.5, eup=  271.86
     Process 2 started calculating ia=2469
                                            [WORKER  1] ia=2467, thermal , zout=65.5, eup=  276.67
     Process 1 started calculating ia=2470
                                            [WORKER  3] ia=2468, thermal , zout=65.5, eup=  269.77
     Process 3 started calculating ia=2471
                                            [WORKER  2] ia=2469, thermal , zout=65.5, eup=  270.71
     Process 2 started calculating ia=2472
                                            [WORKER  1] ia=2470, thermal , zout=65.5, eup=  270.54
     Process 1 started calculating ia=2473
                                            [WORKER  1] ia=2473, thermal , zout=65.5, eup=  268.09
     Process 1 started calculating ia=2474
                                            [WORKER  2] ia=2472, thermal , zout=65.5, eup=  261.25
     Process 2 started calculating ia=2475
                                            [WORKER  3] ia=2471, thermal , zout=65.5, eup=  269.11
     Process 3 started calculating ia=2476
                                            [WORKER  1] ia=2474, thermal , zout=65.5, eup=  271.77
     Process 1 started calculating ia=2477
                                            [WORKER  3] ia=2476, thermal , zout=65.5, eup=  270.18
     Process 3 started calculating ia=2478
                                            [WORKER  2] ia=2475, thermal , zout=65.5, eup=  266.29
     Process 2 started calculating ia=2479
                                            [WORKER  2] ia=2479, thermal , zout=65.5, eup=  273.23
     Process 2 started calculating ia=2480
                                            [WORKER  3] ia=2478, thermal , zout=65.5, eup=  270.89
     Process 3 started calculating ia=2481
                                            [WORKER  1] ia=2477, thermal , zout=65.5, eup=  269.81
     Process 1 started calculating ia=2482
                                            [WORKER  3] ia=2481, thermal , zout=65.5, eup=  278.22
     Process 3 started calculating ia=2483
                                            [WORKER  1] ia=2482, thermal , zout=65.5, eup=  268.56
     Process 1 started calculating ia=2484
                                            [WORKER  2] ia=2480, thermal , zout=65.5, eup=  275.61
     Process 2 started calculating ia=2485
                                            [WORKER  3] ia=2483, thermal , zout=65.5, eup=  275.02
     Process 3 started calculating ia=2486
                                            [WORKER  1] ia=2484, thermal , zout=65.5, eup=  275.59
     Process 1 started calculating ia=2487
                                            [WORKER  2] ia=2485, thermal , zout=65.0, eup=  274.66
     Process 2 started calculating ia=2488
                                            [WORKER  1] ia=2487, thermal , zout=65.5, eup=  275.30
     Process 1 started calculating ia=2489
                                            [WORKER  3] ia=2486, thermal , zout=65.5, eup=  272.99
     Process 3 started calculating ia=2490
                                            [WORKER  2] ia=2488, thermal , zout=65.5, eup=  270.28
     Process 2 started calculating ia=2491
                                            [WORKER  1] ia=2489, thermal , zout=65.5, eup=  272.21
     Process 1 started calculating ia=2492
                                            [WORKER  3] ia=2490, thermal , zout=65.5, eup=  259.93
     Process 3 started calculating ia=2493
                                            [WORKER  2] ia=2491, thermal , zout=65.5, eup=  267.86
     Process 2 started calculating ia=2494
                                            [WORKER  3] ia=2493, thermal , zout=65.5, eup=  274.05
     Process 3 started calculating ia=2495
                                            [WORKER  1] ia=2492, thermal , zout=65.0, eup=  267.47
     Process 1 started calculating ia=2496
                                            [WORKER  2] ia=2494, thermal , zout=65.5, eup=  263.53
     Process 2 started calculating ia=2497
                                            [WORKER  1] ia=2496, thermal , zout=65.5, eup=  263.74
     Process 1 started calculating ia=2498
                                            [WORKER  3] ia=2495, thermal , zout=65.5, eup=  269.41
     Process 3 started calculating ia=2499
                                            [WORKER  2] ia=2497, thermal , zout=65.5, eup=  266.71
     Process 2 started calculating ia=2500
                                            [WORKER  3] ia=2499, thermal , zout=65.0, eup=  267.81
     Process 3 started calculating ia=2501
                                            [WORKER  2] ia=2500, thermal , zout=65.5, eup=  270.13
     Process 2 started calculating ia=2502
                                            [WORKER  1] ia=2498, thermal , zout=65.5, eup=  271.72
     Process 1 started calculating ia=2503
                                            [WORKER  3] ia=2501, thermal , zout=65.5, eup=  273.53
     Process 3 started calculating ia=2504
                                            [WORKER  2] ia=2502, thermal , zout=65.5, eup=  276.57
     Process 2 started calculating ia=2505
                                            [WORKER  1] ia=2503, thermal , zout=65.5, eup=  270.69
     Process 1 started calculating ia=2506
                                            [WORKER  3] ia=2504, thermal , zout=65.5, eup=  273.43
     Process 3 started calculating ia=2507
                                            [WORKER  1] ia=2506, thermal , zout=65.0, eup=  269.30
     Process 1 started calculating ia=2508
                                            [WORKER  2] ia=2505, thermal , zout=65.5, eup=  267.38
     Process 2 started calculating ia=2509
                                            [WORKER  3] ia=2507, thermal , zout=65.5, eup=  268.39
     Process 3 started calculating ia=2510
                                            [WORKER  1] ia=2508, thermal , zout=65.5, eup=  261.45
     Process 1 started calculating ia=2511
                                            [WORKER  2] ia=2509, thermal , zout=65.5, eup=  265.27
     Process 2 started calculating ia=2512
                                            [WORKER  3] ia=2510, thermal , zout=65.5, eup=  265.63
     Process 3 started calculating ia=2513
                                            [WORKER  1] ia=2511, thermal , zout=65.5, eup=  258.25
     Process 1 started calculating ia=2514
                                            [WORKER  2] ia=2512, thermal , zout=65.5, eup=  260.59
     Process 2 started calculating ia=2515
                                            [WORKER  3] ia=2513, thermal , zout=65.0, eup=  254.29
     Process 3 started calculating ia=2516
                                            [WORKER  1] ia=2514, thermal , zout=65.5, eup=  251.90
     Process 1 started calculating ia=2517
                                            [WORKER  2] ia=2515, thermal , zout=65.5, eup=  262.23
     Process 2 started calculating ia=2518
                                            [WORKER  3] ia=2516, thermal , zout=65.5, eup=  266.10
     Process 3 started calculating ia=2519
                                            [WORKER  1] ia=2517, thermal , zout=65.5, eup=  264.62
     Process 1 started calculating ia=2520
                                            [WORKER  2] ia=2518, thermal , zout=65.5, eup=  258.18
     Process 2 started calculating ia=2521
                                            [WORKER  1] ia=2520, thermal , zout=65.0, eup=  270.50
     Process 1 started calculating ia=2522
                                            [WORKER  3] ia=2519, thermal , zout=65.5, eup=  265.58
     Process 3 started calculating ia=2523
                                            [WORKER  2] ia=2521, thermal , zout=65.5, eup=  267.92
     Process 2 started calculating ia=2524
                                            [WORKER  1] ia=2522, thermal , zout=65.5, eup=  270.79
     Process 1 started calculating ia=2525
                                            [WORKER  3] ia=2523, thermal , zout=65.5, eup=  274.50
     Process 3 started calculating ia=2526
                                            [WORKER  2] ia=2524, thermal , zout=65.5, eup=  269.51
     Process 2 started calculating ia=2527
                                            [WORKER  3] ia=2526, thermal , zout=65.5, eup=  259.15
     Process 3 started calculating ia=2528
                                            [WORKER  2] ia=2527, thermal , zout=65.0, eup=  263.21
     Process 2 started calculating ia=2529
                                            [WORKER  1] ia=2525, thermal , zout=65.5, eup=  269.55
     Process 1 started calculating ia=2530
                                            [WORKER  3] ia=2528, thermal , zout=65.5, eup=  258.77
     Process 3 started calculating ia=2531
                                            [WORKER  2] ia=2529, thermal , zout=65.5, eup=  262.20
     Process 2 started calculating ia=2532
                                            [WORKER  1] ia=2530, thermal , zout=65.5, eup=  269.30
     Process 1 started calculating ia=2533
                                            [WORKER  3] ia=2531, thermal , zout=65.5, eup=  258.28
     Process 3 started calculating ia=2534
                                            [WORKER  1] ia=2533, thermal , zout=65.5, eup=  272.64
     Process 1 started calculating ia=2535
                                            [WORKER  2] ia=2532, thermal , zout=65.5, eup=  266.56
     Process 2 started calculating ia=2536
                                            [WORKER  3] ia=2534, thermal , zout=65.0, eup=  273.96
     Process 3 started calculating ia=2537
                                            [WORKER  2] ia=2536, thermal , zout=65.5, eup=  265.92
     Process 2 started calculating ia=2538
                                            [WORKER  1] ia=2535, thermal , zout=65.5, eup=  265.98
     Process 1 started calculating ia=2539
                                            [WORKER  3] ia=2537, thermal , zout=65.5, eup=  270.23
     Process 3 started calculating ia=2540
                                            [WORKER  2] ia=2538, thermal , zout=65.5, eup=  272.69
     Process 2 started calculating ia=2541
                                            [WORKER  1] ia=2539, thermal , zout=65.5, eup=  269.32
     Process 1 started calculating ia=2542
                                            [WORKER  3] ia=2540, thermal , zout=65.5, eup=  267.21
     Process 3 started calculating ia=2543
                                            [WORKER  2] ia=2541, thermal , zout=65.0, eup=  269.00
     Process 2 started calculating ia=2544
                                            [WORKER  1] ia=2542, thermal , zout=65.5, eup=  265.23
     Process 1 started calculating ia=2545
                                            [WORKER  3] ia=2543, thermal , zout=65.5, eup=  264.79
     Process 3 started calculating ia=2546
                                            [WORKER  2] ia=2544, thermal , zout=65.5, eup=  267.63
     Process 2 started calculating ia=2547
                                            [WORKER  1] ia=2545, thermal , zout=65.5, eup=  263.93
     Process 1 started calculating ia=2548
                                            [WORKER  3] ia=2546, thermal , zout=65.5, eup=  276.67
     Process 3 started calculating ia=2549
                                            [WORKER  2] ia=2547, thermal , zout=65.5, eup=  260.96
     Process 2 started calculating ia=2550
                                            [WORKER  1] ia=2548, thermal , zout=65.5, eup=  249.64
     Process 1 started calculating ia=2551
                                            [WORKER  3] ia=2549, thermal , zout=65.5, eup=  268.93
     Process 3 started calculating ia=2552
                                            [WORKER  2] ia=2550, thermal , zout=65.5, eup=  260.90
     Process 2 started calculating ia=2553
                                            [WORKER  1] ia=2551, thermal , zout=65.5, eup=  272.37
     Process 1 started calculating ia=2554
                                            [WORKER  3] ia=2552, thermal , zout=65.5, eup=  253.84
     Process 3 started calculating ia=2555
                                            [WORKER  2] ia=2553, thermal , zout=65.5, eup=  260.68
     Process 2 started calculating ia=2556
                                            [WORKER  1] ia=2554, thermal , zout=65.5, eup=  270.52
     Process 1 started calculating ia=2557
                                            [WORKER  3] ia=2555, thermal , zout=65.5, eup=  249.15
     Process 3 started calculating ia=2558
                                            [WORKER  2] ia=2556, thermal , zout=65.5, eup=  249.95
     Process 2 started calculating ia=2559
                                            [WORKER  1] ia=2557, thermal , zout=65.5, eup=  243.66
     Process 1 started calculating ia=2560
                                            [WORKER  3] ia=2558, thermal , zout=65.5, eup=  238.42
     Process 3 started calculating ia=2561
                                            [WORKER  2] ia=2559, thermal , zout=65.5, eup=  232.08
     Process 2 started calculating ia=2562
                                            [WORKER  1] ia=2560, thermal , zout=65.5, eup=  241.20
     Process 1 started calculating ia=2563
                                            [WORKER  3] ia=2561, thermal , zout=65.5, eup=  243.71
     Process 3 started calculating ia=2564
                                            [WORKER  2] ia=2562, thermal , zout=65.5, eup=  261.17
     Process 2 started calculating ia=2565
                                            [WORKER  1] ia=2563, thermal , zout=65.5, eup=  258.11
     Process 1 started calculating ia=2566
                                            [WORKER  3] ia=2564, thermal , zout=65.5, eup=  267.70
     Process 3 started calculating ia=2567
                                            [WORKER  2] ia=2565, thermal , zout=65.5, eup=  261.45
     Process 2 started calculating ia=2568
                                            [WORKER  1] ia=2566, thermal , zout=65.5, eup=  269.11
     Process 1 started calculating ia=2569
                                            [WORKER  3] ia=2567, thermal , zout=65.5, eup=  268.39
     Process 3 started calculating ia=2570
                                            [WORKER  2] ia=2568, thermal , zout=65.5, eup=  261.90
     Process 2 started calculating ia=2571
                                            [WORKER  1] ia=2569, thermal , zout=65.5, eup=  264.99
     Process 1 started calculating ia=2572
                                            [WORKER  3] ia=2570, thermal , zout=65.5, eup=  263.04
     Process 3 started calculating ia=2573
                                            [WORKER  2] ia=2571, thermal , zout=65.5, eup=  267.14
     Process 2 started calculating ia=2574
                                            [WORKER  1] ia=2572, thermal , zout=65.5, eup=  263.65
     Process 1 started calculating ia=2575
                                            [WORKER  3] ia=2573, thermal , zout=65.5, eup=  270.47
     Process 3 started calculating ia=2576
                                            [WORKER  2] ia=2574, thermal , zout=65.5, eup=  272.48
     Process 2 started calculating ia=2577
                                            [WORKER  1] ia=2575, thermal , zout=65.5, eup=  268.73
     Process 1 started calculating ia=2578
                                            [WORKER  3] ia=2576, thermal , zout=65.5, eup=  270.67
     Process 3 started calculating ia=2579
                                            [WORKER  2] ia=2577, thermal , zout=65.5, eup=  266.53
     Process 2 started calculating ia=2580
                                            [WORKER  1] ia=2578, thermal , zout=65.5, eup=  270.77
     Process 1 started calculating ia=2581
                                            [WORKER  3] ia=2579, thermal , zout=65.5, eup=  269.94
     Process 3 started calculating ia=2582
                                            [WORKER  2] ia=2580, thermal , zout=65.5, eup=  271.65
     Process 2 started calculating ia=2583
                                            [WORKER  1] ia=2581, thermal , zout=65.5, eup=  271.25
     Process 1 started calculating ia=2584
                                            [WORKER  3] ia=2582, thermal , zout=65.5, eup=  270.57
     Process 3 started calculating ia=2585
                                            [WORKER  2] ia=2583, thermal , zout=65.5, eup=  269.21
     Process 2 started calculating ia=2586
                                            [WORKER  1] ia=2584, thermal , zout=65.5, eup=  270.90
     Process 1 started calculating ia=2587
                                            [WORKER  3] ia=2585, thermal , zout=65.5, eup=  270.40
     Process 3 started calculating ia=2588
                                            [WORKER  2] ia=2586, thermal , zout=65.5, eup=  259.24
     Process 2 started calculating ia=2589
                                            [WORKER  1] ia=2587, thermal , zout=65.5, eup=  272.01
     Process 1 started calculating ia=2590
                                            [WORKER  3] ia=2588, thermal , zout=65.5, eup=  275.59
     Process 3 started calculating ia=2591
                                            [WORKER  2] ia=2589, thermal , zout=65.5, eup=  277.36
     Process 2 started calculating ia=2592
                                            [WORKER  1] ia=2590, thermal , zout=65.5, eup=  275.16
     Process 1 started calculating ia=2593
                                            [WORKER  3] ia=2591, thermal , zout=65.5, eup=  261.38
     Process 3 started calculating ia=2594
                                            [WORKER  2] ia=2592, thermal , zout=65.5, eup=  266.53
     Process 2 started calculating ia=2595
                                            [WORKER  1] ia=2593, thermal , zout=65.5, eup=  268.81
     Process 1 started calculating ia=2596
                                            [WORKER  3] ia=2594, thermal , zout=65.5, eup=  268.09
     Process 3 started calculating ia=2597
                                            [WORKER  2] ia=2595, thermal , zout=65.5, eup=  278.23
     Process 2 started calculating ia=2598
                                            [WORKER  1] ia=2596, thermal , zout=65.5, eup=  261.71
     Process 1 started calculating ia=2599
                                            [WORKER  3] ia=2597, thermal , zout=65.0, eup=  276.78
     Process 3 started calculating ia=2600
                                            [WORKER  2] ia=2598, thermal , zout=65.5, eup=  281.26
     Process 2 started calculating ia=2601
                                            [WORKER  1] ia=2599, thermal , zout=65.5, eup=  283.22
     Process 1 started calculating ia=2602
                                            [WORKER  3] ia=2600, thermal , zout=65.5, eup=  281.73
     Process 3 started calculating ia=2603
                                            [WORKER  2] ia=2601, thermal , zout=65.5, eup=  271.55
     Process 2 started calculating ia=2604
                                            [WORKER  1] ia=2602, thermal , zout=65.5, eup=  282.22
     Process 1 started calculating ia=2605
                                            [WORKER  3] ia=2603, thermal , zout=65.5, eup=  282.49
     Process 3 started calculating ia=2606
                                            [WORKER  2] ia=2604, thermal , zout=65.5, eup=  282.95
     Process 2 started calculating ia=2607
                                            [WORKER  1] ia=2605, thermal , zout=65.5, eup=  283.91
     Process 1 started calculating ia=2608
                                            [WORKER  3] ia=2606, thermal , zout=65.5, eup=  284.30
     Process 3 started calculating ia=2609
                                            [WORKER  2] ia=2607, thermal , zout=65.5, eup=  284.58
     Process 2 started calculating ia=2610
                                            [WORKER  1] ia=2608, thermal , zout=65.5, eup=  284.91
     Process 1 started calculating ia=2611
                                            [WORKER  3] ia=2609, thermal , zout=65.5, eup=  281.11
     Process 3 started calculating ia=2612
                                            [WORKER  2] ia=2610, thermal , zout=65.5, eup=  279.73
     Process 2 started calculating ia=2613
                                            [WORKER  1] ia=2611, thermal , zout=65.5, eup=  282.47
     Process 1 started calculating ia=2614
                                            [WORKER  3] ia=2612, thermal , zout=65.5, eup=  279.28
     Process 3 started calculating ia=2615
                                            [WORKER  3] ia=2615, thermal , zout=65.5, eup=  283.23
     Process 3 started calculating ia=2616
                                            [WORKER  2] ia=2613, thermal , zout=65.5, eup=  286.74
     Process 2 started calculating ia=2617
                                            [WORKER  1] ia=2614, thermal , zout=65.5, eup=  284.78
     Process 1 started calculating ia=2618
                                            [WORKER  3] ia=2616, thermal , zout=65.5, eup=  282.83
     Process 3 started calculating ia=2619
                                            [WORKER  2] ia=2617, thermal , zout=65.5, eup=  282.36
     Process 2 started calculating ia=2620
                                            [WORKER  1] ia=2618, thermal , zout=65.5, eup=  281.44
     Process 1 started calculating ia=2621
                                            [WORKER  3] ia=2619, thermal , zout=65.5, eup=  281.64
     Process 3 started calculating ia=2622
                                            [WORKER  2] ia=2620, thermal , zout=65.5, eup=  281.32
     Process 2 started calculating ia=2623
                                            [WORKER  1] ia=2621, thermal , zout=65.5, eup=  281.48
     Process 1 started calculating ia=2624
                                            [WORKER  3] ia=2622, thermal , zout=65.5, eup=  281.48
     Process 3 started calculating ia=2625
                                            [WORKER  2] ia=2623, thermal , zout=65.5, eup=  281.47
     Process 2 started calculating ia=2626
                                            [WORKER  1] ia=2624, thermal , zout=65.5, eup=  280.87
     Process 1 started calculating ia=2627
                                            [WORKER  3] ia=2625, thermal , zout=65.5, eup=  280.81
     Process 3 started calculating ia=2628
                                            [WORKER  2] ia=2626, thermal , zout=65.5, eup=  280.96
     Process 2 started calculating ia=2629
                                            [WORKER  1] ia=2627, thermal , zout=65.5, eup=  281.13
     Process 1 started calculating ia=2630
                                            [WORKER  3] ia=2628, thermal , zout=65.5, eup=  281.00
     Process 3 started calculating ia=2631
                                            [WORKER  2] ia=2629, thermal , zout=65.5, eup=  279.82
     Process 2 started calculating ia=2632
                                            [WORKER  1] ia=2630, thermal , zout=65.5, eup=  277.39
     Process 1 started calculating ia=2633
                                            [WORKER  3] ia=2631, thermal , zout=65.5, eup=  281.19
     Process 3 started calculating ia=2634
                                            [WORKER  2] ia=2632, thermal , zout=65.0, eup=  280.46
     Process 2 started calculating ia=2635
                                            [WORKER  1] ia=2633, thermal , zout=65.5, eup=  282.92
     Process 1 started calculating ia=2636
                                            [WORKER  3] ia=2634, thermal , zout=65.5, eup=  275.45
     Process 3 started calculating ia=2637
                                            [WORKER  2] ia=2635, thermal , zout=65.5, eup=  276.69
     Process 2 started calculating ia=2638
                                            [WORKER  1] ia=2636, thermal , zout=65.5, eup=  278.01
     Process 1 started calculating ia=2639
                                            [WORKER  3] ia=2637, thermal , zout=65.5, eup=  284.45
     Process 3 started calculating ia=2640
                                            [WORKER  2] ia=2638, thermal , zout=65.5, eup=  284.54
     Process 2 started calculating ia=2641
                                            [WORKER  1] ia=2639, thermal , zout=65.5, eup=  282.38
     Process 1 started calculating ia=2642
                                            [WORKER  2] ia=2641, thermal , zout=65.5, eup=  281.50
     Process 2 started calculating ia=2643
                                            [WORKER  1] ia=2642, thermal , zout=65.5, eup=  286.70
     Process 1 started calculating ia=2644
                                            [WORKER  3] ia=2640, thermal , zout=65.5, eup=  278.15
     Process 3 started calculating ia=2645
                                            [WORKER  2] ia=2643, thermal , zout=65.5, eup=  287.03
     Process 2 started calculating ia=2646
                                            [WORKER  1] ia=2644, thermal , zout=65.5, eup=  287.49
     Process 1 started calculating ia=2647
                                            [WORKER  3] ia=2645, thermal , zout=65.5, eup=  280.92
     Process 3 started calculating ia=2648
                                            [WORKER  2] ia=2646, thermal , zout=65.5, eup=  282.08
     Process 2 started calculating ia=2649
                                            [WORKER  1] ia=2647, thermal , zout=65.5, eup=  272.87
     Process 1 started calculating ia=2650
                                            [WORKER  3] ia=2648, thermal , zout=65.5, eup=  263.88
     Process 3 started calculating ia=2651
                                            [WORKER  2] ia=2649, thermal , zout=65.5, eup=  264.16
     Process 2 started calculating ia=2652
                                            [WORKER  1] ia=2650, thermal , zout=65.5, eup=  229.56
     Process 1 started calculating ia=2653
                                            [WORKER  3] ia=2651, thermal , zout=65.5, eup=  280.10
     Process 3 started calculating ia=2654
                                            [WORKER  2] ia=2652, thermal , zout=65.5, eup=  281.29
     Process 2 started calculating ia=2655
                                            [WORKER  1] ia=2653, thermal , zout=65.5, eup=  260.99
     Process 1 started calculating ia=2656
                                            [WORKER  3] ia=2654, thermal , zout=65.5, eup=  271.43
     Process 3 started calculating ia=2657
                                            [WORKER  2] ia=2655, thermal , zout=65.5, eup=  268.09
     Process 2 started calculating ia=2658
                                            [WORKER  1] ia=2656, thermal , zout=65.5, eup=  260.83
     Process 1 started calculating ia=2659
                                            [WORKER  3] ia=2657, thermal , zout=65.5, eup=  269.27
     Process 3 started calculating ia=2660
                                            [WORKER  2] ia=2658, thermal , zout=65.5, eup=  270.20
     Process 2 started calculating ia=2661
                                            [WORKER  1] ia=2659, thermal , zout=65.5, eup=  269.35
     Process 1 started calculating ia=2662
                                            [WORKER  3] ia=2660, thermal , zout=65.5, eup=  263.35
     Process 3 started calculating ia=2663
                                            [WORKER  2] ia=2661, thermal , zout=65.5, eup=  273.93
     Process 2 started calculating ia=2664
                                            [WORKER  1] ia=2662, thermal , zout=65.5, eup=  264.69
     Process 1 started calculating ia=2665
                                            [WORKER  3] ia=2663, thermal , zout=65.5, eup=  266.43
     Process 3 started calculating ia=2666
                                            [WORKER  2] ia=2664, thermal , zout=65.5, eup=  258.20
     Process 2 started calculating ia=2667
                                            [WORKER  1] ia=2665, thermal , zout=65.5, eup=  275.57
     Process 1 started calculating ia=2668
                                            [WORKER  3] ia=2666, thermal , zout=65.5, eup=  276.66
     Process 3 started calculating ia=2669
                                            [WORKER  2] ia=2667, thermal , zout=65.5, eup=  272.01
     Process 2 started calculating ia=2670
                                            [WORKER  1] ia=2668, thermal , zout=65.5, eup=  273.05
     Process 1 started calculating ia=2671
                                            [WORKER  3] ia=2669, thermal , zout=65.5, eup=  272.13
     Process 3 started calculating ia=2672
                                            [WORKER  2] ia=2670, thermal , zout=65.5, eup=  249.61
     Process 2 started calculating ia=2673
                                            [WORKER  1] ia=2671, thermal , zout=65.5, eup=  246.82
     Process 1 started calculating ia=2674
                                            [WORKER  3] ia=2672, thermal , zout=65.5, eup=  252.37
     Process 3 started calculating ia=2675
                                            [WORKER  2] ia=2673, thermal , zout=65.5, eup=  275.75
     Process 2 started calculating ia=2676
                                            [WORKER  1] ia=2674, thermal , zout=65.5, eup=  276.39
     Process 1 started calculating ia=2677
                                            [WORKER  3] ia=2675, thermal , zout=65.5, eup=  265.82
     Process 3 started calculating ia=2678
                                            [WORKER  3] ia=2678, thermal , zout=65.5, eup=  255.01
     Process 3 started calculating ia=2679
                                            [WORKER  1] ia=2677, thermal , zout=65.5, eup=  259.03
     Process 1 started calculating ia=2680
                                            [WORKER  2] ia=2676, thermal , zout=65.5, eup=  266.29
     Process 2 started calculating ia=2681
                                            [WORKER  2] ia=2681, thermal , zout=65.5, eup=  246.31
     Process 2 started calculating ia=2682
                                            [WORKER  1] ia=2680, thermal , zout=65.5, eup=  257.71
     Process 1 started calculating ia=2683
                                            [WORKER  3] ia=2679, thermal , zout=65.5, eup=  257.64
     Process 3 started calculating ia=2684
                                            [WORKER  2] ia=2682, thermal , zout=65.5, eup=  250.62
     Process 2 started calculating ia=2685
                                            [WORKER  1] ia=2683, thermal , zout=65.5, eup=  258.42
     Process 1 started calculating ia=2686
                                            [WORKER  3] ia=2684, thermal , zout=65.5, eup=  246.52
     Process 3 started calculating ia=2687
                                            [WORKER  2] ia=2685, thermal , zout=65.5, eup=  258.45
     Process 2 started calculating ia=2688
                                            [WORKER  3] ia=2687, thermal , zout=65.5, eup=  253.48
     Process 3 started calculating ia=2689
                                            [WORKER  1] ia=2686, thermal , zout=65.5, eup=  247.44
     Process 1 started calculating ia=2690
                                            [WORKER  1] ia=2690, thermal , zout=65.5, eup=  243.25
     Process 1 started calculating ia=2691
                                            [WORKER  2] ia=2688, thermal , zout=65.5, eup=  254.70
     Process 2 started calculating ia=2692
                                            [WORKER  3] ia=2689, thermal , zout=65.5, eup=  253.49
     Process 3 started calculating ia=2693
                                            [WORKER  2] ia=2692, thermal , zout=65.5, eup=  239.64
     Process 2 started calculating ia=2694
                                            [WORKER  3] ia=2693, thermal , zout=65.5, eup=  239.73
     Process 3 started calculating ia=2695
                                            [WORKER  1] ia=2691, thermal , zout=65.5, eup=  241.80
     Process 1 started calculating ia=2696
                                            [WORKER  2] ia=2694, thermal , zout=65.5, eup=  240.25
     Process 2 started calculating ia=2697
                                            [WORKER  1] ia=2696, thermal , zout=65.5, eup=  237.75
     Process 1 started calculating ia=2698
                                            [WORKER  3] ia=2695, thermal , zout=65.5, eup=  242.28
     Process 3 started calculating ia=2699
                                            [WORKER  1] ia=2698, thermal , zout=65.5, eup=  256.94
     Process 1 started calculating ia=2700
                                            [WORKER  2] ia=2697, thermal , zout=65.5, eup=  266.57
     Process 2 started calculating ia=2701
                                            [WORKER  3] ia=2699, thermal , zout=65.5, eup=  256.60
     Process 3 started calculating ia=2702
                                            [WORKER  1] ia=2700, thermal , zout=65.5, eup=  252.81
     Process 1 started calculating ia=2703
                                            [WORKER  2] ia=2701, thermal , zout=65.5, eup=  249.29
     Process 2 started calculating ia=2704
                                            [WORKER  3] ia=2702, thermal , zout=65.5, eup=  228.50
     Process 3 started calculating ia=2705
                                            [WORKER  1] ia=2703, thermal , zout=65.5, eup=  250.63
     Process 1 started calculating ia=2706
                                            [WORKER  2] ia=2704, thermal , zout=65.5, eup=  242.23
     Process 2 started calculating ia=2707
                                            [WORKER  3] ia=2705, thermal , zout=65.5, eup=  237.82
     Process 3 started calculating ia=2708
                                            [WORKER  1] ia=2706, thermal , zout=65.5, eup=  231.60
     Process 1 started calculating ia=2709
                                            [WORKER  3] ia=2708, thermal , zout=65.5, eup=  234.36
     Process 3 started calculating ia=2710
                                            [WORKER  2] ia=2707, thermal , zout=65.5, eup=  231.74
     Process 2 started calculating ia=2711
                                            [WORKER  1] ia=2709, thermal , zout=65.5, eup=  232.74
     Process 1 started calculating ia=2712
                                            [WORKER  3] ia=2710, thermal , zout=65.5, eup=  234.35
     Process 3 started calculating ia=2713
                                            [WORKER  2] ia=2711, thermal , zout=65.5, eup=  232.37
     Process 2 started calculating ia=2714
                                            [WORKER  1] ia=2712, thermal , zout=65.5, eup=  233.65
     Process 1 started calculating ia=2715
                                            [WORKER  2] ia=2714, thermal , zout=65.5, eup=  235.26
     Process 2 started calculating ia=2716
                                            [WORKER  3] ia=2713, thermal , zout=65.5, eup=  240.07
     Process 3 started calculating ia=2717
                                            [WORKER  1] ia=2715, thermal , zout=65.5, eup=  231.29
     Process 1 started calculating ia=2718
                                            [WORKER  3] ia=2717, thermal , zout=65.5, eup=  234.24
     Process 3 started calculating ia=2719
                                            [WORKER  2] ia=2716, thermal , zout=65.5, eup=  234.19
     Process 2 started calculating ia=2720
                                            [WORKER  1] ia=2718, thermal , zout=65.5, eup=  246.35
     Process 1 started calculating ia=2721
                                            [WORKER  3] ia=2719, thermal , zout=65.5, eup=  254.19
     Process 3 started calculating ia=2722
                                            [WORKER  2] ia=2720, thermal , zout=65.5, eup=  283.15
     Process 2 started calculating ia=2723
                                            [WORKER  1] ia=2721, thermal , zout=65.5, eup=  278.66
     Process 1 started calculating ia=2724
                                            [WORKER  3] ia=2722, thermal , zout=65.5, eup=  270.12
     Process 3 started calculating ia=2725
                                            [WORKER  2] ia=2723, thermal , zout=65.5, eup=  271.30
     Process 2 started calculating ia=2726
                                            [WORKER  1] ia=2724, thermal , zout=65.5, eup=  273.38
     Process 1 started calculating ia=2727
                                            [WORKER  3] ia=2725, thermal , zout=65.5, eup=  269.29
     Process 3 started calculating ia=2728
                                            [WORKER  2] ia=2726, thermal , zout=65.5, eup=  272.99
     Process 2 started calculating ia=2729
                                            [WORKER  1] ia=2727, thermal , zout=65.5, eup=  266.45
     Process 1 started calculating ia=2730
                                            [WORKER  3] ia=2728, thermal , zout=65.5, eup=  257.47
     Process 3 started calculating ia=2731
                                            [WORKER  2] ia=2729, thermal , zout=65.5, eup=  272.29
     Process 2 started calculating ia=2732
                                            [WORKER  3] ia=2731, thermal , zout=65.5, eup=  269.90
     Process 3 started calculating ia=2733
                                            [WORKER  1] ia=2730, thermal , zout=65.5, eup=  264.59
     Process 1 started calculating ia=2734
                                            [WORKER  2] ia=2732, thermal , zout=65.5, eup=  267.33
     Process 2 started calculating ia=2735
                                            [WORKER  2] ia=2735, thermal , zout=65.5, eup=  259.99
     Process 2 started calculating ia=2736
                                            [WORKER  1] ia=2734, thermal , zout=65.5, eup=  272.87
     Process 1 started calculating ia=2737
                                            [WORKER  3] ia=2733, thermal , zout=65.5, eup=  271.57
     Process 3 started calculating ia=2738
                                            [WORKER  2] ia=2736, thermal , zout=65.5, eup=  278.61
     Process 2 started calculating ia=2739
                                            [WORKER  1] ia=2737, thermal , zout=65.5, eup=  267.57
     Process 1 started calculating ia=2740
                                            [WORKER  3] ia=2738, thermal , zout=65.5, eup=  236.05
     Process 3 started calculating ia=2741
                                            [WORKER  2] ia=2739, thermal , zout=65.5, eup=  276.59
     Process 2 started calculating ia=2742
                                            [WORKER  1] ia=2740, thermal , zout=65.5, eup=  257.39
     Process 1 started calculating ia=2743
                                            [WORKER  3] ia=2741, thermal , zout=65.5, eup=  260.57
     Process 3 started calculating ia=2744
                                            [WORKER  2] ia=2742, thermal , zout=65.5, eup=  267.22
     Process 2 started calculating ia=2745
                                            [WORKER  1] ia=2743, thermal , zout=65.5, eup=  265.09
     Process 1 started calculating ia=2746
                                            [WORKER  3] ia=2744, thermal , zout=65.5, eup=  244.64
     Process 3 started calculating ia=2747
                                            [WORKER  2] ia=2745, thermal , zout=65.5, eup=  270.39
     Process 2 started calculating ia=2748
                                            [WORKER  1] ia=2746, thermal , zout=65.5, eup=  280.25
     Process 1 started calculating ia=2749
                                            [WORKER  3] ia=2747, thermal , zout=65.5, eup=  284.93
     Process 3 started calculating ia=2750
                                            [WORKER  2] ia=2748, thermal , zout=65.5, eup=  288.37
     Process 2 started calculating ia=2751
                                            [WORKER  1] ia=2749, thermal , zout=65.5, eup=  288.29
     Process 1 started calculating ia=2752
                                            [WORKER  3] ia=2750, thermal , zout=65.5, eup=  280.40
     Process 3 started calculating ia=2753
                                            [WORKER  3] ia=2753, thermal , zout=65.5, eup=  276.11
     Process 3 started calculating ia=2754
                                            [WORKER  1] ia=2752, thermal , zout=65.5, eup=  272.12
     Process 1 started calculating ia=2755
                                            [WORKER  2] ia=2751, thermal , zout=65.5, eup=  270.09
     Process 2 started calculating ia=2756
                                            [WORKER  1] ia=2755, thermal , zout=65.5, eup=  268.71
     Process 1 started calculating ia=2757
                                            [WORKER  2] ia=2756, thermal , zout=65.5, eup=  265.34
     Process 2 started calculating ia=2758
                                            [WORKER  3] ia=2754, thermal , zout=65.5, eup=  272.16
     Process 3 started calculating ia=2759
                                            [WORKER  1] ia=2757, thermal , zout=65.5, eup=  248.00
     Process 1 started calculating ia=2760
                                            [WORKER  3] ia=2759, thermal , zout=65.5, eup=  239.19
     Process 3 started calculating ia=2761
                                            [WORKER  2] ia=2758, thermal , zout=65.5, eup=  238.59
     Process 2 started calculating ia=2762
                                            [WORKER  1] ia=2760, thermal , zout=65.5, eup=  247.93
     Process 1 started calculating ia=2763
                                            [WORKER  3] ia=2761, thermal , zout=65.5, eup=  254.25
     Process 3 started calculating ia=2764
                                            [WORKER  2] ia=2762, thermal , zout=65.5, eup=  254.78
     Process 2 started calculating ia=2765
                                            [WORKER  3] ia=2764, thermal , zout=65.5, eup=  239.50
     Process 3 started calculating ia=2766
                                            [WORKER  1] ia=2763, thermal , zout=65.5, eup=  253.01
     Process 1 started calculating ia=2767
                                            [WORKER  2] ia=2765, thermal , zout=65.5, eup=  234.63
     Process 2 started calculating ia=2768
                                            [WORKER  3] ia=2766, thermal , zout=65.5, eup=  229.36
     Process 3 started calculating ia=2769
                                            [WORKER  1] ia=2767, thermal , zout=65.5, eup=  241.88
     Process 1 started calculating ia=2770
                                            [WORKER  2] ia=2768, thermal , zout=65.5, eup=  263.94
     Process 2 started calculating ia=2771
                                            [WORKER  1] ia=2770, thermal , zout=65.5, eup=  266.73
     Process 1 started calculating ia=2772
                                            [WORKER  3] ia=2769, thermal , zout=65.5, eup=  236.28
     Process 3 started calculating ia=2773
                                            [WORKER  2] ia=2771, thermal , zout=65.5, eup=  260.61
     Process 2 started calculating ia=2774
                                            [WORKER  1] ia=2772, thermal , zout=65.5, eup=  253.84
     Process 1 started calculating ia=2775
                                            [WORKER  3] ia=2773, thermal , zout=65.5, eup=  256.20
     Process 3 started calculating ia=2776
                                            [WORKER  2] ia=2774, thermal , zout=65.5, eup=  261.13
     Process 2 started calculating ia=2777
                                            [WORKER  1] ia=2775, thermal , zout=65.5, eup=  258.92
     Process 1 started calculating ia=2778
                                            [WORKER  3] ia=2776, thermal , zout=65.5, eup=  269.67
     Process 3 started calculating ia=2779
                                            [WORKER  2] ia=2777, thermal , zout=65.5, eup=  258.35
     Process 2 started calculating ia=2780
                                            [WORKER  1] ia=2778, thermal , zout=65.5, eup=  264.47
     Process 1 started calculating ia=2781
                                            [WORKER  2] ia=2780, thermal , zout=65.5, eup=  265.09
     Process 2 started calculating ia=2782
                                            [WORKER  3] ia=2779, thermal , zout=65.5, eup=  263.15
     Process 3 started calculating ia=2783
                                            [WORKER  2] ia=2782, thermal , zout=65.5, eup=  263.24
     Process 2 started calculating ia=2784
                                            [WORKER  3] ia=2783, thermal , zout=65.5, eup=  270.35
     Process 3 started calculating ia=2785
                                            [WORKER  1] ia=2781, thermal , zout=65.5, eup=  260.61
     Process 1 started calculating ia=2786
                                            [WORKER  2] ia=2784, thermal , zout=65.5, eup=  270.27
     Process 2 started calculating ia=2787
                                            [WORKER  1] ia=2786, thermal , zout=65.5, eup=  266.66
     Process 1 started calculating ia=2788
                                            [WORKER  3] ia=2785, thermal , zout=65.5, eup=  268.91
     Process 3 started calculating ia=2789
                                            [WORKER  3] ia=2789, thermal , zout=65.5, eup=  259.92
     Process 3 started calculating ia=2790
                                            [WORKER  2] ia=2787, thermal , zout=65.5, eup=  260.01
     Process 2 started calculating ia=2791
                                            [WORKER  1] ia=2788, thermal , zout=65.5, eup=  259.22
     Process 1 started calculating ia=2792
                                            [WORKER  1] ia=2792, thermal , zout=65.5, eup=  256.42
     Process 1 started calculating ia=2793
                                            [WORKER  2] ia=2791, thermal , zout=65.5, eup=  264.16
     Process 2 started calculating ia=2794
                                            [WORKER  3] ia=2790, thermal , zout=65.5, eup=  264.16
     Process 3 started calculating ia=2795
                                            [WORKER  3] ia=2795, thermal , zout=65.5, eup=  256.10
     Process 3 started calculating ia=2796
                                            [WORKER  1] ia=2793, thermal , zout=65.5, eup=  260.55
     Process 1 started calculating ia=2797
                                            [WORKER  2] ia=2794, thermal , zout=65.5, eup=  262.09
     Process 2 started calculating ia=2798
                                            [WORKER  1] ia=2797, thermal , zout=65.5, eup=  253.42
     Process 1 started calculating ia=2799
                                            [WORKER  3] ia=2796, thermal , zout=65.5, eup=  252.60
     Process 3 started calculating ia=2800
                                            [WORKER  2] ia=2798, thermal , zout=65.5, eup=  247.28
     Process 2 started calculating ia=2801
                                            [WORKER  3] ia=2800, thermal , zout=65.5, eup=  254.69
     Process 3 started calculating ia=2802
                                            [WORKER  2] ia=2801, thermal , zout=65.5, eup=  255.19
     Process 2 started calculating ia=2803
                                            [WORKER  1] ia=2799, thermal , zout=65.5, eup=  261.79
     Process 1 started calculating ia=2804
                                            [WORKER  3] ia=2802, thermal , zout=65.5, eup=  255.75
     Process 3 started calculating ia=2805
                                            [WORKER  2] ia=2803, thermal , zout=65.5, eup=  250.98
     Process 2 started calculating ia=2806
                                            [WORKER  1] ia=2804, thermal , zout=65.5, eup=  244.13
     Process 1 started calculating ia=2807
                                            [WORKER  3] ia=2805, thermal , zout=65.5, eup=  258.99
     Process 3 started calculating ia=2808
                                            [WORKER  2] ia=2806, thermal , zout=65.5, eup=  266.15
     Process 2 started calculating ia=2809
                                            [WORKER  1] ia=2807, thermal , zout=65.5, eup=  261.56
     Process 1 started calculating ia=2810
                                            [WORKER  3] ia=2808, thermal , zout=65.5, eup=  262.49
     Process 3 started calculating ia=2811
                                            [WORKER  1] ia=2810, thermal , zout=65.5, eup=  260.77
     Process 1 started calculating ia=2812
                                            [WORKER  2] ia=2809, thermal , zout=65.5, eup=  257.95
     Process 2 started calculating ia=2813
                                            [WORKER  3] ia=2811, thermal , zout=65.5, eup=  261.80
     Process 3 started calculating ia=2814
                                            [WORKER  1] ia=2812, thermal , zout=65.5, eup=  269.21
     Process 1 started calculating ia=2815
                                            [WORKER  2] ia=2813, thermal , zout=65.5, eup=  262.74
     Process 2 started calculating ia=2816
                                            [WORKER  3] ia=2814, thermal , zout=65.5, eup=  274.61
     Process 3 started calculating ia=2817
                                            [WORKER  1] ia=2815, thermal , zout=65.5, eup=  268.22
     Process 1 started calculating ia=2818
                                            [WORKER  2] ia=2816, thermal , zout=65.5, eup=  268.14
     Process 2 started calculating ia=2819
                                            [WORKER  1] ia=2818, thermal , zout=65.5, eup=  263.43
     Process 1 started calculating ia=2820
                                            [WORKER  3] ia=2817, thermal , zout=65.5, eup=  273.24
     Process 3 started calculating ia=2821
                                            [WORKER  2] ia=2819, thermal , zout=65.5, eup=  270.25
     Process 2 started calculating ia=2822
                                            [WORKER  1] ia=2820, thermal , zout=65.5, eup=  275.63
     Process 1 started calculating ia=2823
                                            [WORKER  2] ia=2822, thermal , zout=65.5, eup=  280.90
                                            [WORKER  3] ia=2821, thermal , zout=65.5, eup=  272.14
     Process 3 started calculating ia=2824
     Process 2 started calculating ia=2825
                                            [WORKER  1] ia=2823, thermal , zout=65.5, eup=  279.69
     Process 1 started calculating ia=2826
                                            [WORKER  3] ia=2824, thermal , zout=65.5, eup=  265.98
     Process 3 started calculating ia=2827
                                            [WORKER  2] ia=2825, thermal , zout=65.5, eup=  278.34
     Process 2 started calculating ia=2828
                                            [WORKER  1] ia=2826, thermal , zout=65.5, eup=  276.41
     Process 1 started calculating ia=2829
                                            [WORKER  3] ia=2827, thermal , zout=65.5, eup=  271.71
     Process 3 started calculating ia=2830
                                            [WORKER  2] ia=2828, thermal , zout=65.5, eup=  272.99
     Process 2 started calculating ia=2831
                                            [WORKER  1] ia=2829, thermal , zout=65.5, eup=  268.40
     Process 1 started calculating ia=2832
                                            [WORKER  3] ia=2830, thermal , zout=65.5, eup=  272.04
     Process 3 started calculating ia=2833
                                            [WORKER  2] ia=2831, thermal , zout=65.5, eup=  274.22
     Process 2 started calculating ia=2834
                                            [WORKER  1] ia=2832, thermal , zout=65.5, eup=  275.65
     Process 1 started calculating ia=2835
                                            [WORKER  3] ia=2833, thermal , zout=65.5, eup=  269.00
     Process 3 started calculating ia=2836
                                            [WORKER  2] ia=2834, thermal , zout=65.5, eup=  272.19
     Process 2 started calculating ia=2837
                                            [WORKER  3] ia=2836, thermal , zout=65.5, eup=  275.55
     Process 3 started calculating ia=2838
                                            [WORKER  1] ia=2835, thermal , zout=65.5, eup=  272.52
     Process 1 started calculating ia=2839
                                            [WORKER  2] ia=2837, thermal , zout=65.5, eup=  270.71
     Process 2 started calculating ia=2840
                                            [WORKER  1] ia=2839, thermal , zout=65.5, eup=  277.03
     Process 1 started calculating ia=2841
                                            [WORKER  3] ia=2838, thermal , zout=65.5, eup=  268.91
     Process 3 started calculating ia=2842
                                            [WORKER  2] ia=2840, thermal , zout=65.5, eup=  276.98
     Process 2 started calculating ia=2843
                                            [WORKER  1] ia=2841, thermal , zout=65.5, eup=  268.37
     Process 1 started calculating ia=2844
                                            [WORKER  3] ia=2842, thermal , zout=65.5, eup=  286.86
     Process 3 started calculating ia=2845
                                            [WORKER  2] ia=2843, thermal , zout=65.5, eup=  283.62
     Process 2 started calculating ia=2846
                                            [WORKER  3] ia=2845, thermal , zout=65.5, eup=  285.54
     Process 3 started calculating ia=2847
                                            [WORKER  1] ia=2844, thermal , zout=65.5, eup=  288.57
     Process 1 started calculating ia=2848
                                            [WORKER  2] ia=2846, thermal , zout=65.5, eup=  284.78
     Process 2 started calculating ia=2849
                                            [WORKER  2] ia=2849, thermal , zout=65.5, eup=  283.63
     Process 2 started calculating ia=2850
                                            [WORKER  3] ia=2847, thermal , zout=65.5, eup=  283.84
     Process 3 started calculating ia=2851
                                            [WORKER  1] ia=2848, thermal , zout=65.5, eup=  283.68
     Process 1 started calculating ia=2852
                                            [WORKER  3] ia=2851, thermal , zout=65.4, eup=  279.56
     Process 3 started calculating ia=2853
                                            [WORKER  1] ia=2852, thermal , zout=65.4, eup=  278.10
     Process 1 started calculating ia=2854
                                            [WORKER  2] ia=2850, thermal , zout=65.5, eup=  283.97
     Process 2 started calculating ia=2855
                                            [WORKER  1] ia=2854, thermal , zout=65.4, eup=  279.36
     Process 1 started calculating ia=2856
                                            [WORKER  3] ia=2853, thermal , zout=65.4, eup=  277.06
     Process 3 started calculating ia=2857
                                            [WORKER  2] ia=2855, thermal , zout=65.4, eup=  277.84
     Process 2 started calculating ia=2858
                                            [WORKER  1] ia=2856, thermal , zout=65.4, eup=  278.69
     Process 1 started calculating ia=2859
                                            [WORKER  2] ia=2858, thermal , zout=65.4, eup=  279.84
     Process 2 started calculating ia=2860
                                            [WORKER  3] ia=2857, thermal , zout=65.4, eup=  279.47
     Process 3 started calculating ia=2861
                                            [WORKER  2] ia=2860, thermal , zout=65.4, eup=  277.26
                                            [WORKER  1] ia=2859, thermal , zout=65.4, eup=  277.00
     Process 1 started calculating ia=2862
     Process 2 started calculating ia=2863
                                            [WORKER  3] ia=2861, thermal , zout=65.4, eup=  266.89
     Process 3 started calculating ia=2864
                                            [WORKER  1] ia=2862, thermal , zout=65.4, eup=  281.22
     Process 1 started calculating ia=2865
                                            [WORKER  3] ia=2864, thermal , zout=65.4, eup=  278.59
     Process 3 started calculating ia=2866
                                            [WORKER  2] ia=2863, thermal , zout=65.4, eup=  258.54
     Process 2 started calculating ia=2867
                                            [WORKER  1] ia=2865, thermal , zout=65.4, eup=  260.27
     Process 1 started calculating ia=2868
                                            [WORKER  2] ia=2867, thermal , zout=65.4, eup=  275.39
     Process 2 started calculating ia=2869
                                            [WORKER  3] ia=2866, thermal , zout=65.4, eup=  267.33
     Process 3 started calculating ia=2870
                                            [WORKER  1] ia=2868, thermal , zout=65.4, eup=  268.19
     Process 1 started calculating ia=2871
                                            [WORKER  3] ia=2870, thermal , zout=65.4, eup=  277.68
     Process 3 started calculating ia=2872
                                            [WORKER  2] ia=2869, thermal , zout=65.4, eup=  275.23
     Process 2 started calculating ia=2873
                                            [WORKER  3] ia=2872, thermal , zout=65.4, eup=  265.73
     Process 3 started calculating ia=2874
                                            [WORKER  1] ia=2871, thermal , zout=65.4, eup=  272.93
     Process 1 started calculating ia=2875
                                            [WORKER  2] ia=2873, thermal , zout=65.4, eup=  255.10
     Process 2 started calculating ia=2876
                                            [WORKER  3] ia=2874, thermal , zout=65.4, eup=  266.98
     Process 3 started calculating ia=2877
                                            [WORKER  2] ia=2876, thermal , zout=65.4, eup=  262.62
     Process 2 started calculating ia=2878
                                            [WORKER  1] ia=2875, thermal , zout=65.4, eup=  267.93
     Process 1 started calculating ia=2879
                                            [WORKER  3] ia=2877, thermal , zout=65.4, eup=  264.12
     Process 3 started calculating ia=2880
                                            [WORKER  1] ia=2879, thermal , zout=65.4, eup=  263.14
     Process 1 started calculating ia=2881
                                            [WORKER  2] ia=2878, thermal , zout=65.4, eup=  265.47
     Process 2 started calculating ia=2882
                                            [WORKER  3] ia=2880, thermal , zout=65.5, eup=  272.76
     Process 3 started calculating ia=2883
                                            [WORKER  1] ia=2881, thermal , zout=65.5, eup=  276.24
     Process 1 started calculating ia=2884
                                            [WORKER  2] ia=2882, thermal , zout=65.5, eup=  270.53
     Process 2 started calculating ia=2885
                                            [WORKER  1] ia=2884, thermal , zout=65.5, eup=  268.07
     Process 1 started calculating ia=2886
                                            [WORKER  3] ia=2883, thermal , zout=65.5, eup=  264.92
     Process 3 started calculating ia=2887
                                            [WORKER  2] ia=2885, thermal , zout=65.5, eup=  269.98
     Process 2 started calculating ia=2888
                                            [WORKER  1] ia=2886, thermal , zout=65.5, eup=  261.88
     Process 1 started calculating ia=2889
                                            [WORKER  2] ia=2888, thermal , zout=65.5, eup=  261.57
     Process 2 started calculating ia=2890
                                            [WORKER  3] ia=2887, thermal , zout=65.5, eup=  265.84
     Process 3 started calculating ia=2891
                                            [WORKER  1] ia=2889, thermal , zout=65.5, eup=  267.02
     Process 1 started calculating ia=2892
                                            [WORKER  2] ia=2890, thermal , zout=65.5, eup=  271.86
     Process 2 started calculating ia=2893
                                            [WORKER  3] ia=2891, thermal , zout=65.5, eup=  264.76
     Process 3 started calculating ia=2894
                                            [WORKER  3] ia=2894, thermal , zout=65.5, eup=  276.65
     Process 3 started calculating ia=2895
                                            [WORKER  1] ia=2892, thermal , zout=65.5, eup=  261.35
     Process 1 started calculating ia=2896
                                            [WORKER  2] ia=2893, thermal , zout=65.5, eup=  265.91
     Process 2 started calculating ia=2897
                                            [WORKER  1] ia=2896, thermal , zout=65.5, eup=  264.26
     Process 1 started calculating ia=2898
                                            [WORKER  2] ia=2897, thermal , zout=65.5, eup=  253.29
     Process 2 started calculating ia=2899
                                            [WORKER  3] ia=2895, thermal , zout=65.5, eup=  262.80
     Process 3 started calculating ia=2900
                                            [WORKER  3] ia=2900, thermal , zout=65.4, eup=  259.33
     Process 3 started calculating ia=2901
                                            [WORKER  2] ia=2899, thermal , zout=65.4, eup=  259.09
     Process 2 started calculating ia=2902
                                            [WORKER  1] ia=2898, thermal , zout=65.5, eup=  250.57
     Process 1 started calculating ia=2903
                                            [WORKER  1] ia=2903, thermal , zout=65.4, eup=  263.32
     Process 1 started calculating ia=2904
                                            [WORKER  2] ia=2902, thermal , zout=65.4, eup=  265.03
     Process 2 started calculating ia=2905
                                            [WORKER  3] ia=2901, thermal , zout=65.4, eup=  257.85
     Process 3 started calculating ia=2906
                                            [WORKER  3] ia=2906, thermal , zout=65.4, eup=  266.88
     Process 3 started calculating ia=2907
                                            [WORKER  1] ia=2904, thermal , zout=65.4, eup=  274.08
     Process 1 started calculating ia=2908
                                            [WORKER  2] ia=2905, thermal , zout=65.5, eup=  268.92
     Process 2 started calculating ia=2909
                                            [WORKER  3] ia=2907, thermal , zout=65.5, eup=  268.32
     Process 3 started calculating ia=2910
                                            [WORKER  1] ia=2908, thermal , zout=65.5, eup=  227.29
     Process 1 started calculating ia=2911
                                            [WORKER  2] ia=2909, thermal , zout=65.5, eup=  275.03
     Process 2 started calculating ia=2912
                                            [WORKER  2] ia=2912, thermal , zout=65.5, eup=  266.30
     Process 2 started calculating ia=2913
                                            [WORKER  1] ia=2911, thermal , zout=65.5, eup=  269.90
     Process 1 started calculating ia=2914
                                            [WORKER  3] ia=2910, thermal , zout=65.5, eup=  257.96
     Process 3 started calculating ia=2915
                                            [WORKER  3] ia=2915, thermal , zout=65.5, eup=  272.43
     Process 3 started calculating ia=2916
                                            [WORKER  1] ia=2914, thermal , zout=65.5, eup=  275.83
     Process 1 started calculating ia=2917
                                            [WORKER  2] ia=2913, thermal , zout=65.5, eup=  276.12
     Process 2 started calculating ia=2918
                                            [WORKER  3] ia=2916, thermal , zout=65.5, eup=  271.87
     Process 3 started calculating ia=2919
                                            [WORKER  1] ia=2917, thermal , zout=65.5, eup=  266.52
     Process 1 started calculating ia=2920
                                            [WORKER  2] ia=2918, thermal , zout=65.5, eup=  274.89
     Process 2 started calculating ia=2921
                                            [WORKER  3] ia=2919, thermal , zout=65.5, eup=  278.09
     Process 3 started calculating ia=2922
                                            [WORKER  2] ia=2921, thermal , zout=65.5, eup=  269.33
     Process 2 started calculating ia=2923
                                            [WORKER  1] ia=2920, thermal , zout=65.5, eup=  274.95
     Process 1 started calculating ia=2924
                                            [WORKER  3] ia=2922, thermal , zout=65.5, eup=  269.71
     Process 3 started calculating ia=2925
                                            [WORKER  2] ia=2923, thermal , zout=65.5, eup=  267.27
     Process 2 started calculating ia=2926
                                            [WORKER  1] ia=2924, thermal , zout=65.5, eup=  268.45
     Process 1 started calculating ia=2927
                                            [WORKER  3] ia=2925, thermal , zout=65.5, eup=  276.82
     Process 3 started calculating ia=2928
                                            [WORKER  1] ia=2927, thermal , zout=65.4, eup=  266.63
     Process 1 started calculating ia=2929
                                            [WORKER  2] ia=2926, thermal , zout=65.5, eup=  267.15
     Process 2 started calculating ia=2930
                                            [WORKER  3] ia=2928, thermal , zout=65.4, eup=  268.97
     Process 3 started calculating ia=2931
                                            [WORKER  1] ia=2929, thermal , zout=65.4, eup=  262.53
     Process 1 started calculating ia=2932
                                            [WORKER  2] ia=2930, thermal , zout=65.4, eup=  274.40
     Process 2 started calculating ia=2933
                                            [WORKER  3] ia=2931, thermal , zout=65.4, eup=  271.48
     Process 3 started calculating ia=2934
                                            [WORKER  1] ia=2932, thermal , zout=65.4, eup=  268.79
     Process 1 started calculating ia=2935
                                            [WORKER  2] ia=2933, thermal , zout=65.4, eup=  277.68
     Process 2 started calculating ia=2936
                                            [WORKER  3] ia=2934, thermal , zout=65.4, eup=  276.75
     Process 3 started calculating ia=2937
                                            [WORKER  1] ia=2935, thermal , zout=65.4, eup=  274.64
     Process 1 started calculating ia=2938
                                            [WORKER  2] ia=2936, thermal , zout=65.4, eup=  274.16
     Process 2 started calculating ia=2939
                                            [WORKER  2] ia=2939, thermal , zout=65.4, eup=  280.28
     Process 2 started calculating ia=2940
                                            [WORKER  1] ia=2938, thermal , zout=65.4, eup=  277.37
     Process 1 started calculating ia=2941
                                            [WORKER  3] ia=2937, thermal , zout=65.4, eup=  276.03
     Process 3 started calculating ia=2942
                                            [WORKER  1] ia=2941, thermal , zout=65.4, eup=  278.02
     Process 1 started calculating ia=2943
                                            [WORKER  2] ia=2940, thermal , zout=65.4, eup=  276.88
     Process 2 started calculating ia=2944
                                            [WORKER  3] ia=2942, thermal , zout=65.4, eup=  274.72
     Process 3 started calculating ia=2945
                                            [WORKER  1] ia=2943, thermal , zout=65.4, eup=  275.38
     Process 1 started calculating ia=2946
                                            [WORKER  2] ia=2944, thermal , zout=65.4, eup=  278.49
     Process 2 started calculating ia=2947
                                            [WORKER  3] ia=2945, thermal , zout=65.4, eup=  273.68
     Process 3 started calculating ia=2948
                                            [WORKER  3] ia=2948, thermal , zout=65.4, eup=  278.23
     Process 3 started calculating ia=2949
                                            [WORKER  1] ia=2946, thermal , zout=65.4, eup=  276.38
     Process 1 started calculating ia=2950
                                            [WORKER  2] ia=2947, thermal , zout=65.4, eup=  276.77
     Process 2 started calculating ia=2951
                                            [WORKER  2] ia=2951, thermal , zout=65.4, eup=  274.97
     Process 2 started calculating ia=2952
                                            [WORKER  1] ia=2950, thermal , zout=65.4, eup=  274.85
     Process 1 started calculating ia=2953
                                            [WORKER  3] ia=2949, thermal , zout=65.4, eup=  280.07
     Process 3 started calculating ia=2954
                                            [WORKER  3] ia=2954, thermal , zout=65.4, eup=  277.98
     Process 3 started calculating ia=2955
                                            [WORKER  2] ia=2952, thermal , zout=65.4, eup=  277.60
     Process 2 started calculating ia=2956
                                            [WORKER  1] ia=2953, thermal , zout=65.4, eup=  280.15
     Process 1 started calculating ia=2957
                                            [WORKER  1] ia=2957, thermal , zout=65.4, eup=  282.78
     Process 1 started calculating ia=2958
                                            [WORKER  2] ia=2956, thermal , zout=65.4, eup=  283.28
     Process 2 started calculating ia=2959
                                            [WORKER  3] ia=2955, thermal , zout=65.4, eup=  273.09
     Process 3 started calculating ia=2960
                                            [WORKER  2] ia=2959, thermal , zout=65.4, eup=  267.92
     Process 2 started calculating ia=2961
                                            [WORKER  3] ia=2960, thermal , zout=65.4, eup=  271.84
     Process 3 started calculating ia=2962
                                            [WORKER  1] ia=2958, thermal , zout=65.4, eup=  282.01
     Process 1 started calculating ia=2963
                                            [WORKER  1] ia=2963, thermal , zout=65.4, eup=  277.53
     Process 1 started calculating ia=2964
                                            [WORKER  2] ia=2961, thermal , zout=65.4, eup=  279.44
     Process 2 started calculating ia=2965
                                            [WORKER  3] ia=2962, thermal , zout=65.4, eup=  275.13
     Process 3 started calculating ia=2966
                                            [WORKER  1] ia=2964, thermal , zout=65.4, eup=  276.05
     Process 1 started calculating ia=2967
                                            [WORKER  3] ia=2966, thermal , zout=65.4, eup=  284.33
     Process 3 started calculating ia=2968
                                            [WORKER  2] ia=2965, thermal , zout=65.4, eup=  268.14
     Process 2 started calculating ia=2969
                                            [WORKER  1] ia=2967, thermal , zout=65.4, eup=  277.85
     Process 1 started calculating ia=2970
                                            [WORKER  3] ia=2968, thermal , zout=65.4, eup=  281.78
     Process 3 started calculating ia=2971
                                            [WORKER  2] ia=2969, thermal , zout=65.4, eup=  275.44
     Process 2 started calculating ia=2972
                                            [WORKER  1] ia=2970, thermal , zout=65.4, eup=  277.83
     Process 1 started calculating ia=2973
                                            [WORKER  2] ia=2972, thermal , zout=65.4, eup=  280.33
     Process 2 started calculating ia=2974
                                            [WORKER  3] ia=2971, thermal , zout=65.4, eup=  279.52
     Process 3 started calculating ia=2975
                                            [WORKER  1] ia=2973, thermal , zout=65.4, eup=  277.83
     Process 1 started calculating ia=2976
                                            [WORKER  2] ia=2974, thermal , zout=65.4, eup=  271.06
     Process 2 started calculating ia=2977
                                            [WORKER  3] ia=2975, thermal , zout=65.4, eup=  281.36
     Process 3 started calculating ia=2978
                                            [WORKER  1] ia=2976, thermal , zout=65.4, eup=  282.11
     Process 1 started calculating ia=2979
                                            [WORKER  3] ia=2978, thermal , zout=65.4, eup=  269.64
     Process 3 started calculating ia=2980
                                            [WORKER  2] ia=2977, thermal , zout=65.4, eup=  278.81
     Process 2 started calculating ia=2981
                                            [WORKER  1] ia=2979, thermal , zout=65.4, eup=  277.30
     Process 1 started calculating ia=2982
                                            [WORKER  3] ia=2980, thermal , zout=65.4, eup=  282.59
     Process 3 started calculating ia=2983
                                            [WORKER  2] ia=2981, thermal , zout=65.3, eup=  275.51
     Process 2 started calculating ia=2984
                                            [WORKER  1] ia=2982, thermal , zout=65.3, eup=  253.90
     Process 1 started calculating ia=2985
                                            [WORKER  2] ia=2984, thermal , zout=65.3, eup=  276.77
     Process 2 started calculating ia=2986
                                            [WORKER  3] ia=2983, thermal , zout=65.3, eup=  267.70
     Process 3 started calculating ia=2987
                                            [WORKER  1] ia=2985, thermal , zout=65.3, eup=  275.17
     Process 1 started calculating ia=2988
                                            [WORKER  2] ia=2986, thermal , zout=65.3, eup=  270.10
     Process 2 started calculating ia=2989
                                            [WORKER  3] ia=2987, thermal , zout=65.3, eup=  276.37
     Process 3 started calculating ia=2990
                                            [WORKER  1] ia=2988, thermal , zout=65.3, eup=  284.79
     Process 1 started calculating ia=2991
                                            [WORKER  2] ia=2989, thermal , zout=65.3, eup=  281.17
     Process 2 started calculating ia=2992
                                            [WORKER  3] ia=2990, thermal , zout=65.3, eup=  282.76
     Process 3 started calculating ia=2993
                                            [WORKER  2] ia=2992, thermal , zout=65.3, eup=  280.94
     Process 2 started calculating ia=2994
                                            [WORKER  1] ia=2991, thermal , zout=65.3, eup=  272.63
     Process 1 started calculating ia=2995
                                            [WORKER  3] ia=2993, thermal , zout=65.3, eup=  280.65
     Process 3 started calculating ia=2996
                                            [WORKER  1] ia=2995, thermal , zout=65.3, eup=  277.47
     Process 1 started calculating ia=2997
                                            [WORKER  3] ia=2996, thermal , zout=65.3, eup=  273.49
     Process 3 started calculating ia=2998
                                            [WORKER  2] ia=2994, thermal , zout=65.3, eup=  278.76
     Process 2 started calculating ia=2999
                                            [WORKER  1] ia=2997, thermal , zout=65.3, eup=  282.32
     Process 1 started calculating ia=3000
                                            [WORKER  2] ia=2999, thermal , zout=65.3, eup=  283.33
     Process 2 started calculating ia=3001
                                            [WORKER  3] ia=2998, thermal , zout=65.3, eup=  279.57
     Process 3 started calculating ia=3002
                                            [WORKER  1] ia=3000, thermal , zout=65.3, eup=  285.02
     Process 1 started calculating ia=3003
                                            [WORKER  2] ia=3001, thermal , zout=65.3, eup=  282.75
     Process 2 started calculating ia=3004
                                            [WORKER  3] ia=3002, thermal , zout=65.3, eup=  281.34
     Process 3 started calculating ia=3005
                                            [WORKER  1] ia=3003, thermal , zout=65.3, eup=  273.57
     Process 1 started calculating ia=3006
                                            [WORKER  2] ia=3004, thermal , zout=65.3, eup=  281.86
     Process 2 started calculating ia=3007
                                            [WORKER  3] ia=3005, thermal , zout=65.3, eup=  281.42
     Process 3 started calculating ia=3008
                                            [WORKER  1] ia=3006, thermal , zout=65.3, eup=  275.23
     Process 1 started calculating ia=3009
                                            [WORKER  2] ia=3007, thermal , zout=65.3, eup=  274.72
                                            [WORKER  3] ia=3008, thermal , zout=65.3, eup=  279.42
     Process 2 started calculating ia=3010
     Process 3 started calculating ia=3011
                                            [WORKER  1] ia=3009, thermal , zout=65.3, eup=  281.10
     Process 1 started calculating ia=3012
                                            [WORKER  3] ia=3011, thermal , zout=65.3, eup=  275.99
     Process 3 started calculating ia=3013
                                            [WORKER  2] ia=3010, thermal , zout=65.3, eup=  276.30
     Process 2 started calculating ia=3014
                                            [WORKER  2] ia=3014, thermal , zout=65.3, eup=  263.04
     Process 2 started calculating ia=3015
                                            [WORKER  3] ia=3013, thermal , zout=65.3, eup=  277.52
     Process 3 started calculating ia=3016
                                            [WORKER  1] ia=3012, thermal , zout=65.3, eup=  284.61
     Process 1 started calculating ia=3017
                                            [WORKER  2] ia=3015, thermal , zout=65.3, eup=  282.29
     Process 2 started calculating ia=3018
                                            [WORKER  1] ia=3017, thermal , zout=65.3, eup=  281.10
     Process 1 started calculating ia=3019
                                            [WORKER  3] ia=3016, thermal , zout=65.3, eup=  285.82
     Process 3 started calculating ia=3020
                                            [WORKER  3] ia=3020, thermal , zout=65.3, eup=  278.72
     Process 3 started calculating ia=3021
                                            [WORKER  2] ia=3018, thermal , zout=65.3, eup=  278.00
     Process 2 started calculating ia=3022
                                            [WORKER  1] ia=3019, thermal , zout=65.3, eup=  276.14
     Process 1 started calculating ia=3023
                                            [WORKER  3] ia=3021, thermal , zout=65.3, eup=  273.73
     Process 3 started calculating ia=3024
                                            [WORKER  2] ia=3022, thermal , zout=65.3, eup=  282.95
     Process 2 started calculating ia=3025
                                            [WORKER  1] ia=3023, thermal , zout=65.3, eup=  280.61
     Process 1 started calculating ia=3026
                                            [WORKER  3] ia=3024, thermal , zout=65.3, eup=  275.80
     Process 3 started calculating ia=3027
                                            [WORKER  2] ia=3025, thermal , zout=65.3, eup=  275.32
     Process 2 started calculating ia=3028
                                            [WORKER  1] ia=3026, thermal , zout=65.3, eup=  277.82
     Process 1 started calculating ia=3029
                                            [WORKER  3] ia=3027, thermal , zout=65.3, eup=  256.53
     Process 3 started calculating ia=3030
                                            [WORKER  2] ia=3028, thermal , zout=65.3, eup=  265.24
     Process 2 started calculating ia=3031
                                            [WORKER  1] ia=3029, thermal , zout=65.3, eup=  281.63
     Process 1 started calculating ia=3032
                                            [WORKER  1] ia=3032, thermal , zout=65.3, eup=  280.82
     Process 1 started calculating ia=3033
                                            [WORKER  3] ia=3030, thermal , zout=65.3, eup=  255.66
     Process 3 started calculating ia=3034
                                            [WORKER  2] ia=3031, thermal , zout=65.3, eup=  283.98
     Process 2 started calculating ia=3035
                                            [WORKER  3] ia=3034, thermal , zout=65.3, eup=  282.59
     Process 3 started calculating ia=3036
                                            [WORKER  1] ia=3033, thermal , zout=65.3, eup=  286.11
     Process 1 started calculating ia=3037
                                            [WORKER  2] ia=3035, thermal , zout=65.3, eup=  287.14
     Process 2 started calculating ia=3038
                                            [WORKER  3] ia=3036, thermal , zout=65.3, eup=  287.78
     Process 3 started calculating ia=3039
                                            [WORKER  1] ia=3037, thermal , zout=65.3, eup=  280.61
     Process 1 started calculating ia=3040
                                            [WORKER  2] ia=3038, thermal , zout=65.3, eup=  294.44
     Process 2 started calculating ia=3041
                                            [WORKER  3] ia=3039, thermal , zout=65.3, eup=  289.44
     Process 3 started calculating ia=3042
                                            [WORKER  1] ia=3040, thermal , zout=65.3, eup=  280.32
     Process 1 started calculating ia=3043
                                            [WORKER  2] ia=3041, thermal , zout=65.3, eup=  279.56
     Process 2 started calculating ia=3044
                                            [WORKER  3] ia=3042, thermal , zout=65.2, eup=  282.36
     Process 3 started calculating ia=3045
                                            [WORKER  1] ia=3043, thermal , zout=65.2, eup=  283.30
     Process 1 started calculating ia=3046
                                            [WORKER  2] ia=3044, thermal , zout=65.2, eup=  286.94
     Process 2 started calculating ia=3047
                                            [WORKER  1] ia=3046, thermal , zout=65.2, eup=  284.78
     Process 1 started calculating ia=3048
                                            [WORKER  3] ia=3045, thermal , zout=65.2, eup=  282.35
     Process 3 started calculating ia=3049
                                            [WORKER  2] ia=3047, thermal , zout=65.2, eup=  278.95
     Process 2 started calculating ia=3050
                                            [WORKER  1] ia=3048, thermal , zout=65.2, eup=  277.45
     Process 1 started calculating ia=3051
                                            [WORKER  3] ia=3049, thermal , zout=65.2, eup=  275.50
     Process 3 started calculating ia=3052
                                            [WORKER  2] ia=3050, thermal , zout=65.2, eup=  287.97
     Process 2 started calculating ia=3053
                                            [WORKER  1] ia=3051, thermal , zout=65.2, eup=  277.20
     Process 1 started calculating ia=3054
                                            [WORKER  2] ia=3053, thermal , zout=65.3, eup=  270.16
     Process 2 started calculating ia=3055
                                            [WORKER  3] ia=3052, thermal , zout=65.3, eup=  279.31
     Process 3 started calculating ia=3056
                                            [WORKER  2] ia=3055, thermal , zout=65.3, eup=  289.22
     Process 2 started calculating ia=3057
                                            [WORKER  1] ia=3054, thermal , zout=65.3, eup=  289.84
     Process 1 started calculating ia=3058
                                            [WORKER  3] ia=3056, thermal , zout=65.3, eup=  287.05
     Process 3 started calculating ia=3059
                                            [WORKER  2] ia=3057, thermal , zout=65.3, eup=  276.93
     Process 2 started calculating ia=3060
                                            [WORKER  1] ia=3058, thermal , zout=65.3, eup=  285.19
     Process 1 started calculating ia=3061
                                            [WORKER  3] ia=3059, thermal , zout=65.3, eup=  287.34
     Process 3 started calculating ia=3062
                                            [WORKER  2] ia=3060, thermal , zout=65.2, eup=  274.68
     Process 2 started calculating ia=3063
                                            [WORKER  1] ia=3061, thermal , zout=65.2, eup=  276.57
     Process 1 started calculating ia=3064
                                            [WORKER  3] ia=3062, thermal , zout=65.2, eup=  274.71
     Process 3 started calculating ia=3065
                                            [WORKER  2] ia=3063, thermal , zout=65.2, eup=  280.63
     Process 2 started calculating ia=3066
                                            [WORKER  1] ia=3064, thermal , zout=65.2, eup=  266.14
     Process 1 started calculating ia=3067
                                            [WORKER  3] ia=3065, thermal , zout=65.2, eup=  280.42
     Process 3 started calculating ia=3068
                                            [WORKER  2] ia=3066, thermal , zout=65.2, eup=  284.13
     Process 2 started calculating ia=3069
                                            [WORKER  1] ia=3067, thermal , zout=65.2, eup=  281.29
     Process 1 started calculating ia=3070
                                            [WORKER  3] ia=3068, thermal , zout=65.2, eup=  283.67
     Process 3 started calculating ia=3071
                                            [WORKER  2] ia=3069, thermal , zout=65.2, eup=  283.72
     Process 2 started calculating ia=3072
                                            [WORKER  1] ia=3070, thermal , zout=65.2, eup=  281.48
     Process 1 started calculating ia=3073
                                            [WORKER  3] ia=3071, thermal , zout=65.2, eup=  279.47
     Process 3 started calculating ia=3074
                                            [WORKER  2] ia=3072, thermal , zout=65.2, eup=  286.63
     Process 2 started calculating ia=3075
                                            [WORKER  1] ia=3073, thermal , zout=65.2, eup=  285.58
     Process 1 started calculating ia=3076
                                            [WORKER  3] ia=3074, thermal , zout=65.2, eup=  287.50
     Process 3 started calculating ia=3077
                                            [WORKER  1] ia=3076, thermal , zout=65.2, eup=  288.15
     Process 1 started calculating ia=3078
                                            [WORKER  2] ia=3075, thermal , zout=65.2, eup=  289.23
     Process 2 started calculating ia=3079
                                            [WORKER  3] ia=3077, thermal , zout=65.2, eup=  279.18
     Process 3 started calculating ia=3080
                                            [WORKER  1] ia=3078, thermal , zout=65.2, eup=  284.26
                                            [WORKER  2] ia=3079, thermal , zout=65.2, eup=  280.73
     Process 1 started calculating ia=3081
     Process 2 started calculating ia=3082
                                            [WORKER  3] ia=3080, thermal , zout=65.2, eup=  278.08
     Process 3 started calculating ia=3083
                                            [WORKER  3] ia=3083, thermal , zout=65.1, eup=  282.09
     Process 3 started calculating ia=3084
                                            [WORKER  1] ia=3081, thermal , zout=65.1, eup=  281.56
     Process 1 started calculating ia=3085
                                            [WORKER  2] ia=3082, thermal , zout=65.1, eup=  286.20
     Process 2 started calculating ia=3086
                                            [WORKER  1] ia=3085, thermal , zout=65.1, eup=  284.10
     Process 1 started calculating ia=3087
                                            [WORKER  3] ia=3084, thermal , zout=65.1, eup=  281.34
     Process 3 started calculating ia=3088
                                            [WORKER  2] ia=3086, thermal , zout=65.1, eup=  282.67
     Process 2 started calculating ia=3089
                                            [WORKER  1] ia=3087, thermal , zout=65.1, eup=  282.28
     Process 1 started calculating ia=3090
                                            [WORKER  3] ia=3088, thermal , zout=65.1, eup=  283.68
     Process 3 started calculating ia=3091
                                            [WORKER  2] ia=3089, thermal , zout=65.1, eup=  283.91
     Process 2 started calculating ia=3092
                                            [WORKER  1] ia=3090, thermal , zout=65.1, eup=  284.63
     Process 1 started calculating ia=3093
                                            [WORKER  2] ia=3092, thermal , zout=65.2, eup=  267.73
     Process 2 started calculating ia=3094
                                            [WORKER  3] ia=3091, thermal , zout=65.1, eup=  283.78
     Process 3 started calculating ia=3095
                                            [WORKER  1] ia=3093, thermal , zout=65.2, eup=  283.16
     Process 1 started calculating ia=3096
                                            [WORKER  2] ia=3094, thermal , zout=65.2, eup=  280.26
     Process 2 started calculating ia=3097
                                            [WORKER  3] ia=3095, thermal , zout=65.2, eup=  283.03
     Process 3 started calculating ia=3098
                                            [WORKER  3] ia=3098, thermal , zout=65.2, eup=  283.23
     Process 3 started calculating ia=3099
                                            [WORKER  1] ia=3096, thermal , zout=65.2, eup=  282.48
     Process 1 started calculating ia=3100
                                            [WORKER  2] ia=3097, thermal , zout=65.2, eup=  284.07
     Process 2 started calculating ia=3101
                                            [WORKER  2] ia=3101, thermal , zout=65.2, eup=  280.98
     Process 2 started calculating ia=3102
                                            [WORKER  3] ia=3099, thermal , zout=65.2, eup=  282.61
     Process 3 started calculating ia=3103
                                            [WORKER  1] ia=3100, thermal , zout=65.2, eup=  276.35
     Process 1 started calculating ia=3104
                                            [WORKER  2] ia=3102, thermal , zout=65.2, eup=  283.58
     Process 2 started calculating ia=3105
                                            [WORKER  3] ia=3103, thermal , zout=65.1, eup=  284.65
     Process 3 started calculating ia=3106
                                            [WORKER  1] ia=3104, thermal , zout=65.1, eup=  258.52
     Process 1 started calculating ia=3107
                                            [WORKER  2] ia=3105, thermal , zout=65.1, eup=  285.51
     Process 2 started calculating ia=3108
                                            [WORKER  3] ia=3106, thermal , zout=65.1, eup=  286.03
     Process 3 started calculating ia=3109
                                            [WORKER  1] ia=3107, thermal , zout=65.1, eup=  280.72
     Process 1 started calculating ia=3110
                                            [WORKER  2] ia=3108, thermal , zout=65.1, eup=  288.09
     Process 2 started calculating ia=3111
                                            [WORKER  3] ia=3109, thermal , zout=65.1, eup=  286.75
     Process 3 started calculating ia=3112
                                            [WORKER  1] ia=3110, thermal , zout=65.1, eup=  286.33
     Process 1 started calculating ia=3113
                                            [WORKER  2] ia=3111, thermal , zout=65.1, eup=  285.58
     Process 2 started calculating ia=3114
                                            [WORKER  3] ia=3112, thermal , zout=65.1, eup=  286.07
     Process 3 started calculating ia=3115
                                            [WORKER  1] ia=3113, thermal , zout=65.1, eup=  288.09
     Process 1 started calculating ia=3116
                                            [WORKER  2] ia=3114, thermal , zout=65.1, eup=  280.24
     Process 2 started calculating ia=3117
                                            [WORKER  3] ia=3115, thermal , zout=65.1, eup=  282.83
     Process 3 started calculating ia=3118
                                            [WORKER  1] ia=3116, thermal , zout=65.1, eup=  286.93
     Process 1 started calculating ia=3119
                                            [WORKER  2] ia=3117, thermal , zout=65.1, eup=  287.01
     Process 2 started calculating ia=3120
                                            [WORKER  3] ia=3118, thermal , zout=65.1, eup=  288.94
     Process 3 started calculating ia=3121
                                            [WORKER  1] ia=3119, thermal , zout=65.1, eup=  286.90
     Process 1 started calculating ia=3122
                                            [WORKER  2] ia=3120, thermal , zout=65.1, eup=  279.55
     Process 2 started calculating ia=3123
                                            [WORKER  3] ia=3121, thermal , zout=65.1, eup=  287.44
     Process 3 started calculating ia=3124
                                            [WORKER  1] ia=3122, thermal , zout=65.1, eup=  278.55
     Process 1 started calculating ia=3125
                                            [WORKER  2] ia=3123, thermal , zout=65.0, eup=  282.00
     Process 2 started calculating ia=3126
                                            [WORKER  3] ia=3124, thermal , zout=65.1, eup=  278.13
     Process 3 started calculating ia=3127
                                            [WORKER  1] ia=3125, thermal , zout=65.1, eup=  283.21
     Process 1 started calculating ia=3128
                                            [WORKER  2] ia=3126, thermal , zout=65.1, eup=  288.39
     Process 2 started calculating ia=3129
                                            [WORKER  1] ia=3128, thermal , zout=65.1, eup=  284.76
     Process 1 started calculating ia=3130
                                            [WORKER  3] ia=3127, thermal , zout=65.1, eup=  289.53
     Process 3 started calculating ia=3131
                                            [WORKER  2] ia=3129, thermal , zout=65.1, eup=  288.29
     Process 2 started calculating ia=3132
                                            [WORKER  3] ia=3131, thermal , zout=65.1, eup=  289.07
     Process 3 started calculating ia=3133
                                            [WORKER  1] ia=3130, thermal , zout=65.1, eup=  285.66
     Process 1 started calculating ia=3134
                                            [WORKER  2] ia=3132, thermal , zout=65.1, eup=  288.97
     Process 2 started calculating ia=3135
                                            [WORKER  1] ia=3134, thermal , zout=65.1, eup=  286.34
     Process 1 started calculating ia=3136
                                            [WORKER  3] ia=3133, thermal , zout=65.1, eup=  288.03
     Process 3 started calculating ia=3137
                                            [WORKER  2] ia=3135, thermal , zout=65.2, eup=  284.63
     Process 2 started calculating ia=3138
                                            [WORKER  1] ia=3136, thermal , zout=65.2, eup=  285.08
     Process 1 started calculating ia=3139
                                            [WORKER  3] ia=3137, thermal , zout=65.2, eup=  290.49
     Process 3 started calculating ia=3140
                                            [WORKER  2] ia=3138, thermal , zout=65.2, eup=  291.12
     Process 2 started calculating ia=3141
                                            [WORKER  3] ia=3140, thermal , zout=65.2, eup=  285.49
     Process 3 started calculating ia=3142
                                            [WORKER  1] ia=3139, thermal , zout=65.2, eup=  287.03
     Process 1 started calculating ia=3143
                                            [WORKER  2] ia=3141, thermal , zout=65.2, eup=  290.94
     Process 2 started calculating ia=3144
                                            [WORKER  3] ia=3142, thermal , zout=65.2, eup=  288.98
     Process 3 started calculating ia=3145
                                            [WORKER  1] ia=3143, thermal , zout=65.2, eup=  283.31
     Process 1 started calculating ia=3146
                                            [WORKER  2] ia=3144, thermal , zout=65.2, eup=  290.20
     Process 2 started calculating ia=3147
                                            [WORKER  1] ia=3146, thermal , zout=65.1, eup=  296.85
     Process 1 started calculating ia=3148
                                            [WORKER  3] ia=3145, thermal , zout=65.2, eup=  293.89
     Process 3 started calculating ia=3149
                                            [WORKER  2] ia=3147, thermal , zout=65.1, eup=  288.50
     Process 2 started calculating ia=3150
                                            [WORKER  1] ia=3148, thermal , zout=65.2, eup=  277.99
     Process 1 started calculating ia=3151
                                            [WORKER  3] ia=3149, thermal , zout=65.2, eup=  285.04
     Process 3 started calculating ia=3152
                                            [WORKER  2] ia=3150, thermal , zout=65.2, eup=  283.25
     Process 2 started calculating ia=3153
                                            [WORKER  1] ia=3151, thermal , zout=65.2, eup=  293.97
     Process 1 started calculating ia=3154
                                            [WORKER  3] ia=3152, thermal , zout=65.2, eup=  293.41
     Process 3 started calculating ia=3155
                                            [WORKER  2] ia=3153, thermal , zout=65.2, eup=  290.43
     Process 2 started calculating ia=3156
                                            [WORKER  1] ia=3154, thermal , zout=65.2, eup=  294.74
     Process 1 started calculating ia=3157
                                            [WORKER  3] ia=3155, thermal , zout=65.2, eup=  290.21
     Process 3 started calculating ia=3158
                                            [WORKER  2] ia=3156, thermal , zout=65.2, eup=  293.71
     Process 2 started calculating ia=3159
                                            [WORKER  3] ia=3158, thermal , zout=65.2, eup=  295.43
     Process 3 started calculating ia=3160
                                            [WORKER  1] ia=3157, thermal , zout=65.2, eup=  296.51
     Process 1 started calculating ia=3161
                                            [WORKER  2] ia=3159, thermal , zout=65.2, eup=  293.27
     Process 2 started calculating ia=3162
                                            [WORKER  1] ia=3161, thermal , zout=65.0, eup=  289.86
     Process 1 started calculating ia=3163
                                            [WORKER  3] ia=3160, thermal , zout=65.1, eup=  290.79
     Process 3 started calculating ia=3164
                                            [WORKER  2] ia=3162, thermal , zout=65.0, eup=  294.19
     Process 2 started calculating ia=3165
                                            [WORKER  1] ia=3163, thermal , zout=65.0, eup=  289.85
     Process 1 started calculating ia=3166
                                            [WORKER  3] ia=3164, thermal , zout=65.0, eup=  284.77
     Process 3 started calculating ia=3167
                                            [WORKER  2] ia=3165, thermal , zout=65.0, eup=  290.66
     Process 2 started calculating ia=3168
                                            [WORKER  1] ia=3166, thermal , zout=65.1, eup=  293.73
     Process 1 started calculating ia=3169
                                            [WORKER  3] ia=3167, thermal , zout=65.1, eup=  289.53
     Process 3 started calculating ia=3170
                                            [WORKER  2] ia=3168, thermal , zout=65.1, eup=  295.23
     Process 2 started calculating ia=3171
                                            [WORKER  1] ia=3169, thermal , zout=65.1, eup=  290.39
     Process 1 started calculating ia=3172
                                            [WORKER  3] ia=3170, thermal , zout=65.1, eup=  278.90
     Process 3 started calculating ia=3173
                                            [WORKER  2] ia=3171, thermal , zout=65.1, eup=  290.94
     Process 2 started calculating ia=3174
                                            [WORKER  1] ia=3172, thermal , zout=65.1, eup=  294.05
     Process 1 started calculating ia=3175
                                            [WORKER  3] ia=3173, thermal , zout=65.2, eup=  294.64
     Process 3 started calculating ia=3176
                                            [WORKER  2] ia=3174, thermal , zout=65.2, eup=  295.13
     Process 2 started calculating ia=3177
                                            [WORKER  1] ia=3175, thermal , zout=65.2, eup=  285.51
     Process 1 started calculating ia=3178
                                            [WORKER  3] ia=3176, thermal , zout=65.2, eup=  284.45
     Process 3 started calculating ia=3179
                                            [WORKER  2] ia=3177, thermal , zout=65.2, eup=  290.97
     Process 2 started calculating ia=3180
                                            [WORKER  3] ia=3179, thermal , zout=65.1, eup=  297.02
     Process 3 started calculating ia=3181
                                            [WORKER  1] ia=3178, thermal , zout=65.2, eup=  281.74
     Process 1 started calculating ia=3182
                                            [WORKER  2] ia=3180, thermal , zout=65.1, eup=  294.41
     Process 2 started calculating ia=3183
                                            [WORKER  3] ia=3181, thermal , zout=65.1, eup=  287.75
     Process 3 started calculating ia=3184
                                            [WORKER  2] ia=3183, thermal , zout=65.1, eup=  282.12
     Process 2 started calculating ia=3185
                                            [WORKER  1] ia=3182, thermal , zout=65.1, eup=  289.07
     Process 1 started calculating ia=3186
                                            [WORKER  1] ia=3186, thermal , zout=65.1, eup=  297.98
     Process 1 started calculating ia=3187
                                            [WORKER  2] ia=3185, thermal , zout=65.1, eup=  293.67
     Process 2 started calculating ia=3188
                                            [WORKER  3] ia=3184, thermal , zout=65.2, eup=  288.14
     Process 3 started calculating ia=3189
                                            [WORKER  2] ia=3188, thermal , zout=65.0, eup=  290.89
                                            [WORKER  3] ia=3189, thermal , zout=65.0, eup=  292.51
     Process 2 started calculating ia=3190
     Process 3 started calculating ia=3191
                                            [WORKER  1] ia=3187, thermal , zout=65.0, eup=  290.28
     Process 1 started calculating ia=3192
                                            [WORKER  3] ia=3191, thermal , zout=64.9, eup=  292.87
     Process 3 started calculating ia=3193
                                            [WORKER  2] ia=3190, thermal , zout=64.9, eup=  287.76
     Process 2 started calculating ia=3194
                                            [WORKER  1] ia=3192, thermal , zout=64.9, eup=  299.04
     Process 1 started calculating ia=3195
                                            [WORKER  2] ia=3194, thermal , zout=64.9, eup=  286.33
     Process 2 started calculating ia=3196
                                            [WORKER  1] ia=3195, thermal , zout=64.9, eup=  287.10
     Process 1 started calculating ia=3197
                                            [WORKER  3] ia=3193, thermal , zout=64.9, eup=  291.89
     Process 3 started calculating ia=3198
                                            [WORKER  1] ia=3197, thermal , zout=64.9, eup=  288.40
     Process 1 started calculating ia=3199
                                            [WORKER  2] ia=3196, thermal , zout=64.9, eup=  281.53
     Process 2 started calculating ia=3200
                                            [WORKER  3] ia=3198, thermal , zout=64.9, eup=  289.06
     Process 3 started calculating ia=3201
                                            [WORKER  1] ia=3199, thermal , zout=64.9, eup=  278.52
     Process 1 started calculating ia=3202
                                            [WORKER  3] ia=3201, thermal , zout=64.9, eup=  283.69
     Process 3 started calculating ia=3203
                                            [WORKER  2] ia=3200, thermal , zout=64.9, eup=  278.58
     Process 2 started calculating ia=3204
                                            [WORKER  1] ia=3202, thermal , zout=64.9, eup=  289.27
     Process 1 started calculating ia=3205
                                            [WORKER  3] ia=3203, thermal , zout=64.9, eup=  290.34
     Process 3 started calculating ia=3206
                                            [WORKER  2] ia=3204, thermal , zout=64.9, eup=  288.28
     Process 2 started calculating ia=3207
                                            [WORKER  1] ia=3205, thermal , zout=64.9, eup=  290.61
     Process 1 started calculating ia=3208
                                            [WORKER  3] ia=3206, thermal , zout=64.9, eup=  289.42
     Process 3 started calculating ia=3209
                                            [WORKER  2] ia=3207, thermal , zout=64.9, eup=  284.59
     Process 2 started calculating ia=3210
                                            [WORKER  1] ia=3208, thermal , zout=64.9, eup=  289.99
     Process 1 started calculating ia=3211
                                            [WORKER  3] ia=3209, thermal , zout=64.9, eup=  287.66
     Process 3 started calculating ia=3212
                                            [WORKER  2] ia=3210, thermal , zout=64.9, eup=  287.41
     Process 2 started calculating ia=3213
                                            [WORKER  3] ia=3212, thermal , zout=64.9, eup=  269.43
     Process 3 started calculating ia=3214
                                            [WORKER  1] ia=3211, thermal , zout=64.9, eup=  289.94
     Process 1 started calculating ia=3215
                                            [WORKER  2] ia=3213, thermal , zout=64.9, eup=  291.06
     Process 2 started calculating ia=3216
                                            [WORKER  1] ia=3215, thermal , zout=64.9, eup=  292.90
     Process 1 started calculating ia=3217
                                            [WORKER  3] ia=3214, thermal , zout=64.9, eup=  284.50
     Process 3 started calculating ia=3218
                                            [WORKER  2] ia=3216, thermal , zout=64.9, eup=  288.65
     Process 2 started calculating ia=3219
                                            [WORKER  2] ia=3219, thermal , zout=64.9, eup=  291.72
     Process 2 started calculating ia=3220
                                            [WORKER  1] ia=3217, thermal , zout=64.9, eup=  292.46
                                            [WORKER  3] ia=3218, thermal , zout=64.9, eup=  286.02
     Process 1 started calculating ia=3222
     Process 3 started calculating ia=3221
                                            [WORKER  3] ia=3221, thermal , zout=64.9, eup=  280.58
     Process 3 started calculating ia=3223
                                            [WORKER  1] ia=3222, thermal , zout=64.9, eup=  292.64
     Process 1 started calculating ia=3224
                                            [WORKER  2] ia=3220, thermal , zout=64.9, eup=  289.06
     Process 2 started calculating ia=3225
                                            [WORKER  3] ia=3223, thermal , zout=64.9, eup=  297.56
     Process 3 started calculating ia=3226
                                            [WORKER  1] ia=3224, thermal , zout=64.9, eup=  288.00
     Process 1 started calculating ia=3227
                                            [WORKER  2] ia=3225, thermal , zout=64.9, eup=  289.37
     Process 2 started calculating ia=3228
                                            [WORKER  3] ia=3226, thermal , zout=64.9, eup=  292.53
     Process 3 started calculating ia=3229
                                            [WORKER  1] ia=3227, thermal , zout=64.9, eup=  291.96
     Process 1 started calculating ia=3230
                                            [WORKER  2] ia=3228, thermal , zout=64.9, eup=  288.97
     Process 2 started calculating ia=3231
                                            [WORKER  3] ia=3229, thermal , zout=64.8, eup=  288.30
     Process 3 started calculating ia=3232
                                            [WORKER  2] ia=3231, thermal , zout=64.8, eup=  289.74
     Process 2 started calculating ia=3233
                                            [WORKER  1] ia=3230, thermal , zout=64.8, eup=  290.16
     Process 1 started calculating ia=3234
                                            [WORKER  1] ia=3234, thermal , zout=64.9, eup=  287.28
     Process 1 started calculating ia=3235
                                            [WORKER  3] ia=3232, thermal , zout=64.8, eup=  270.64
     Process 3 started calculating ia=3236
                                            [WORKER  2] ia=3233, thermal , zout=64.8, eup=  285.87
     Process 2 started calculating ia=3237
                                            [WORKER  1] ia=3235, thermal , zout=64.9, eup=  289.50
     Process 1 started calculating ia=3238
                                            [WORKER  2] ia=3237, thermal , zout=64.9, eup=  292.42
     Process 2 started calculating ia=3239
                                            [WORKER  3] ia=3236, thermal , zout=64.9, eup=  285.84
     Process 3 started calculating ia=3240
                                            [WORKER  3] ia=3240, thermal , zout=65.0, eup=  274.42
     Process 3 started calculating ia=3241
                                            [WORKER  1] ia=3238, thermal , zout=64.9, eup=  293.63
     Process 1 started calculating ia=3242
                                            [WORKER  2] ia=3239, thermal , zout=65.0, eup=  292.66
     Process 2 started calculating ia=3243
                                            [WORKER  3] ia=3241, thermal , zout=65.0, eup=  280.66
     Process 3 started calculating ia=3244
                                            [WORKER  2] ia=3243, thermal , zout=65.1, eup=  292.28
     Process 2 started calculating ia=3245
                                            [WORKER  1] ia=3242, thermal , zout=65.0, eup=  286.19
     Process 1 started calculating ia=3246
                                            [WORKER  3] ia=3244, thermal , zout=65.1, eup=  278.91
     Process 3 started calculating ia=3247
                                            [WORKER  1] ia=3246, thermal , zout=65.1, eup=  287.70
     Process 1 started calculating ia=3248
                                            [WORKER  2] ia=3245, thermal , zout=65.1, eup=  283.75
     Process 2 started calculating ia=3249
                                            [WORKER  1] ia=3248, thermal , zout=65.1, eup=  297.51
                                            [WORKER  2] ia=3249, thermal , zout=65.0, eup=  293.29
     Process 2 started calculating ia=3250
     Process 1 started calculating ia=3251
                                            [WORKER  3] ia=3247, thermal , zout=65.1, eup=  283.23
     Process 3 started calculating ia=3252
                                            [WORKER  3] ia=3252, thermal , zout=65.0, eup=  292.80
     Process 3 started calculating ia=3253
                                            [WORKER  2] ia=3250, thermal , zout=65.0, eup=  291.40
     Process 2 started calculating ia=3254
                                            [WORKER  1] ia=3251, thermal , zout=65.0, eup=  278.90
     Process 1 started calculating ia=3255
                                            [WORKER  3] ia=3253, thermal , zout=65.1, eup=  295.76
     Process 3 started calculating ia=3256
                                            [WORKER  1] ia=3255, thermal , zout=65.1, eup=  288.29
     Process 1 started calculating ia=3257
                                            [WORKER  2] ia=3254, thermal , zout=65.1, eup=  293.95
     Process 2 started calculating ia=3258
                                            [WORKER  1] ia=3257, thermal , zout=65.1, eup=  295.71
     Process 1 started calculating ia=3259
                                            [WORKER  3] ia=3256, thermal , zout=65.1, eup=  287.11
     Process 3 started calculating ia=3260
                                            [WORKER  2] ia=3258, thermal , zout=65.1, eup=  288.50
     Process 2 started calculating ia=3261
                                            [WORKER  1] ia=3259, thermal , zout=65.1, eup=  275.61
     Process 1 started calculating ia=3262
                                            [WORKER  2] ia=3261, thermal , zout=65.1, eup=  288.99
     Process 2 started calculating ia=3263
                                            [WORKER  3] ia=3260, thermal , zout=65.1, eup=  298.99
     Process 3 started calculating ia=3264
                                            [WORKER  3] ia=3264, thermal , zout=65.1, eup=  286.83
     Process 3 started calculating ia=3265
                                            [WORKER  1] ia=3262, thermal , zout=65.1, eup=  285.07
     Process 1 started calculating ia=3266
                                            [WORKER  2] ia=3263, thermal , zout=65.1, eup=  278.67
     Process 2 started calculating ia=3267
                                            [WORKER  3] ia=3265, thermal , zout=65.1, eup=  283.32
     Process 3 started calculating ia=3268
                                            [WORKER  1] ia=3266, thermal , zout=65.1, eup=  293.39
     Process 1 started calculating ia=3269
                                            [WORKER  2] ia=3267, thermal , zout=65.1, eup=  289.18
     Process 2 started calculating ia=3270
                                            [WORKER  2] ia=3270, thermal , zout=65.2, eup=  296.11
     Process 2 started calculating ia=3271
                                            [WORKER  1] ia=3269, thermal , zout=65.2, eup=  296.11
     Process 1 started calculating ia=3272
                                            [WORKER  3] ia=3268, thermal , zout=65.2, eup=  289.88
     Process 3 started calculating ia=3273
                                            [WORKER  2] ia=3271, thermal , zout=65.2, eup=  294.59
     Process 2 started calculating ia=3274
                                            [WORKER  1] ia=3272, thermal , zout=65.3, eup=  298.61
     Process 1 started calculating ia=3275
                                            [WORKER  3] ia=3273, thermal , zout=65.3, eup=  296.78
     Process 3 started calculating ia=3276
                                            [WORKER  2] ia=3274, thermal , zout=65.3, eup=  263.46
     Process 2 started calculating ia=3277
                                            [WORKER  1] ia=3275, thermal , zout=65.3, eup=  294.24
     Process 1 started calculating ia=3278
                                            [WORKER  3] ia=3276, thermal , zout=65.3, eup=  295.51
     Process 3 started calculating ia=3279
                                            [WORKER  2] ia=3277, thermal , zout=65.3, eup=  296.55
     Process 2 started calculating ia=3280
                                            [WORKER  1] ia=3278, thermal , zout=65.3, eup=  296.09
     Process 1 started calculating ia=3281
                                            [WORKER  3] ia=3279, thermal , zout=65.3, eup=  298.44
     Process 3 started calculating ia=3282
                                            [WORKER  2] ia=3280, thermal , zout=65.3, eup=  293.78
     Process 2 started calculating ia=3283
                                            [WORKER  1] ia=3281, thermal , zout=65.3, eup=  301.77
     Process 1 started calculating ia=3284
                                            [WORKER  3] ia=3282, thermal , zout=65.3, eup=  295.50
     Process 3 started calculating ia=3285
                                            [WORKER  2] ia=3283, thermal , zout=65.3, eup=  299.31
     Process 2 started calculating ia=3286
                                            [WORKER  1] ia=3284, thermal , zout=65.3, eup=  296.43
     Process 1 started calculating ia=3287
                                            [WORKER  3] ia=3285, thermal , zout=65.3, eup=  291.56
     Process 3 started calculating ia=3288
                                            [WORKER  3] ia=3288, thermal , zout=65.3, eup=  257.28
     Process 3 started calculating ia=3289
                                            [WORKER  2] ia=3286, thermal , zout=65.3, eup=  291.70
     Process 2 started calculating ia=3290
                                            [WORKER  1] ia=3287, thermal , zout=65.3, eup=  295.66
     Process 1 started calculating ia=3291
                                            [WORKER  3] ia=3289, thermal , zout=65.3, eup=  300.65
     Process 3 started calculating ia=3292
                                            [WORKER  1] ia=3291, thermal , zout=65.3, eup=  289.89
     Process 1 started calculating ia=3293
                                            [WORKER  2] ia=3290, thermal , zout=65.3, eup=  303.27
     Process 2 started calculating ia=3294
                                            [WORKER  3] ia=3292, thermal , zout=65.3, eup=  287.65
     Process 3 started calculating ia=3295
                                            [WORKER  1] ia=3293, thermal , zout=65.3, eup=  294.40
     Process 1 started calculating ia=3296
                                            [WORKER  2] ia=3294, thermal , zout=65.3, eup=  300.89
     Process 2 started calculating ia=3297
                                            [WORKER  3] ia=3295, thermal , zout=65.3, eup=  293.93
     Process 3 started calculating ia=3298
                                            [WORKER  1] ia=3296, thermal , zout=65.3, eup=  285.74
     Process 1 started calculating ia=3299
                                            [WORKER  2] ia=3297, thermal , zout=65.3, eup=  299.02
     Process 2 started calculating ia=3300
                                            [WORKER  3] ia=3298, thermal , zout=65.3, eup=  293.94
     Process 3 started calculating ia=3301
                                            [WORKER  1] ia=3299, thermal , zout=65.3, eup=  295.15
     Process 1 started calculating ia=3302
                                            [WORKER  2] ia=3300, thermal , zout=65.3, eup=  297.17
     Process 2 started calculating ia=3303
                                            [WORKER  3] ia=3301, thermal , zout=65.3, eup=  290.09
     Process 3 started calculating ia=3304
                                            [WORKER  1] ia=3302, thermal , zout=65.3, eup=  294.40
     Process 1 started calculating ia=3305
                                            [WORKER  2] ia=3303, thermal , zout=65.3, eup=  290.94
     Process 2 started calculating ia=3306
                                            [WORKER  3] ia=3304, thermal , zout=65.3, eup=  292.16
     Process 3 started calculating ia=3307
                                            [WORKER  1] ia=3305, thermal , zout=65.3, eup=  290.55
     Process 1 started calculating ia=3308
                                            [WORKER  2] ia=3306, thermal , zout=65.3, eup=  295.86
     Process 2 started calculating ia=3309
                                            [WORKER  3] ia=3307, thermal , zout=65.3, eup=  295.30
     Process 3 started calculating ia=3310
                                            [WORKER  1] ia=3308, thermal , zout=65.3, eup=  287.58
     Process 1 started calculating ia=3311
                                            [WORKER  2] ia=3309, thermal , zout=65.3, eup=  286.20
     Process 2 started calculating ia=3312
                                            [WORKER  3] ia=3310, thermal , zout=65.3, eup=  297.78
     Process 3 started calculating ia=3313
                                            [WORKER  1] ia=3311, thermal , zout=65.2, eup=  299.18
     Process 1 started calculating ia=3314
                                            [WORKER  2] ia=3312, thermal , zout=65.2, eup=  299.42
     Process 2 started calculating ia=3315
                                            [WORKER  3] ia=3313, thermal , zout=65.2, eup=  290.77
     Process 3 started calculating ia=3316
                                            [WORKER  1] ia=3314, thermal , zout=65.2, eup=  294.65
     Process 1 started calculating ia=3317
                                            [WORKER  2] ia=3315, thermal , zout=65.2, eup=  290.37
     Process 2 started calculating ia=3318
                                            [WORKER  3] ia=3316, thermal , zout=65.2, eup=  296.92
     Process 3 started calculating ia=3319
                                            [WORKER  1] ia=3317, thermal , zout=65.2, eup=  294.80
     Process 1 started calculating ia=3320
                                            [WORKER  2] ia=3318, thermal , zout=65.2, eup=  289.23
     Process 2 started calculating ia=3321
                                            [WORKER  3] ia=3319, thermal , zout=65.2, eup=  296.52
     Process 3 started calculating ia=3322
                                            [WORKER  1] ia=3320, thermal , zout=65.2, eup=  284.67
     Process 1 started calculating ia=3323
                                            [WORKER  2] ia=3321, thermal , zout=65.2, eup=  297.70
     Process 2 started calculating ia=3324
                                            [WORKER  3] ia=3322, thermal , zout=65.2, eup=  296.60
     Process 3 started calculating ia=3325
                                            [WORKER  1] ia=3323, thermal , zout=65.2, eup=  297.44
     Process 1 started calculating ia=3326
                                            [WORKER  2] ia=3324, thermal , zout=65.2, eup=  300.13
     Process 2 started calculating ia=3327
                                            [WORKER  3] ia=3325, thermal , zout=65.2, eup=  297.12
     Process 3 started calculating ia=3328
                                            [WORKER  1] ia=3326, thermal , zout=65.2, eup=  289.12
     Process 1 started calculating ia=3329
                                            [WORKER  2] ia=3327, thermal , zout=65.2, eup=  300.84
     Process 2 started calculating ia=3330
                                            [WORKER  3] ia=3328, thermal , zout=65.2, eup=  288.61
     Process 3 started calculating ia=3331
                                            [WORKER  1] ia=3329, thermal , zout=65.2, eup=  300.30
     Process 1 started calculating ia=3332
                                            [WORKER  2] ia=3330, thermal , zout=65.2, eup=  299.45
     Process 2 started calculating ia=3333
                                            [WORKER  3] ia=3331, thermal , zout=65.2, eup=  301.80
     Process 3 started calculating ia=3334
                                            [WORKER  1] ia=3332, thermal , zout=65.2, eup=  303.17
     Process 1 started calculating ia=3335
                                            [WORKER  2] ia=3333, thermal , zout=65.2, eup=  297.98
     Process 2 started calculating ia=3336
                                            [WORKER  3] ia=3334, thermal , zout=65.2, eup=  291.77
     Process 3 started calculating ia=3337
                                            [WORKER  1] ia=3335, thermal , zout=65.2, eup=  294.57
     Process 1 started calculating ia=3338
                                            [WORKER  2] ia=3336, thermal , zout=65.1, eup=  297.78
     Process 2 started calculating ia=3339
                                            [WORKER  3] ia=3337, thermal , zout=65.1, eup=  303.87
     Process 3 started calculating ia=3340
                                            [WORKER  1] ia=3338, thermal , zout=65.2, eup=  305.73
     Process 1 started calculating ia=3341
                                            [WORKER  2] ia=3339, thermal , zout=65.2, eup=  303.79
     Process 2 started calculating ia=3342
                                            [WORKER  3] ia=3340, thermal , zout=65.2, eup=  306.45
     Process 3 started calculating ia=3343
                                            [WORKER  1] ia=3341, thermal , zout=65.2, eup=  301.70
     Process 1 started calculating ia=3344
                                            [WORKER  2] ia=3342, thermal , zout=65.2, eup=  301.85
     Process 2 started calculating ia=3345
                                            [WORKER  3] ia=3343, thermal , zout=65.2, eup=  295.95
     Process 3 started calculating ia=3346
                                            [WORKER  1] ia=3344, thermal , zout=65.2, eup=  303.36
     Process 1 started calculating ia=3347
                                            [WORKER  2] ia=3345, thermal , zout=65.2, eup=  305.18
     Process 2 started calculating ia=3348
                                            [WORKER  3] ia=3346, thermal , zout=65.2, eup=  302.07
     Process 3 started calculating ia=3349
                                            [WORKER  1] ia=3347, thermal , zout=65.2, eup=  304.05
     Process 1 started calculating ia=3350
                                            [WORKER  2] ia=3348, thermal , zout=65.2, eup=  305.58
     Process 2 started calculating ia=3351
                                            [WORKER  3] ia=3349, thermal , zout=65.2, eup=  303.20
     Process 3 started calculating ia=3352
                                            [WORKER  1] ia=3350, thermal , zout=65.2, eup=  302.07
     Process 1 started calculating ia=3353
                                            [WORKER  2] ia=3351, thermal , zout=65.2, eup=  285.24
     Process 2 started calculating ia=3354
                                            [WORKER  3] ia=3352, thermal , zout=65.2, eup=  287.35
     Process 3 started calculating ia=3355
                                            [WORKER  1] ia=3353, thermal , zout=65.3, eup=  306.88
     Process 1 started calculating ia=3356
                                            [WORKER  2] ia=3354, thermal , zout=65.2, eup=  307.71
     Process 2 started calculating ia=3357
                                            [WORKER  3] ia=3355, thermal , zout=65.3, eup=  305.86
     Process 3 started calculating ia=3358
                                            [WORKER  1] ia=3356, thermal , zout=65.3, eup=  302.14
     Process 1 started calculating ia=3359
                                            [WORKER  2] ia=3357, thermal , zout=65.2, eup=  301.85
     Process 2 started calculating ia=3360
                                            [WORKER  3] ia=3358, thermal , zout=65.2, eup=  302.17
     Process 3 started calculating ia=3361
                                            [WORKER  1] ia=3359, thermal , zout=65.2, eup=  304.46
     Process 1 started calculating ia=3362
                                            [WORKER  2] ia=3360, thermal , zout=65.2, eup=  302.93
     Process 2 started calculating ia=3363
                                            [WORKER  3] ia=3361, thermal , zout=65.2, eup=  305.21
     Process 3 started calculating ia=3364
                                            [WORKER  1] ia=3362, thermal , zout=65.2, eup=  294.67
     Process 1 started calculating ia=3365
                                            [WORKER  2] ia=3363, thermal , zout=65.2, eup=  301.32
     Process 2 started calculating ia=3366
                                            [WORKER  3] ia=3364, thermal , zout=65.2, eup=  303.20
     Process 3 started calculating ia=3367
                                            [WORKER  1] ia=3365, thermal , zout=65.2, eup=  295.18
     Process 1 started calculating ia=3368
                                            [WORKER  2] ia=3366, thermal , zout=65.2, eup=  300.74
     Process 2 started calculating ia=3369
                                            [WORKER  3] ia=3367, thermal , zout=65.2, eup=  304.77
     Process 3 started calculating ia=3370
                                            [WORKER  1] ia=3368, thermal , zout=65.2, eup=  314.69
     Process 1 started calculating ia=3371
                                            [WORKER  2] ia=3369, thermal , zout=65.1, eup=  312.25
     Process 2 started calculating ia=3372
                                            [WORKER  3] ia=3370, thermal , zout=65.1, eup=  310.48
     Process 3 started calculating ia=3373
                                            [WORKER  1] ia=3371, thermal , zout=65.1, eup=  305.28
     Process 1 started calculating ia=3374
                                            [WORKER  2] ia=3372, thermal , zout=65.1, eup=  307.15
     Process 2 started calculating ia=3375
                                            [WORKER  3] ia=3373, thermal , zout=65.1, eup=  309.08
     Process 3 started calculating ia=3376
                                            [WORKER  1] ia=3374, thermal , zout=65.1, eup=  308.04
     Process 1 started calculating ia=3377
                                            [WORKER  2] ia=3375, thermal , zout=65.1, eup=  311.05
     Process 2 started calculating ia=3378
                                            [WORKER  3] ia=3376, thermal , zout=65.1, eup=  312.71
     Process 3 started calculating ia=3379
                                            [WORKER  1] ia=3377, thermal , zout=65.1, eup=  309.67
     Process 1 started calculating ia=3380
                                            [WORKER  2] ia=3378, thermal , zout=65.1, eup=  315.01
     Process 2 started calculating ia=3381
                                            [WORKER  3] ia=3379, thermal , zout=65.1, eup=  308.15
     Process 3 started calculating ia=3382
                                            [WORKER  1] ia=3380, thermal , zout=65.1, eup=  313.81
     Process 1 started calculating ia=3383
                                            [WORKER  2] ia=3381, thermal , zout=65.2, eup=  314.95
     Process 2 started calculating ia=3384
                                            [WORKER  3] ia=3382, thermal , zout=65.1, eup=  311.24
     Process 3 started calculating ia=3385
                                            [WORKER  1] ia=3383, thermal , zout=65.2, eup=  312.62
     Process 1 started calculating ia=3386
                                            [WORKER  2] ia=3384, thermal , zout=65.2, eup=  311.77
     Process 2 started calculating ia=3387
                                            [WORKER  3] ia=3385, thermal , zout=65.2, eup=  310.56
     Process 3 started calculating ia=3388
                                            [WORKER  1] ia=3386, thermal , zout=65.2, eup=  310.70
     Process 1 started calculating ia=3389
                                            [WORKER  2] ia=3387, thermal , zout=65.2, eup=  310.69
     Process 2 started calculating ia=3390
                                            [WORKER  3] ia=3388, thermal , zout=65.2, eup=  309.53
     Process 3 started calculating ia=3391
                                            [WORKER  1] ia=3389, thermal , zout=65.2, eup=  309.71
     Process 1 started calculating ia=3392
                                            [WORKER  2] ia=3390, thermal , zout=65.1, eup=  308.06
     Process 2 started calculating ia=3393
                                            [WORKER  1] ia=3392, thermal , zout=65.2, eup=  316.10
     Process 1 started calculating ia=3394
                                            [WORKER  3] ia=3391, thermal , zout=65.1, eup=  311.54
     Process 3 started calculating ia=3395
                                            [WORKER  2] ia=3393, thermal , zout=65.2, eup=  317.41
     Process 2 started calculating ia=3396
                                            [WORKER  1] ia=3394, thermal , zout=65.2, eup=  318.34
     Process 1 started calculating ia=3397
                                            [WORKER  3] ia=3395, thermal , zout=65.2, eup=  317.79
     Process 3 started calculating ia=3398
                                            [WORKER  2] ia=3396, thermal , zout=65.2, eup=  317.25
     Process 2 started calculating ia=3399
                                            [WORKER  1] ia=3397, thermal , zout=65.2, eup=  318.87
     Process 1 started calculating ia=3400
                                            [WORKER  3] ia=3398, thermal , zout=65.2, eup=  320.62
     Process 3 started calculating ia=3401
                                            [WORKER  2] ia=3399, thermal , zout=65.2, eup=  320.72
     Process 2 started calculating ia=3402
                                            [WORKER  1] ia=3400, thermal , zout=65.2, eup=  320.85
     Process 1 started calculating ia=3403
                                            [WORKER  3] ia=3401, thermal , zout=65.1, eup=  317.48
     Process 3 started calculating ia=3404
                                            [WORKER  2] ia=3402, thermal , zout=65.1, eup=  317.56
     Process 2 started calculating ia=3405
                                            [WORKER  1] ia=3403, thermal , zout=65.1, eup=  317.93
     Process 1 started calculating ia=3406
                                            [WORKER  3] ia=3404, thermal , zout=65.1, eup=  309.06
     Process 3 started calculating ia=3407
                                            [WORKER  2] ia=3405, thermal , zout=65.1, eup=  316.08
     Process 2 started calculating ia=3408
                                            [WORKER  1] ia=3406, thermal , zout=65.1, eup=  314.01
     Process 1 started calculating ia=3409
                                            [WORKER  3] ia=3407, thermal , zout=65.1, eup=  314.32
     Process 3 started calculating ia=3410
                                            [WORKER  2] ia=3408, thermal , zout=65.1, eup=  315.57
     Process 2 started calculating ia=3411
                                            [WORKER  1] ia=3409, thermal , zout=65.1, eup=  317.11
     Process 1 started calculating ia=3412
                                            [WORKER  3] ia=3410, thermal , zout=65.1, eup=  312.22
     Process 3 started calculating ia=3413
                                            [WORKER  2] ia=3411, thermal , zout=65.1, eup=  314.53
     Process 2 started calculating ia=3414
                                            [WORKER  3] ia=3413, thermal , zout=65.1, eup=  316.37
     Process 3 started calculating ia=3415
                                            [WORKER  1] ia=3412, thermal , zout=65.1, eup=  311.01
     Process 1 started calculating ia=3416
                                            [WORKER  2] ia=3414, thermal , zout=65.1, eup=  313.96
     Process 2 started calculating ia=3417
                                            [WORKER  1] ia=3416, thermal , zout=65.1, eup=  317.63
     Process 1 started calculating ia=3418
                                            [WORKER  3] ia=3415, thermal , zout=65.1, eup=  311.96
     Process 3 started calculating ia=3419
                                            [WORKER  2] ia=3417, thermal , zout=65.1, eup=  316.65
     Process 2 started calculating ia=3420
                                            [WORKER  3] ia=3419, thermal , zout=65.1, eup=  314.06
     Process 3 started calculating ia=3421
                                            [WORKER  1] ia=3418, thermal , zout=65.1, eup=  315.30
     Process 1 started calculating ia=3422
                                            [WORKER  2] ia=3420, thermal , zout=65.1, eup=  313.54
     Process 2 started calculating ia=3423
                                            [WORKER  1] ia=3422, thermal , zout=65.1, eup=  314.01
     Process 1 started calculating ia=3424
                                            [WORKER  2] ia=3423, thermal , zout=65.1, eup=  313.61
     Process 2 started calculating ia=3425
                                            [WORKER  3] ia=3421, thermal , zout=65.1, eup=  313.29
     Process 3 started calculating ia=3426
                                            [WORKER  3] ia=3426, thermal , zout=65.1, eup=  316.00
     Process 3 started calculating ia=3427
                                            [WORKER  2] ia=3425, thermal , zout=65.1, eup=  311.62
     Process 2 started calculating ia=3428
                                            [WORKER  1] ia=3424, thermal , zout=65.1, eup=  313.90
     Process 1 started calculating ia=3429
                                            [WORKER  1] ia=3429, thermal , zout=65.1, eup=  316.47
     Process 1 started calculating ia=3430
                                            [WORKER  2] ia=3428, thermal , zout=65.1, eup=  316.62
     Process 2 started calculating ia=3431
                                            [WORKER  3] ia=3427, thermal , zout=65.1, eup=  318.23
     Process 3 started calculating ia=3432
                                            [WORKER  1] ia=3430, thermal , zout=65.1, eup=  316.09
     Process 1 started calculating ia=3433
                                            [WORKER  2] ia=3431, thermal , zout=65.1, eup=  316.71
     Process 2 started calculating ia=3434
                                            [WORKER  3] ia=3432, thermal , zout=65.1, eup=  314.48
     Process 3 started calculating ia=3435
                                            [WORKER  3] ia=3435, thermal , zout=65.1, eup=  309.37
     Process 3 started calculating ia=3436
                                            [WORKER  2] ia=3434, thermal , zout=65.1, eup=  307.67
     Process 2 started calculating ia=3437
                                            [WORKER  1] ia=3433, thermal , zout=65.1, eup=  310.30
     Process 1 started calculating ia=3438
                                            [WORKER  1] ia=3438, thermal , zout=65.1, eup=  314.43
     Process 1 started calculating ia=3439
                                            [WORKER  2] ia=3437, thermal , zout=65.1, eup=  304.62
     Process 2 started calculating ia=3440
                                            [WORKER  3] ia=3436, thermal , zout=65.1, eup=  315.99
     Process 3 started calculating ia=3441
                                            [WORKER  3] ia=3441, thermal , zout=65.1, eup=  311.53
     Process 3 started calculating ia=3442
                                            [WORKER  1] ia=3439, thermal , zout=65.1, eup=  307.92
     Process 1 started calculating ia=3443
                                            [WORKER  2] ia=3440, thermal , zout=65.1, eup=  314.59
     Process 2 started calculating ia=3444
                                            [WORKER  1] ia=3443, thermal , zout=65.1, eup=  314.06
     Process 1 started calculating ia=3445
                                            [WORKER  3] ia=3442, thermal , zout=65.1, eup=  309.19
     Process 3 started calculating ia=3446
                                            [WORKER  2] ia=3444, thermal , zout=65.1, eup=  314.99
     Process 2 started calculating ia=3447
                                            [WORKER  2] ia=3447, thermal , zout=65.1, eup=  312.88
     Process 2 started calculating ia=3448
                                            [WORKER  3] ia=3446, thermal , zout=65.1, eup=  315.31
     Process 3 started calculating ia=3449
                                            [WORKER  1] ia=3445, thermal , zout=65.1, eup=  315.42
     Process 1 started calculating ia=3450
                                            [WORKER  3] ia=3449, thermal , zout=65.1, eup=  307.84
     Process 3 started calculating ia=3451
                                            [WORKER  2] ia=3448, thermal , zout=65.1, eup=  312.60
     Process 2 started calculating ia=3452
                                            [WORKER  1] ia=3450, thermal , zout=65.1, eup=  306.17
     Process 1 started calculating ia=3453
                                            [WORKER  3] ia=3451, thermal , zout=65.1, eup=  310.60
     Process 3 started calculating ia=3454
                                            [WORKER  2] ia=3452, thermal , zout=65.1, eup=  305.17
     Process 2 started calculating ia=3455
                                            [WORKER  1] ia=3453, thermal , zout=65.1, eup=  311.86
     Process 1 started calculating ia=3456
                                            [WORKER  3] ia=3454, thermal , zout=65.1, eup=  309.31
     Process 3 started calculating ia=3457
                                            [WORKER  2] ia=3455, thermal , zout=65.1, eup=  315.13
     Process 2 started calculating ia=3458
                                            [WORKER  1] ia=3456, thermal , zout=65.1, eup=  311.42
     Process 1 started calculating ia=3459
                                            [WORKER  3] ia=3457, thermal , zout=65.1, eup=  310.81
     Process 3 started calculating ia=3460
                                            [WORKER  1] ia=3459, thermal , zout=65.0, eup=  307.14
     Process 1 started calculating ia=3461
                                            [WORKER  2] ia=3458, thermal , zout=65.0, eup=  305.51
     Process 2 started calculating ia=3462
                                            [WORKER  3] ia=3460, thermal , zout=65.0, eup=  307.10
     Process 3 started calculating ia=3463
                                            [WORKER  1] ia=3461, thermal , zout=65.0, eup=  298.34
     Process 1 started calculating ia=3464
                                            [WORKER  2] ia=3462, thermal , zout=65.0, eup=  298.97
     Process 2 started calculating ia=3465
                                            [WORKER  3] ia=3463, thermal , zout=65.0, eup=  298.65
     Process 3 started calculating ia=3466
                                            [WORKER  1] ia=3464, thermal , zout=65.0, eup=  297.20
     Process 1 started calculating ia=3467
                                            [WORKER  2] ia=3465, thermal , zout=65.0, eup=  296.64
     Process 2 started calculating ia=3468
                                            [WORKER  3] ia=3466, thermal , zout=65.0, eup=  290.74
     Process 3 started calculating ia=3469
                                            [WORKER  1] ia=3467, thermal , zout=65.0, eup=  296.68
     Process 1 started calculating ia=3470
                                            [WORKER  2] ia=3468, thermal , zout=65.0, eup=  298.00
     Process 2 started calculating ia=3471
                                            [WORKER  1] ia=3470, thermal , zout=65.0, eup=  308.48
     Process 1 started calculating ia=3472
                                            [WORKER  3] ia=3469, thermal , zout=65.0, eup=  309.48
     Process 3 started calculating ia=3473
                                            [WORKER  2] ia=3471, thermal , zout=65.0, eup=  306.72
     Process 2 started calculating ia=3474
                                            [WORKER  1] ia=3472, thermal , zout=65.0, eup=  288.28
     Process 1 started calculating ia=3475
                                            [WORKER  3] ia=3473, thermal , zout=64.9, eup=  302.37
     Process 3 started calculating ia=3476
                                            [WORKER  2] ia=3474, thermal , zout=64.9, eup=  304.46
     Process 2 started calculating ia=3477
                                            [WORKER  1] ia=3475, thermal , zout=64.9, eup=  304.35
     Process 1 started calculating ia=3478
                                            [WORKER  3] ia=3476, thermal , zout=64.9, eup=  302.85
     Process 3 started calculating ia=3479
                                            [WORKER  2] ia=3477, thermal , zout=64.9, eup=  304.15
     Process 2 started calculating ia=3480
                                            [WORKER  1] ia=3478, thermal , zout=64.9, eup=  304.89
     Process 1 started calculating ia=3481
                                            [WORKER  2] ia=3480, thermal , zout=64.9, eup=  305.24
                                            [WORKER  3] ia=3479, thermal , zout=64.9, eup=  299.01
     Process 3 started calculating ia=3482
     Process 2 started calculating ia=3483
                                            [WORKER  1] ia=3481, thermal , zout=64.9, eup=  308.99
     Process 1 started calculating ia=3484
                                            [WORKER  3] ia=3482, thermal , zout=64.9, eup=  310.46
     Process 3 started calculating ia=3485
                                            [WORKER  2] ia=3483, thermal , zout=64.9, eup=  307.79
     Process 2 started calculating ia=3486
                                            [WORKER  1] ia=3484, thermal , zout=64.9, eup=  309.87
     Process 1 started calculating ia=3487
                                            [WORKER  2] ia=3486, thermal , zout=64.9, eup=  306.33
     Process 2 started calculating ia=3488
                                            [WORKER  3] ia=3485, thermal , zout=64.9, eup=  302.73
     Process 3 started calculating ia=3489
                                            [WORKER  1] ia=3487, thermal , zout=64.9, eup=  307.49
     Process 1 started calculating ia=3490
                                            [WORKER  3] ia=3489, thermal , zout=64.9, eup=  307.69
     Process 3 started calculating ia=3491
                                            [WORKER  2] ia=3488, thermal , zout=64.9, eup=  307.46
     Process 2 started calculating ia=3492
                                            [WORKER  1] ia=3490, thermal , zout=64.9, eup=  308.13
     Process 1 started calculating ia=3493
                                            [WORKER  3] ia=3491, thermal , zout=64.8, eup=  307.00
     Process 3 started calculating ia=3494
                                            [WORKER  2] ia=3492, thermal , zout=64.8, eup=  307.37
     Process 2 started calculating ia=3495
                                            [WORKER  1] ia=3493, thermal , zout=64.8, eup=  307.36
     Process 1 started calculating ia=3496
                                            [WORKER  3] ia=3494, thermal , zout=64.8, eup=  307.77
     Process 3 started calculating ia=3497
                                            [WORKER  2] ia=3495, thermal , zout=64.7, eup=  306.16
     Process 2 started calculating ia=3498
                                            [WORKER  1] ia=3496, thermal , zout=64.7, eup=  305.52
     Process 1 started calculating ia=3499
                                            [WORKER  3] ia=3497, thermal , zout=64.7, eup=  306.14
     Process 3 started calculating ia=3500
                                            [WORKER  2] ia=3498, thermal , zout=64.7, eup=  303.83
     Process 2 started calculating ia=3501
                                            [WORKER  1] ia=3499, thermal , zout=64.7, eup=  305.06
     Process 1 started calculating ia=3502
                                            [WORKER  3] ia=3500, thermal , zout=64.7, eup=  309.27
     Process 3 started calculating ia=3503
                                            [WORKER  2] ia=3501, thermal , zout=64.7, eup=  301.73
     Process 2 started calculating ia=3504
                                            [WORKER  3] ia=3503, thermal , zout=64.7, eup=  308.19
     Process 3 started calculating ia=3505
                                            [WORKER  1] ia=3502, thermal , zout=64.7, eup=  309.40
     Process 1 started calculating ia=3506
                                            [WORKER  2] ia=3504, thermal , zout=64.7, eup=  310.05
     Process 2 started calculating ia=3507
                                            [WORKER  3] ia=3505, thermal , zout=64.7, eup=  310.33
     Process 3 started calculating ia=3508
                                            [WORKER  1] ia=3506, thermal , zout=64.7, eup=  312.12
     Process 1 started calculating ia=3509
                                            [WORKER  2] ia=3507, thermal , zout=64.7, eup=  310.77
     Process 2 started calculating ia=3510
                                            [WORKER  1] ia=3509, thermal , zout=64.7, eup=  311.19
     Process 1 started calculating ia=3511
                                            [WORKER  2] ia=3510, thermal , zout=64.7, eup=  312.11
     Process 2 started calculating ia=3512
                                            [WORKER  3] ia=3508, thermal , zout=64.7, eup=  312.46
     Process 3 started calculating ia=3513
                                            [WORKER  3] ia=3513, thermal , zout=64.7, eup=  315.11
     Process 3 started calculating ia=3514
                                            [WORKER  2] ia=3512, thermal , zout=64.7, eup=  315.31
     Process 2 started calculating ia=3515
                                            [WORKER  1] ia=3511, thermal , zout=64.7, eup=  313.49
     Process 1 started calculating ia=3516
                                            [WORKER  1] ia=3516, thermal , zout=64.7, eup=  315.94
     Process 1 started calculating ia=3517
                                            [WORKER  2] ia=3515, thermal , zout=64.7, eup=  318.04
     Process 2 started calculating ia=3518
                                            [WORKER  3] ia=3514, thermal , zout=64.7, eup=  317.27
     Process 3 started calculating ia=3519
                                            [WORKER  3] ia=3519, thermal , zout=64.7, eup=  309.91
     Process 3 started calculating ia=3520
                                            [WORKER  2] ia=3518, thermal , zout=64.7, eup=  309.55
     Process 2 started calculating ia=3521
                                            [WORKER  1] ia=3517, thermal , zout=64.7, eup=  314.12
     Process 1 started calculating ia=3522
                                            [WORKER  1] ia=3522, thermal , zout=64.6, eup=  311.87
     Process 1 started calculating ia=3523
                                            [WORKER  3] ia=3520, thermal , zout=64.7, eup=  310.10
     Process 3 started calculating ia=3524
                                            [WORKER  2] ia=3521, thermal , zout=64.7, eup=  311.38
     Process 2 started calculating ia=3525
                                            [WORKER  3] ia=3524, thermal , zout=64.7, eup=  313.67
     Process 3 started calculating ia=3526
                                            [WORKER  2] ia=3525, thermal , zout=64.7, eup=  313.60
     Process 2 started calculating ia=3527
                                            [WORKER  1] ia=3523, thermal , zout=64.7, eup=  306.98
     Process 1 started calculating ia=3528
                                            [WORKER  3] ia=3526, thermal , zout=64.6, eup=  310.72
     Process 3 started calculating ia=3529
                                            [WORKER  2] ia=3527, thermal , zout=64.6, eup=  298.85
     Process 2 started calculating ia=3530
                                            [WORKER  1] ia=3528, thermal , zout=64.6, eup=  300.45
     Process 1 started calculating ia=3531
                                            [WORKER  3] ia=3529, thermal , zout=64.6, eup=  300.73
     Process 3 started calculating ia=3532
                                            [WORKER  2] ia=3530, thermal , zout=64.6, eup=  298.98
     Process 2 started calculating ia=3533
                                            [WORKER  1] ia=3531, thermal , zout=64.6, eup=  298.98
     Process 1 started calculating ia=3534
                                            [WORKER  3] ia=3532, thermal , zout=64.6, eup=  298.04
     Process 3 started calculating ia=3535
                                            [WORKER  1] ia=3534, thermal , zout=64.6, eup=  298.96
     Process 1 started calculating ia=3536
                                            [WORKER  2] ia=3533, thermal , zout=64.6, eup=  292.71
     Process 2 started calculating ia=3537
                                            [WORKER  3] ia=3535, thermal , zout=64.6, eup=  297.77
     Process 3 started calculating ia=3538
                                            [WORKER  2] ia=3537, thermal , zout=64.6, eup=  297.95
     Process 2 started calculating ia=3539
                                            [WORKER  1] ia=3536, thermal , zout=64.6, eup=  299.61
     Process 1 started calculating ia=3540
                                            [WORKER  3] ia=3538, thermal , zout=64.6, eup=  294.58
     Process 3 started calculating ia=3541
                                            [WORKER  2] ia=3539, thermal , zout=64.6, eup=  298.00
     Process 2 started calculating ia=3542
                                            [WORKER  1] ia=3540, thermal , zout=64.6, eup=  297.47
     Process 1 started calculating ia=3543
                                            [WORKER  3] ia=3541, thermal , zout=64.6, eup=  298.06
     Process 3 started calculating ia=3544
                                            [WORKER  2] ia=3542, thermal , zout=64.6, eup=  297.12
     Process 2 started calculating ia=3545
                                            [WORKER  1] ia=3543, thermal , zout=64.6, eup=  302.14
     Process 1 started calculating ia=3546
                                            [WORKER  3] ia=3544, thermal , zout=64.6, eup=  300.46
     Process 3 started calculating ia=3547
                                            [WORKER  2] ia=3545, thermal , zout=64.6, eup=  307.55
     Process 2 started calculating ia=3548
                                            [WORKER  1] ia=3546, thermal , zout=64.6, eup=  307.46
     Process 1 started calculating ia=3549
                                            [WORKER  3] ia=3547, thermal , zout=64.6, eup=  303.65
     Process 3 started calculating ia=3550
                                            [WORKER  1] ia=3549, thermal , zout=64.6, eup=  305.75
     Process 1 started calculating ia=3551
                                            [WORKER  2] ia=3548, thermal , zout=64.6, eup=  307.54
     Process 2 started calculating ia=3552
                                            [WORKER  3] ia=3550, thermal , zout=64.6, eup=  310.38
     Process 3 started calculating ia=3553
                                            [WORKER  1] ia=3551, thermal , zout=64.6, eup=  307.84
     Process 1 started calculating ia=3554
                                            [WORKER  2] ia=3552, thermal , zout=64.6, eup=  308.74
     Process 2 started calculating ia=3555
                                            [WORKER  3] ia=3553, thermal , zout=64.6, eup=  304.95
     Process 3 started calculating ia=3556
                                            [WORKER  1] ia=3554, thermal , zout=64.6, eup=  308.00
     Process 1 started calculating ia=3557
                                            [WORKER  2] ia=3555, thermal , zout=64.6, eup=  309.76
     Process 2 started calculating ia=3558
                                            [WORKER  3] ia=3556, thermal , zout=64.6, eup=  309.89
     Process 3 started calculating ia=3559
                                            [WORKER  1] ia=3557, thermal , zout=64.6, eup=  310.03
     Process 1 started calculating ia=3560
                                            [WORKER  2] ia=3558, thermal , zout=64.6, eup=  310.61
     Process 2 started calculating ia=3561
                                            [WORKER  3] ia=3559, thermal , zout=64.7, eup=  313.55
     Process 3 started calculating ia=3562
                                            [WORKER  1] ia=3560, thermal , zout=64.7, eup=  313.34
     Process 1 started calculating ia=3563
                                            [WORKER  2] ia=3561, thermal , zout=64.7, eup=  313.43
     Process 2 started calculating ia=3564
                                            [WORKER  3] ia=3562, thermal , zout=64.7, eup=  313.45
     Process 3 started calculating ia=3565
                                            [WORKER  1] ia=3563, thermal , zout=64.8, eup=  314.25
     Process 1 started calculating ia=3566
                                            [WORKER  2] ia=3564, thermal , zout=64.7, eup=  306.89
     Process 2 started calculating ia=3567
                                            [WORKER  3] ia=3565, thermal , zout=64.7, eup=  315.67
     Process 3 started calculating ia=3568
                                            [WORKER  1] ia=3566, thermal , zout=64.7, eup=  314.38
     Process 1 started calculating ia=3569
                                            [WORKER  2] ia=3567, thermal , zout=64.7, eup=  309.74
     Process 2 started calculating ia=3570
                                            [WORKER  3] ia=3568, thermal , zout=64.7, eup=  295.04
     Process 3 started calculating ia=3571
                                            [WORKER  1] ia=3569, thermal , zout=64.7, eup=  310.58
     Process 1 started calculating ia=3572
                                            [WORKER  2] ia=3570, thermal , zout=64.7, eup=  307.39
     Process 2 started calculating ia=3573
                                            [WORKER  3] ia=3571, thermal , zout=64.7, eup=  308.65
     Process 3 started calculating ia=3574
                                            [WORKER  1] ia=3572, thermal , zout=64.7, eup=  306.10
     Process 1 started calculating ia=3575
                                            [WORKER  2] ia=3573, thermal , zout=64.7, eup=  305.18
     Process 2 started calculating ia=3576
                                            [WORKER  3] ia=3574, thermal , zout=64.7, eup=  311.00
     Process 3 started calculating ia=3577
                                            [WORKER  1] ia=3575, thermal , zout=64.7, eup=  308.14
     Process 1 started calculating ia=3578
                                            [WORKER  2] ia=3576, thermal , zout=64.7, eup=  308.58
     Process 2 started calculating ia=3579
                                            [WORKER  3] ia=3577, thermal , zout=64.7, eup=  303.54
     Process 3 started calculating ia=3580
                                            [WORKER  1] ia=3578, thermal , zout=64.7, eup=  308.74
     Process 1 started calculating ia=3581
                                            [WORKER  2] ia=3579, thermal , zout=64.7, eup=  307.37
     Process 2 started calculating ia=3582
                                            [WORKER  3] ia=3580, thermal , zout=64.7, eup=  311.40
     Process 3 started calculating ia=3583
                                            [WORKER  1] ia=3581, thermal , zout=64.7, eup=  315.75
     Process 1 started calculating ia=3584
                                            [WORKER  2] ia=3582, thermal , zout=64.7, eup=  318.89
     Process 2 started calculating ia=3585
                                            [WORKER  3] ia=3583, thermal , zout=64.7, eup=  318.39
     Process 3 started calculating ia=3586
                                            [WORKER  1] ia=3584, thermal , zout=64.7, eup=  305.55
     Process 1 started calculating ia=3587
                                            [WORKER  2] ia=3585, thermal , zout=64.7, eup=  314.85
     Process 2 started calculating ia=3588
                                            [WORKER  3] ia=3586, thermal , zout=64.7, eup=  314.72
     Process 3 started calculating ia=3589
                                            [WORKER  1] ia=3587, thermal , zout=64.7, eup=  314.63
     Process 1 started calculating ia=3590
                                            [WORKER  2] ia=3588, thermal , zout=64.7, eup=  315.05
     Process 2 started calculating ia=3591
                                            [WORKER  3] ia=3589, thermal , zout=64.7, eup=  311.94
     Process 3 started calculating ia=3592
                                            [WORKER  1] ia=3590, thermal , zout=64.7, eup=  309.67
     Process 1 started calculating ia=3593
                                            [WORKER  2] ia=3591, thermal , zout=64.7, eup=  308.86
     Process 2 started calculating ia=3594
                                            [WORKER  3] ia=3592, thermal , zout=64.7, eup=  313.79
     Process 3 started calculating ia=3595
                                            [WORKER  1] ia=3593, thermal , zout=64.7, eup=  317.08
     Process 1 started calculating ia=3596
                                            [WORKER  2] ia=3594, thermal , zout=64.7, eup=  314.35
     Process 2 started calculating ia=3597
                                            [WORKER  3] ia=3595, thermal , zout=64.7, eup=  313.92
     Process 3 started calculating ia=3598
                                            [WORKER  1] ia=3596, thermal , zout=64.7, eup=  314.03
     Process 1 started calculating ia=3599
                                            [WORKER  2] ia=3597, thermal , zout=64.7, eup=  311.71
     Process 2 started calculating ia=3600
                                            [WORKER  3] ia=3598, thermal , zout=64.7, eup=  317.87
     Process 3 started calculating ia=3601
                                            [WORKER  1] ia=3599, thermal , zout=64.7, eup=  317.25
     Process 1 started calculating ia=3602
                                            [WORKER  2] ia=3600, thermal , zout=64.7, eup=  311.58
     Process 2 started calculating ia=3603
                                            [WORKER  3] ia=3601, thermal , zout=64.7, eup=  315.78
     Process 3 started calculating ia=3604
                                            [WORKER  1] ia=3602, thermal , zout=64.7, eup=  317.08
     Process 1 started calculating ia=3605
                                            [WORKER  2] ia=3603, thermal , zout=64.7, eup=  315.43
     Process 2 started calculating ia=3606
                                            [WORKER  3] ia=3604, thermal , zout=64.7, eup=  315.88
     Process 3 started calculating ia=3607
                                            [WORKER  1] ia=3605, thermal , zout=64.7, eup=  315.28
     Process 1 started calculating ia=3608
                                            [WORKER  2] ia=3606, thermal , zout=64.7, eup=  315.59
     Process 2 started calculating ia=3609
                                            [WORKER  3] ia=3607, thermal , zout=64.7, eup=  317.20
     Process 3 started calculating ia=3610
                                            [WORKER  1] ia=3608, thermal , zout=64.7, eup=  305.87
     Process 1 started calculating ia=3611
                                            [WORKER  2] ia=3609, thermal , zout=64.7, eup=  312.76
     Process 2 started calculating ia=3612
                                            [WORKER  3] ia=3610, thermal , zout=64.7, eup=  313.44
     Process 3 started calculating ia=3613
                                            [WORKER  1] ia=3611, thermal , zout=64.7, eup=  314.10
     Process 1 started calculating ia=3614
                                            [WORKER  2] ia=3612, thermal , zout=64.7, eup=  308.95
     Process 2 started calculating ia=3615
                                            [WORKER  3] ia=3613, thermal , zout=64.7, eup=  311.63
     Process 3 started calculating ia=3616
                                            [WORKER  1] ia=3614, thermal , zout=64.7, eup=  309.86
     Process 1 started calculating ia=3617
                                            [WORKER  2] ia=3615, thermal , zout=64.7, eup=  306.69
     Process 2 started calculating ia=3618
                                            [WORKER  3] ia=3616, thermal , zout=64.7, eup=  304.39
     Process 3 started calculating ia=3619
                                            [WORKER  1] ia=3617, thermal , zout=64.7, eup=  308.21
     Process 1 started calculating ia=3620
                                            [WORKER  2] ia=3618, thermal , zout=64.7, eup=  309.94
     Process 2 started calculating ia=3621
                                            [WORKER  3] ia=3619, thermal , zout=64.7, eup=  309.38
     Process 3 started calculating ia=3622
                                            [WORKER  1] ia=3620, thermal , zout=64.7, eup=  310.81
     Process 1 started calculating ia=3623
                                            [WORKER  2] ia=3621, thermal , zout=64.7, eup=  309.19
     Process 2 started calculating ia=3624
                                            [WORKER  3] ia=3622, thermal , zout=64.7, eup=  312.53
     Process 3 started calculating ia=3625
                                            [WORKER  1] ia=3623, thermal , zout=64.7, eup=  305.17
     Process 1 started calculating ia=3626
                                            [WORKER  2] ia=3624, thermal , zout=64.7, eup=  310.38
     Process 2 started calculating ia=3627
                                            [WORKER  3] ia=3625, thermal , zout=64.7, eup=  311.66
     Process 3 started calculating ia=3628
                                            [WORKER  1] ia=3626, thermal , zout=64.7, eup=  311.64
     Process 1 started calculating ia=3629
                                            [WORKER  2] ia=3627, thermal , zout=64.7, eup=  312.09
     Process 2 started calculating ia=3630
                                            [WORKER  3] ia=3628, thermal , zout=64.7, eup=  312.10
     Process 3 started calculating ia=3631
                                            [WORKER  1] ia=3629, thermal , zout=64.7, eup=  312.09
     Process 1 started calculating ia=3632
                                            [WORKER  2] ia=3630, thermal , zout=64.7, eup=  311.71
     Process 2 started calculating ia=3633
                                            [WORKER  3] ia=3631, thermal , zout=64.7, eup=  311.36
     Process 3 started calculating ia=3634
                                            [WORKER  1] ia=3632, thermal , zout=64.7, eup=  310.96
     Process 1 started calculating ia=3635
                                            [WORKER  2] ia=3633, thermal , zout=64.7, eup=  310.91
     Process 2 started calculating ia=3636
                                            [WORKER  3] ia=3634, thermal , zout=64.7, eup=  310.97
     Process 3 started calculating ia=3637
                                            [WORKER  1] ia=3635, thermal , zout=64.7, eup=  307.07
     Process 1 started calculating ia=3638
                                            [WORKER  2] ia=3636, thermal , zout=64.7, eup=  307.12
     Process 2 started calculating ia=3639
                                            [WORKER  3] ia=3637, thermal , zout=64.7, eup=  271.32
     Process 3 started calculating ia=3640
                                            [WORKER  1] ia=3638, thermal , zout=64.7, eup=  299.80
     Process 1 started calculating ia=3641
                                            [WORKER  2] ia=3639, thermal , zout=64.7, eup=  294.74
     Process 2 started calculating ia=3642
                                            [WORKER  3] ia=3640, thermal , zout=64.7, eup=  296.05
     Process 3 started calculating ia=3643
                                            [WORKER  1] ia=3641, thermal , zout=64.7, eup=  300.48
     Process 1 started calculating ia=3644
                                            [WORKER  2] ia=3642, thermal , zout=64.7, eup=  303.05
     Process 2 started calculating ia=3645
                                            [WORKER  3] ia=3643, thermal , zout=64.7, eup=  303.39
     Process 3 started calculating ia=3646
                                            [WORKER  1] ia=3644, thermal , zout=64.7, eup=  308.57
     Process 1 started calculating ia=3647
                                            [WORKER  2] ia=3645, thermal , zout=64.7, eup=  307.61
     Process 2 started calculating ia=3648
                                            [WORKER  3] ia=3646, thermal , zout=64.7, eup=  311.74
     Process 3 started calculating ia=3649
                                            [WORKER  1] ia=3647, thermal , zout=64.7, eup=  304.20
     Process 1 started calculating ia=3650
                                            [WORKER  2] ia=3648, thermal , zout=64.7, eup=  307.04
     Process 2 started calculating ia=3651
                                            [WORKER  3] ia=3649, thermal , zout=64.7, eup=  302.87
     Process 3 started calculating ia=3652
                                            [WORKER  1] ia=3650, thermal , zout=64.7, eup=  307.19
     Process 1 started calculating ia=3653
                                            [WORKER  2] ia=3651, thermal , zout=64.7, eup=  305.23
     Process 2 started calculating ia=3654
                                            [WORKER  3] ia=3652, thermal , zout=64.7, eup=  311.71
     Process 3 started calculating ia=3655
                                            [WORKER  1] ia=3653, thermal , zout=64.7, eup=  308.86
     Process 1 started calculating ia=3656
                                            [WORKER  2] ia=3654, thermal , zout=64.7, eup=  305.34
     Process 2 started calculating ia=3657
                                            [WORKER  3] ia=3655, thermal , zout=64.6, eup=  295.78
     Process 3 started calculating ia=3658
                                            [WORKER  1] ia=3656, thermal , zout=64.6, eup=  300.50
     Process 1 started calculating ia=3659
                                            [WORKER  2] ia=3657, thermal , zout=64.6, eup=  301.93
     Process 2 started calculating ia=3660
                                            [WORKER  3] ia=3658, thermal , zout=64.6, eup=  308.37
     Process 3 started calculating ia=3661
                                            [WORKER  1] ia=3659, thermal , zout=64.6, eup=  308.83
     Process 1 started calculating ia=3662
                                            [WORKER  2] ia=3660, thermal , zout=64.6, eup=  299.20
     Process 2 started calculating ia=3663
                                            [WORKER  3] ia=3661, thermal , zout=64.6, eup=  294.72
     Process 3 started calculating ia=3664
                                            [WORKER  1] ia=3662, thermal , zout=64.6, eup=  312.90
     Process 1 started calculating ia=3665
                                            [WORKER  2] ia=3663, thermal , zout=64.6, eup=  303.56
     Process 2 started calculating ia=3666
                                            [WORKER  3] ia=3664, thermal , zout=64.6, eup=  305.27
     Process 3 started calculating ia=3667
                                            [WORKER  1] ia=3665, thermal , zout=64.6, eup=  308.98
     Process 1 started calculating ia=3668
                                            [WORKER  2] ia=3666, thermal , zout=64.5, eup=  303.79
     Process 2 started calculating ia=3669
                                            [WORKER  3] ia=3667, thermal , zout=64.5, eup=  296.09
     Process 3 started calculating ia=3670
                                            [WORKER  1] ia=3668, thermal , zout=64.5, eup=  312.63
     Process 1 started calculating ia=3671
                                            [WORKER  2] ia=3669, thermal , zout=64.5, eup=  313.17
     Process 2 started calculating ia=3672
                                            [WORKER  3] ia=3670, thermal , zout=64.5, eup=  308.21
     Process 3 started calculating ia=3673
                                            [WORKER  1] ia=3671, thermal , zout=64.5, eup=  311.39
     Process 1 started calculating ia=3674
                                            [WORKER  2] ia=3672, thermal , zout=64.5, eup=  311.83
     Process 2 started calculating ia=3675
                                            [WORKER  3] ia=3673, thermal , zout=64.5, eup=  311.27
     Process 3 started calculating ia=3676
                                            [WORKER  1] ia=3674, thermal , zout=64.5, eup=  310.67
     Process 1 started calculating ia=3677
                                            [WORKER  2] ia=3675, thermal , zout=64.5, eup=  304.25
     Process 2 started calculating ia=3678
                                            [WORKER  3] ia=3676, thermal , zout=64.4, eup=  302.85
     Process 3 started calculating ia=3679
                                            [WORKER  1] ia=3677, thermal , zout=64.4, eup=  308.93
     Process 1 started calculating ia=3680
                                            [WORKER  2] ia=3678, thermal , zout=64.4, eup=  309.65
     Process 2 started calculating ia=3681
                                            [WORKER  3] ia=3679, thermal , zout=64.5, eup=  313.50
     Process 3 started calculating ia=3682
                                            [WORKER  1] ia=3680, thermal , zout=64.5, eup=  313.51
     Process 1 started calculating ia=3683
                                            [WORKER  2] ia=3681, thermal , zout=64.4, eup=  310.74
     Process 2 started calculating ia=3684
                                            [WORKER  3] ia=3682, thermal , zout=64.4, eup=  311.01
     Process 3 started calculating ia=3685
                                            [WORKER  1] ia=3683, thermal , zout=64.4, eup=  311.49
     Process 1 started calculating ia=3686
                                            [WORKER  2] ia=3684, thermal , zout=64.3, eup=  309.33
     Process 2 started calculating ia=3687
                                            [WORKER  3] ia=3685, thermal , zout=64.4, eup=  311.23
     Process 3 started calculating ia=3688
                                            [WORKER  1] ia=3686, thermal , zout=64.5, eup=  314.54
     Process 1 started calculating ia=3689
                                            [WORKER  2] ia=3687, thermal , zout=64.4, eup=  310.84
     Process 2 started calculating ia=3690
                                            [WORKER  3] ia=3688, thermal , zout=64.4, eup=  313.57
     Process 3 started calculating ia=3691
                                            [WORKER  1] ia=3689, thermal , zout=64.4, eup=  313.76
     Process 1 started calculating ia=3692
                                            [WORKER  2] ia=3690, thermal , zout=64.3, eup=  302.65
     Process 2 started calculating ia=3693
                                            [WORKER  3] ia=3691, thermal , zout=64.3, eup=  312.46
     Process 3 started calculating ia=3694
                                            [WORKER  1] ia=3692, thermal , zout=64.2, eup=  308.86
     Process 1 started calculating ia=3695
                                            [WORKER  2] ia=3693, thermal , zout=64.2, eup=  299.23
     Process 2 started calculating ia=3696
                                            [WORKER  3] ia=3694, thermal , zout=64.2, eup=  308.86
     Process 3 started calculating ia=3697
                                            [WORKER  1] ia=3695, thermal , zout=64.2, eup=  308.64
     Process 1 started calculating ia=3698
                                            [WORKER  3] ia=3697, thermal , zout=64.2, eup=  309.13
     Process 3 started calculating ia=3699
                                            [WORKER  2] ia=3696, thermal , zout=64.2, eup=  304.14
     Process 2 started calculating ia=3700
                                            [WORKER  1] ia=3698, thermal , zout=64.2, eup=  309.12
     Process 1 started calculating ia=3701
                                            [WORKER  2] ia=3700, thermal , zout=64.2, eup=  309.23
     Process 2 started calculating ia=3702
                                            [WORKER  3] ia=3699, thermal , zout=64.2, eup=  309.18
     Process 3 started calculating ia=3703
                                            [WORKER  1] ia=3701, thermal , zout=64.2, eup=  309.27
     Process 1 started calculating ia=3704
                                            [WORKER  3] ia=3703, thermal , zout=64.2, eup=  309.09
     Process 3 started calculating ia=3705
                                            [WORKER  2] ia=3702, thermal , zout=64.2, eup=  309.10
     Process 2 started calculating ia=3706
                                            [WORKER  1] ia=3704, thermal , zout=64.2, eup=  309.88
     Process 1 started calculating ia=3707
                                            [WORKER  3] ia=3705, thermal , zout=64.2, eup=  305.34
     Process 3 started calculating ia=3708
                                            [WORKER  2] ia=3706, thermal , zout=64.2, eup=  309.11
     Process 2 started calculating ia=3709
                                            [WORKER  1] ia=3707, thermal , zout=64.2, eup=  304.94
     Process 1 started calculating ia=3710
                                            [WORKER  3] ia=3708, thermal , zout=64.2, eup=  304.35
     Process 3 started calculating ia=3711
                                            [WORKER  2] ia=3709, thermal , zout=64.1, eup=  303.94
     Process 2 started calculating ia=3712
                                            [WORKER  1] ia=3710, thermal , zout=64.2, eup=  307.06
     Process 1 started calculating ia=3713
                                            [WORKER  3] ia=3711, thermal , zout=64.2, eup=  309.59
     Process 3 started calculating ia=3714
                                            [WORKER  2] ia=3712, thermal , zout=64.2, eup=  304.20
     Process 2 started calculating ia=3715
                                            [WORKER  1] ia=3713, thermal , zout=64.1, eup=  304.02
     Process 1 started calculating ia=3716
                                            [WORKER  3] ia=3714, thermal , zout=64.1, eup=  304.43
     Process 3 started calculating ia=3717
                                            [WORKER  2] ia=3715, thermal , zout=64.1, eup=  302.61
     Process 2 started calculating ia=3718
                                            [WORKER  1] ia=3716, thermal , zout=64.1, eup=  300.73
     Process 1 started calculating ia=3719
                                            [WORKER  3] ia=3717, thermal , zout=64.1, eup=  302.65
     Process 3 started calculating ia=3720
                                            [WORKER  2] ia=3718, thermal , zout=64.1, eup=  303.35
     Process 2 started calculating ia=3721
                                            [WORKER  1] ia=3719, thermal , zout=64.1, eup=  303.95
     Process 1 started calculating ia=3722
                                            [WORKER  3] ia=3720, thermal , zout=63.9, eup=  305.36
     Process 3 started calculating ia=3723
                                            [WORKER  2] ia=3721, thermal , zout=64.1, eup=  307.72
     Process 2 started calculating ia=3724
                                            [WORKER  1] ia=3722, thermal , zout=63.9, eup=  305.61
     Process 1 started calculating ia=3725
                                            [WORKER  3] ia=3723, thermal , zout=64.1, eup=  307.97
     Process 3 started calculating ia=3726
                                            [WORKER  2] ia=3724, thermal , zout=64.1, eup=  307.80
     Process 2 started calculating ia=3727
                                            [WORKER  1] ia=3725, thermal , zout=63.9, eup=  305.85
     Process 1 started calculating ia=3728
                                            [WORKER  3] ia=3726, thermal , zout=64.1, eup=  306.85
     Process 3 started calculating ia=3729
                                            [WORKER  2] ia=3727, thermal , zout=64.1, eup=  307.81
     Process 2 started calculating ia=3730
                                            [WORKER  1] ia=3728, thermal , zout=63.9, eup=  306.74
     Process 1 started calculating ia=3731
                                            [WORKER  3] ia=3729, thermal , zout=64.1, eup=  304.93
     Process 3 started calculating ia=3732
                                            [WORKER  2] ia=3730, thermal , zout=64.1, eup=  304.14
     Process 2 started calculating ia=3733
                                            [WORKER  1] ia=3731, thermal , zout=64.1, eup=  298.52
     Process 1 started calculating ia=3734
                                            [WORKER  3] ia=3732, thermal , zout=64.1, eup=  300.31
     Process 3 started calculating ia=3735
                                            [WORKER  2] ia=3733, thermal , zout=64.1, eup=  303.12
     Process 2 started calculating ia=3736
                                            [WORKER  1] ia=3734, thermal , zout=64.1, eup=  302.17
     Process 1 started calculating ia=3737
                                            [WORKER  3] ia=3735, thermal , zout=64.1, eup=  297.04
     Process 3 started calculating ia=3738
                                            [WORKER  2] ia=3736, thermal , zout=64.1, eup=  292.45
     Process 2 started calculating ia=3739
                                            [WORKER  1] ia=3737, thermal , zout=64.1, eup=  298.48
     Process 1 started calculating ia=3740
                                            [WORKER  3] ia=3738, thermal , zout=64.1, eup=  296.74
     Process 3 started calculating ia=3741
                                            [WORKER  2] ia=3739, thermal , zout=64.1, eup=  297.37
     Process 2 started calculating ia=3742
                                            [WORKER  1] ia=3740, thermal , zout=64.1, eup=  301.03
     Process 1 started calculating ia=3743
                                            [WORKER  3] ia=3741, thermal , zout=64.1, eup=  303.38
     Process 3 started calculating ia=3744
                                            [WORKER  2] ia=3742, thermal , zout=64.1, eup=  306.64
     Process 2 started calculating ia=3745
                                            [WORKER  1] ia=3743, thermal , zout=64.1, eup=  302.54
     Process 1 started calculating ia=3746
                                            [WORKER  3] ia=3744, thermal , zout=64.1, eup=  302.35
     Process 3 started calculating ia=3747
                                            [WORKER  2] ia=3745, thermal , zout=63.9, eup=  302.12
     Process 2 started calculating ia=3748
                                            [WORKER  1] ia=3746, thermal , zout=63.9, eup=  295.17
     Process 1 started calculating ia=3749
                                            [WORKER  3] ia=3747, thermal , zout=63.9, eup=  299.98
     Process 3 started calculating ia=3750
                                            [WORKER  2] ia=3748, thermal , zout=64.1, eup=  303.52
     Process 2 started calculating ia=3751
                                            [WORKER  1] ia=3749, thermal , zout=63.9, eup=  300.75
     Process 1 started calculating ia=3752
                                            [WORKER  3] ia=3750, thermal , zout=63.9, eup=  302.98
     Process 3 started calculating ia=3753
                                            [WORKER  2] ia=3751, thermal , zout=63.9, eup=  301.94
     Process 2 started calculating ia=3754
                                            [WORKER  1] ia=3752, thermal , zout=63.9, eup=  304.50
     Process 1 started calculating ia=3755
                                            [WORKER  3] ia=3753, thermal , zout=63.9, eup=  307.50
     Process 3 started calculating ia=3756
                                            [WORKER  2] ia=3754, thermal , zout=63.9, eup=  307.49
     Process 2 started calculating ia=3757
                                            [WORKER  1] ia=3755, thermal , zout=63.9, eup=  307.21
     Process 1 started calculating ia=3758
                                            [WORKER  3] ia=3756, thermal , zout=63.9, eup=  304.85
     Process 3 started calculating ia=3759
                                            [WORKER  2] ia=3757, thermal , zout=63.9, eup=  305.03
     Process 2 started calculating ia=3760
                                            [WORKER  1] ia=3758, thermal , zout=63.9, eup=  302.47
     Process 1 started calculating ia=3761
                                            [WORKER  3] ia=3759, thermal , zout=63.9, eup=  298.35
     Process 3 started calculating ia=3762
                                            [WORKER  2] ia=3760, thermal , zout=63.9, eup=  300.44
     Process 2 started calculating ia=3763
                                            [WORKER  1] ia=3761, thermal , zout=63.9, eup=  307.09
     Process 1 started calculating ia=3764
                                            [WORKER  3] ia=3762, thermal , zout=63.9, eup=  306.06
     Process 3 started calculating ia=3765
                                            [WORKER  2] ia=3763, thermal , zout=63.8, eup=  300.54
     Process 2 started calculating ia=3766
                                            [WORKER  1] ia=3764, thermal , zout=63.9, eup=  301.65
     Process 1 started calculating ia=3767
                                            [WORKER  3] ia=3765, thermal , zout=63.9, eup=  303.08
     Process 3 started calculating ia=3768
                                            [WORKER  2] ia=3766, thermal , zout=63.9, eup=  303.98
     Process 2 started calculating ia=3769
                                            [WORKER  1] ia=3767, thermal , zout=63.9, eup=  304.90
     Process 1 started calculating ia=3770
                                            [WORKER  3] ia=3768, thermal , zout=63.9, eup=  304.22
     Process 3 started calculating ia=3771
                                            [WORKER  1] ia=3770, thermal , zout=63.9, eup=  300.64
     Process 1 started calculating ia=3772
                                            [WORKER  2] ia=3769, thermal , zout=63.9, eup=  305.53
     Process 2 started calculating ia=3773
                                            [WORKER  3] ia=3771, thermal , zout=63.9, eup=  301.11
     Process 3 started calculating ia=3774
                                            [WORKER  2] ia=3773, thermal , zout=64.1, eup=  305.01
     Process 2 started calculating ia=3775
                                            [WORKER  1] ia=3772, thermal , zout=64.1, eup=  299.13
     Process 1 started calculating ia=3776
                                            [WORKER  3] ia=3774, thermal , zout=64.1, eup=  304.42
     Process 3 started calculating ia=3777
                                            [WORKER  1] ia=3776, thermal , zout=64.2, eup=  310.94
     Process 1 started calculating ia=3778
                                            [WORKER  3] ia=3777, thermal , zout=64.2, eup=  309.72
     Process 3 started calculating ia=3779
                                            [WORKER  2] ia=3775, thermal , zout=64.2, eup=  305.40
     Process 2 started calculating ia=3780
                                            [WORKER  3] ia=3779, thermal , zout=64.1, eup=  305.15
     Process 3 started calculating ia=3781
                                            [WORKER  1] ia=3778, thermal , zout=64.1, eup=  305.20
     Process 1 started calculating ia=3782
                                            [WORKER  2] ia=3780, thermal , zout=64.1, eup=  301.07
     Process 2 started calculating ia=3783
                                            [WORKER  2] ia=3783, thermal , zout=64.1, eup=  302.55
     Process 2 started calculating ia=3784
                                            [WORKER  1] ia=3782, thermal , zout=64.1, eup=  303.11
                                            [WORKER  3] ia=3781, thermal , zout=64.1, eup=  305.37
     Process 3 started calculating ia=3785
     Process 1 started calculating ia=3786
                                            [WORKER  3] ia=3785, thermal , zout=64.1, eup=  302.29
     Process 3 started calculating ia=3787
                                            [WORKER  1] ia=3786, thermal , zout=64.1, eup=  304.15
     Process 1 started calculating ia=3788
                                            [WORKER  2] ia=3784, thermal , zout=64.1, eup=  303.97
     Process 2 started calculating ia=3789
                                            [WORKER  1] ia=3788, thermal , zout=63.9, eup=  298.14
     Process 1 started calculating ia=3790
                                            [WORKER  3] ia=3787, thermal , zout=64.1, eup=  302.38
     Process 3 started calculating ia=3791
                                            [WORKER  2] ia=3789, thermal , zout=64.1, eup=  305.21
     Process 2 started calculating ia=3792
                                            [WORKER  3] ia=3791, thermal , zout=64.1, eup=  308.43
     Process 3 started calculating ia=3793
                                            [WORKER  2] ia=3792, thermal , zout=64.2, eup=  302.53
     Process 2 started calculating ia=3794
                                            [WORKER  1] ia=3790, thermal , zout=64.1, eup=  304.45
     Process 1 started calculating ia=3795
                                            [WORKER  3] ia=3793, thermal , zout=64.2, eup=  310.57
     Process 3 started calculating ia=3796
                                            [WORKER  2] ia=3794, thermal , zout=64.2, eup=  310.95
     Process 2 started calculating ia=3797
                                            [WORKER  1] ia=3795, thermal , zout=64.2, eup=  308.93
     Process 1 started calculating ia=3798
                                            [WORKER  3] ia=3796, thermal , zout=64.1, eup=  306.79
     Process 3 started calculating ia=3799
                                            [WORKER  2] ia=3797, thermal , zout=64.1, eup=  304.03
     Process 2 started calculating ia=3800
                                            [WORKER  1] ia=3798, thermal , zout=64.1, eup=  304.38
     Process 1 started calculating ia=3801
                                            [WORKER  3] ia=3799, thermal , zout=64.1, eup=  304.42
     Process 3 started calculating ia=3802
                                            [WORKER  2] ia=3800, thermal , zout=64.1, eup=  300.93
     Process 2 started calculating ia=3803
                                            [WORKER  1] ia=3801, thermal , zout=64.1, eup=  302.92
     Process 1 started calculating ia=3804
                                            [WORKER  3] ia=3802, thermal , zout=64.1, eup=  306.22
     Process 3 started calculating ia=3805
                                            [WORKER  1] ia=3804, thermal , zout=64.1, eup=  306.78
     Process 1 started calculating ia=3806
                                            [WORKER  2] ia=3803, thermal , zout=64.1, eup=  306.13
     Process 2 started calculating ia=3807
                                            [WORKER  3] ia=3805, thermal , zout=64.1, eup=  305.81
     Process 3 started calculating ia=3808
                                            [WORKER  1] ia=3806, thermal , zout=64.1, eup=  307.33
     Process 1 started calculating ia=3809
                                            [WORKER  2] ia=3807, thermal , zout=64.1, eup=  307.22
     Process 2 started calculating ia=3810
                                            [WORKER  3] ia=3808, thermal , zout=64.1, eup=  307.33
     Process 3 started calculating ia=3811
                                            [WORKER  1] ia=3809, thermal , zout=64.1, eup=  304.48
     Process 1 started calculating ia=3812
                                            [WORKER  2] ia=3810, thermal , zout=64.1, eup=  305.69
     Process 2 started calculating ia=3813
                                            [WORKER  3] ia=3811, thermal , zout=64.1, eup=  306.68
     Process 3 started calculating ia=3814
                                            [WORKER  1] ia=3812, thermal , zout=64.2, eup=  309.65
     Process 1 started calculating ia=3815
                                            [WORKER  2] ia=3813, thermal , zout=64.2, eup=  309.64
     Process 2 started calculating ia=3816
                                            [WORKER  3] ia=3814, thermal , zout=64.2, eup=  309.16
     Process 3 started calculating ia=3817
                                            [WORKER  1] ia=3815, thermal , zout=64.2, eup=  309.18
     Process 1 started calculating ia=3818
                                            [WORKER  2] ia=3816, thermal , zout=64.2, eup=  309.16
     Process 2 started calculating ia=3819
                                            [WORKER  3] ia=3817, thermal , zout=64.2, eup=  304.12
     Process 3 started calculating ia=3820
                                            [WORKER  1] ia=3818, thermal , zout=64.2, eup=  304.68
     Process 1 started calculating ia=3821
                                            [WORKER  2] ia=3819, thermal , zout=64.1, eup=  303.27
     Process 2 started calculating ia=3822
                                            [WORKER  3] ia=3820, thermal , zout=64.1, eup=  303.28
     Process 3 started calculating ia=3823
                                            [WORKER  1] ia=3821, thermal , zout=64.1, eup=  302.75
     Process 1 started calculating ia=3824
                                            [WORKER  2] ia=3822, thermal , zout=64.2, eup=  300.53
     Process 2 started calculating ia=3825
                                            [WORKER  3] ia=3823, thermal , zout=64.2, eup=  307.91
     Process 3 started calculating ia=3826
                                            [WORKER  1] ia=3824, thermal , zout=64.2, eup=  306.11
     Process 1 started calculating ia=3827
                                            [WORKER  2] ia=3825, thermal , zout=64.2, eup=  303.62
     Process 2 started calculating ia=3828
                                            [WORKER  3] ia=3826, thermal , zout=64.2, eup=  304.41
     Process 3 started calculating ia=3829
                                            [WORKER  1] ia=3827, thermal , zout=64.1, eup=  302.51
     Process 1 started calculating ia=3830
                                            [WORKER  2] ia=3828, thermal , zout=64.1, eup=  301.30
     Process 2 started calculating ia=3831
                                            [WORKER  3] ia=3829, thermal , zout=64.1, eup=  302.55
     Process 3 started calculating ia=3832
                                            [WORKER  1] ia=3830, thermal , zout=64.1, eup=  304.85
     Process 1 started calculating ia=3833
                                            [WORKER  2] ia=3831, thermal , zout=64.2, eup=  305.15
     Process 2 started calculating ia=3834
                                            [WORKER  3] ia=3832, thermal , zout=64.2, eup=  304.82
     Process 3 started calculating ia=3835
                                            [WORKER  1] ia=3833, thermal , zout=64.2, eup=  306.39
     Process 1 started calculating ia=3836
                                            [WORKER  2] ia=3834, thermal , zout=64.2, eup=  305.47
     Process 2 started calculating ia=3837
                                            [WORKER  3] ia=3835, thermal , zout=64.2, eup=  308.09
     Process 3 started calculating ia=3838
                                            [WORKER  1] ia=3836, thermal , zout=64.2, eup=  310.60
     Process 1 started calculating ia=3839
                                            [WORKER  2] ia=3837, thermal , zout=64.2, eup=  306.55
     Process 2 started calculating ia=3840
                                            [WORKER  3] ia=3838, thermal , zout=64.2, eup=  307.26
     Process 3 started calculating ia=3841
                                            [WORKER  1] ia=3839, thermal , zout=64.2, eup=  307.30
     Process 1 started calculating ia=3842
                                            [WORKER  2] ia=3840, thermal , zout=64.2, eup=  303.32
     Process 2 started calculating ia=3843
                                            [WORKER  3] ia=3841, thermal , zout=64.2, eup=  307.31
     Process 3 started calculating ia=3844
                                            [WORKER  1] ia=3842, thermal , zout=64.2, eup=  307.98
     Process 1 started calculating ia=3845
                                            [WORKER  2] ia=3843, thermal , zout=64.2, eup=  306.12
     Process 2 started calculating ia=3846
                                            [WORKER  3] ia=3844, thermal , zout=64.2, eup=  307.75
     Process 3 started calculating ia=3847
                                            [WORKER  1] ia=3845, thermal , zout=64.2, eup=  309.66
     Process 1 started calculating ia=3848
                                            [WORKER  2] ia=3846, thermal , zout=64.2, eup=  309.05
     Process 2 started calculating ia=3849
                                            [WORKER  3] ia=3847, thermal , zout=63.9, eup=  304.70
     Process 3 started calculating ia=3850
                                            [WORKER  1] ia=3848, thermal , zout=64.2, eup=  303.46
     Process 1 started calculating ia=3851
                                            [WORKER  2] ia=3849, thermal , zout=64.2, eup=  297.99
     Process 2 started calculating ia=3852
                                            [WORKER  3] ia=3850, thermal , zout=64.3, eup=  308.33
     Process 3 started calculating ia=3853
                                            [WORKER  1] ia=3851, thermal , zout=64.3, eup=  305.34
     Process 1 started calculating ia=3854
                                            [WORKER  2] ia=3852, thermal , zout=64.3, eup=  310.47
     Process 2 started calculating ia=3855
                                            [WORKER  3] ia=3853, thermal , zout=64.3, eup=  310.54
     Process 3 started calculating ia=3856
                                            [WORKER  1] ia=3854, thermal , zout=64.3, eup=  310.27
     Process 1 started calculating ia=3857
                                            [WORKER  2] ia=3855, thermal , zout=64.3, eup=  308.38
     Process 2 started calculating ia=3858
                                            [WORKER  3] ia=3856, thermal , zout=64.3, eup=  306.35
     Process 3 started calculating ia=3859
                                            [WORKER  1] ia=3857, thermal , zout=64.3, eup=  300.50
     Process 1 started calculating ia=3860
                                            [WORKER  2] ia=3858, thermal , zout=64.3, eup=  304.56
     Process 2 started calculating ia=3861
                                            [WORKER  3] ia=3859, thermal , zout=64.3, eup=  309.66
     Process 3 started calculating ia=3862
                                            [WORKER  1] ia=3860, thermal , zout=64.3, eup=  310.19
     Process 1 started calculating ia=3863
                                            [WORKER  2] ia=3861, thermal , zout=64.3, eup=  309.64
     Process 2 started calculating ia=3864
                                            [WORKER  3] ia=3862, thermal , zout=64.3, eup=  307.85
     Process 3 started calculating ia=3865
                                            [WORKER  1] ia=3863, thermal , zout=64.2, eup=  309.37
     Process 1 started calculating ia=3866
                                            [WORKER  2] ia=3864, thermal , zout=64.1, eup=  304.96
     Process 2 started calculating ia=3867
                                            [WORKER  3] ia=3865, thermal , zout=64.1, eup=  305.67
     Process 3 started calculating ia=3868
                                            [WORKER  1] ia=3866, thermal , zout=64.2, eup=  305.70
     Process 1 started calculating ia=3869
                                            [WORKER  2] ia=3867, thermal , zout=64.3, eup=  305.02
     Process 2 started calculating ia=3870
                                            [WORKER  3] ia=3868, thermal , zout=64.3, eup=  311.35
     Process 3 started calculating ia=3871
                                            [WORKER  1] ia=3869, thermal , zout=64.3, eup=  310.47
     Process 1 started calculating ia=3872
                                            [WORKER  2] ia=3870, thermal , zout=64.3, eup=  309.91
     Process 2 started calculating ia=3873
                                            [WORKER  3] ia=3871, thermal , zout=64.3, eup=  308.97
     Process 3 started calculating ia=3874
                                            [WORKER  1] ia=3872, thermal , zout=64.3, eup=  313.64
     Process 1 started calculating ia=3875
                                            [WORKER  2] ia=3873, thermal , zout=64.2, eup=  306.71
     Process 2 started calculating ia=3876
                                            [WORKER  3] ia=3874, thermal , zout=64.3, eup=  309.06
     Process 3 started calculating ia=3877
                                            [WORKER  1] ia=3875, thermal , zout=64.2, eup=  311.12
     Process 1 started calculating ia=3878
                                            [WORKER  2] ia=3876, thermal , zout=64.2, eup=  311.15
     Process 2 started calculating ia=3879
                                            [WORKER  3] ia=3877, thermal , zout=64.2, eup=  310.87
     Process 3 started calculating ia=3880
                                            [WORKER  1] ia=3878, thermal , zout=64.2, eup=  310.86
     Process 1 started calculating ia=3881
                                            [WORKER  2] ia=3879, thermal , zout=64.2, eup=  307.90
     Process 2 started calculating ia=3882
                                            [WORKER  3] ia=3880, thermal , zout=64.2, eup=  307.73
     Process 3 started calculating ia=3883
                                            [WORKER  1] ia=3881, thermal , zout=64.3, eup=  309.40
     Process 1 started calculating ia=3884
                                            [WORKER  2] ia=3882, thermal , zout=64.3, eup=  311.50
     Process 2 started calculating ia=3885
                                            [WORKER  3] ia=3883, thermal , zout=64.3, eup=  314.27
     Process 3 started calculating ia=3886
                                            [WORKER  1] ia=3884, thermal , zout=64.3, eup=  313.10
     Process 1 started calculating ia=3887
                                            [WORKER  2] ia=3885, thermal , zout=64.3, eup=  312.62
     Process 2 started calculating ia=3888
                                            [WORKER  3] ia=3886, thermal , zout=64.2, eup=  309.70
     Process 3 started calculating ia=3889
                                            [WORKER  1] ia=3887, thermal , zout=64.3, eup=  312.74
     Process 1 started calculating ia=3890
                                            [WORKER  2] ia=3888, thermal , zout=64.3, eup=  309.38
     Process 2 started calculating ia=3891
                                            [WORKER  3] ia=3889, thermal , zout=64.2, eup=  309.45
     Process 3 started calculating ia=3892
                                            [WORKER  1] ia=3890, thermal , zout=64.2, eup=  309.34
     Process 1 started calculating ia=3893
                                            [WORKER  2] ia=3891, thermal , zout=64.1, eup=  306.89
     Process 2 started calculating ia=3894
                                            [WORKER  3] ia=3892, thermal , zout=64.2, eup=  308.63
     Process 3 started calculating ia=3895
                                            [WORKER  1] ia=3893, thermal , zout=64.1, eup=  306.91
     Process 1 started calculating ia=3896
                                            [WORKER  2] ia=3894, thermal , zout=64.2, eup=  308.55
     Process 2 started calculating ia=3897
                                            [WORKER  3] ia=3895, thermal , zout=64.2, eup=  309.42
     Process 3 started calculating ia=3898
                                            [WORKER  1] ia=3896, thermal , zout=64.3, eup=  311.65
     Process 1 started calculating ia=3899
                                            [WORKER  2] ia=3897, thermal , zout=64.2, eup=  306.17
     Process 2 started calculating ia=3900
                                            [WORKER  3] ia=3898, thermal , zout=64.2, eup=  309.69
     Process 3 started calculating ia=3901
                                            [WORKER  1] ia=3899, thermal , zout=64.2, eup=  309.36
     Process 1 started calculating ia=3902
                                            [WORKER  2] ia=3900, thermal , zout=64.1, eup=  307.78
     Process 2 started calculating ia=3903
                                            [WORKER  3] ia=3901, thermal , zout=63.9, eup=  303.54
     Process 3 started calculating ia=3904
                                            [WORKER  1] ia=3902, thermal , zout=64.1, eup=  306.98
     Process 1 started calculating ia=3905
                                            [WORKER  2] ia=3903, thermal , zout=64.1, eup=  306.87
     Process 2 started calculating ia=3906
                                            [WORKER  3] ia=3904, thermal , zout=64.1, eup=  305.20
     Process 3 started calculating ia=3907
                                            [WORKER  1] ia=3905, thermal , zout=64.1, eup=  301.61
     Process 1 started calculating ia=3908
                                            [WORKER  2] ia=3906, thermal , zout=64.1, eup=  307.39
     Process 2 started calculating ia=3909
                                            [WORKER  3] ia=3907, thermal , zout=63.9, eup=  305.59
     Process 3 started calculating ia=3910
                                            [WORKER  1] ia=3908, thermal , zout=64.1, eup=  303.10
     Process 1 started calculating ia=3911
                                            [WORKER  2] ia=3909, thermal , zout=64.1, eup=  309.05
     Process 2 started calculating ia=3912
                                            [WORKER  1] ia=3911, thermal , zout=64.1, eup=  306.24
     Process 1 started calculating ia=3913
                                            [WORKER  3] ia=3910, thermal , zout=64.1, eup=  305.81
     Process 3 started calculating ia=3914
                                            [WORKER  2] ia=3912, thermal , zout=64.1, eup=  310.11
     Process 2 started calculating ia=3915
                                            [WORKER  3] ia=3914, thermal , zout=63.9, eup=  308.10
     Process 3 started calculating ia=3916
                                            [WORKER  1] ia=3913, thermal , zout=64.1, eup=  310.25
     Process 1 started calculating ia=3917
                                            [WORKER  2] ia=3915, thermal , zout=64.1, eup=  309.94
     Process 2 started calculating ia=3918
                                            [WORKER  1] ia=3917, thermal , zout=64.1, eup=  309.26
     Process 1 started calculating ia=3919
                                            [WORKER  3] ia=3916, thermal , zout=64.1, eup=  309.29
     Process 3 started calculating ia=3920
                                            [WORKER  2] ia=3918, thermal , zout=64.1, eup=  308.83
     Process 2 started calculating ia=3921
                                            [WORKER  1] ia=3919, thermal , zout=64.1, eup=  303.80
     Process 1 started calculating ia=3922
                                            [WORKER  3] ia=3920, thermal , zout=64.1, eup=  308.30
     Process 3 started calculating ia=3923
                                            [WORKER  2] ia=3921, thermal , zout=64.1, eup=  308.51
     Process 2 started calculating ia=3924
                                            [WORKER  3] ia=3923, thermal , zout=64.1, eup=  305.69
     Process 3 started calculating ia=3925
                                            [WORKER  1] ia=3922, thermal , zout=64.1, eup=  308.23
     Process 1 started calculating ia=3926
                                            [WORKER  2] ia=3924, thermal , zout=64.1, eup=  301.59
     Process 2 started calculating ia=3927
                                            [WORKER  1] ia=3926, thermal , zout=64.1, eup=  307.59
     Process 1 started calculating ia=3928
                                            [WORKER  3] ia=3925, thermal , zout=64.1, eup=  301.76
     Process 3 started calculating ia=3929
                                            [WORKER  2] ia=3927, thermal , zout=64.1, eup=  307.61
     Process 2 started calculating ia=3930
                                            [WORKER  1] ia=3928, thermal , zout=64.1, eup=  307.84
     Process 1 started calculating ia=3931
                                            [WORKER  3] ia=3929, thermal , zout=64.1, eup=  307.77
     Process 3 started calculating ia=3932
                                            [WORKER  2] ia=3930, thermal , zout=64.1, eup=  307.73
     Process 2 started calculating ia=3933
                                            [WORKER  3] ia=3932, thermal , zout=64.1, eup=  307.58
     Process 3 started calculating ia=3934
                                            [WORKER  1] ia=3931, thermal , zout=64.1, eup=  307.51
     Process 1 started calculating ia=3935
                                            [WORKER  2] ia=3933, thermal , zout=64.1, eup=  306.51
     Process 2 started calculating ia=3936
                                            [WORKER  1] ia=3935, thermal , zout=63.9, eup=  295.53
     Process 1 started calculating ia=3937
                                            [WORKER  2] ia=3936, thermal , zout=63.9, eup=  292.36
     Process 2 started calculating ia=3938
                                            [WORKER  3] ia=3934, thermal , zout=64.1, eup=  303.50
     Process 3 started calculating ia=3939
                                            [WORKER  1] ia=3937, thermal , zout=63.9, eup=  301.08
     Process 1 started calculating ia=3940
                                            [WORKER  3] ia=3939, thermal , zout=64.1, eup=  298.53
     Process 3 started calculating ia=3941
                                            [WORKER  2] ia=3938, thermal , zout=64.1, eup=  299.91
     Process 2 started calculating ia=3942
                                            [WORKER  1] ia=3940, thermal , zout=64.1, eup=  300.40
     Process 1 started calculating ia=3943
                                            [WORKER  3] ia=3941, thermal , zout=64.1, eup=  302.47
     Process 3 started calculating ia=3944
                                            [WORKER  2] ia=3942, thermal , zout=64.1, eup=  300.70
     Process 2 started calculating ia=3945
                                            [WORKER  2] ia=3945, thermal , zout=63.9, eup=  298.35
     Process 2 started calculating ia=3946
                                            [WORKER  1] ia=3943, thermal , zout=64.1, eup=  298.57
     Process 1 started calculating ia=3947
                                            [WORKER  3] ia=3944, thermal , zout=64.1, eup=  301.69
     Process 3 started calculating ia=3948
                                            [WORKER  2] ia=3946, thermal , zout=64.1, eup=  305.84
     Process 2 started calculating ia=3949
                                            [WORKER  1] ia=3947, thermal , zout=64.1, eup=  305.48
     Process 1 started calculating ia=3950
                                            [WORKER  3] ia=3948, thermal , zout=64.1, eup=  304.12
     Process 3 started calculating ia=3951
                                            [WORKER  1] ia=3950, thermal , zout=64.1, eup=  305.66
     Process 1 started calculating ia=3952
                                            [WORKER  3] ia=3951, thermal , zout=64.1, eup=  305.62
     Process 3 started calculating ia=3953
                                            [WORKER  2] ia=3949, thermal , zout=64.1, eup=  305.76
     Process 2 started calculating ia=3954
                                            [WORKER  1] ia=3952, thermal , zout=64.1, eup=  305.57
     Process 1 started calculating ia=3955
                                            [WORKER  3] ia=3953, thermal , zout=64.1, eup=  297.09
     Process 3 started calculating ia=3956
                                            [WORKER  2] ia=3954, thermal , zout=64.1, eup=  302.44
     Process 2 started calculating ia=3957
                                            [WORKER  1] ia=3955, thermal , zout=64.1, eup=  297.03
     Process 1 started calculating ia=3958
                                            [WORKER  2] ia=3957, thermal , zout=64.1, eup=  309.45
     Process 2 started calculating ia=3959
                                            [WORKER  3] ia=3956, thermal , zout=64.1, eup=  303.87
     Process 3 started calculating ia=3960
                                            [WORKER  1] ia=3958, thermal , zout=64.1, eup=  309.45
     Process 1 started calculating ia=3961
                                            [WORKER  3] ia=3960, thermal , zout=64.1, eup=  309.43
     Process 3 started calculating ia=3962
                                            [WORKER  2] ia=3959, thermal , zout=64.1, eup=  309.51
     Process 2 started calculating ia=3963
                                            [WORKER  1] ia=3961, thermal , zout=64.1, eup=  309.29
     Process 1 started calculating ia=3964
                                            [WORKER  3] ia=3962, thermal , zout=64.1, eup=  307.41
     Process 3 started calculating ia=3965
                                            [WORKER  2] ia=3963, thermal , zout=64.1, eup=  309.63
     Process 2 started calculating ia=3966
                                            [WORKER  1] ia=3964, thermal , zout=64.2, eup=  313.03
     Process 1 started calculating ia=3967
                                            [WORKER  3] ia=3965, thermal , zout=64.2, eup=  313.03
     Process 3 started calculating ia=3968
                                            [WORKER  2] ia=3966, thermal , zout=64.2, eup=  313.02
     Process 2 started calculating ia=3969
                                            [WORKER  1] ia=3967, thermal , zout=64.2, eup=  313.04
     Process 1 started calculating ia=3970
                                            [WORKER  3] ia=3968, thermal , zout=64.2, eup=  312.64
     Process 3 started calculating ia=3971
                                            [WORKER  2] ia=3969, thermal , zout=64.2, eup=  312.66
     Process 2 started calculating ia=3972
                                            [WORKER  1] ia=3970, thermal , zout=64.2, eup=  312.02
     Process 1 started calculating ia=3973
                                            [WORKER  3] ia=3971, thermal , zout=64.2, eup=  312.09
     Process 3 started calculating ia=3974
                                            [WORKER  2] ia=3972, thermal , zout=64.2, eup=  311.79
     Process 2 started calculating ia=3975
                                            [WORKER  1] ia=3973, thermal , zout=64.2, eup=  311.64
     Process 1 started calculating ia=3976
                                            [WORKER  3] ia=3974, thermal , zout=64.2, eup=  311.56
     Process 3 started calculating ia=3977
                                            [WORKER  2] ia=3975, thermal , zout=64.2, eup=  311.48
     Process 2 started calculating ia=3978
                                            [WORKER  1] ia=3976, thermal , zout=64.1, eup=  308.45
     Process 1 started calculating ia=3979
                                            [WORKER  3] ia=3977, thermal , zout=64.1, eup=  308.56
     Process 3 started calculating ia=3980
                                            [WORKER  2] ia=3978, thermal , zout=64.2, eup=  311.43
     Process 2 started calculating ia=3981
                                            [WORKER  1] ia=3979, thermal , zout=64.1, eup=  308.53
     Process 1 started calculating ia=3982
                                            [WORKER  3] ia=3980, thermal , zout=64.1, eup=  308.30
     Process 3 started calculating ia=3983
                                            [WORKER  2] ia=3981, thermal , zout=64.2, eup=  310.55
     Process 2 started calculating ia=3984
                                            [WORKER  1] ia=3982, thermal , zout=64.2, eup=  310.12
     Process 1 started calculating ia=3985
                                            [WORKER  3] ia=3983, thermal , zout=64.2, eup=  309.62
     Process 3 started calculating ia=3986
                                            [WORKER  2] ia=3984, thermal , zout=64.1, eup=  307.32
     Process 2 started calculating ia=3987
                                            [WORKER  1] ia=3985, thermal , zout=64.1, eup=  306.77
     Process 1 started calculating ia=3988
                                            [WORKER  3] ia=3986, thermal , zout=64.1, eup=  306.27
     Process 3 started calculating ia=3989
                                            [WORKER  2] ia=3987, thermal , zout=64.1, eup=  304.07
     Process 2 started calculating ia=3990
                                            [WORKER  1] ia=3988, thermal , zout=64.1, eup=  306.15
     Process 1 started calculating ia=3991
                                            [WORKER  3] ia=3989, thermal , zout=64.1, eup=  302.81
     Process 3 started calculating ia=3992
                                            [WORKER  2] ia=3990, thermal , zout=64.1, eup=  297.77
     Process 2 started calculating ia=3993
                                            [WORKER  1] ia=3991, thermal , zout=64.1, eup=  303.08
     Process 1 started calculating ia=3994
                                            [WORKER  3] ia=3992, thermal , zout=64.1, eup=  306.08
     Process 3 started calculating ia=3995
                                            [WORKER  2] ia=3993, thermal , zout=64.2, eup=  309.09
     Process 2 started calculating ia=3996
                                            [WORKER  1] ia=3994, thermal , zout=64.2, eup=  309.29
     Process 1 started calculating ia=3997
                                            [WORKER  3] ia=3995, thermal , zout=64.2, eup=  309.01
     Process 3 started calculating ia=3998
                                            [WORKER  2] ia=3996, thermal , zout=64.2, eup=  308.96
     Process 2 started calculating ia=3999
                                            [WORKER  1] ia=3997, thermal , zout=64.2, eup=  309.13
     Process 1 started calculating ia=4000
                                            [WORKER  3] ia=3998, thermal , zout=64.2, eup=  309.58
     Process 3 started calculating ia=4001
                                            [WORKER  2] ia=3999, thermal , zout=64.2, eup=  309.36
     Process 2 started calculating ia=4002
                                            [WORKER  1] ia=4000, thermal , zout=64.2, eup=  309.21
     Process 1 started calculating ia=4003
                                            [WORKER  3] ia=4001, thermal , zout=64.2, eup=  309.19
     Process 3 started calculating ia=4004
                                            [WORKER  2] ia=4002, thermal , zout=64.2, eup=  309.14
     Process 2 started calculating ia=4005
                                            [WORKER  1] ia=4003, thermal , zout=64.2, eup=  309.19
     Process 1 started calculating ia=4006
                                            [WORKER  3] ia=4004, thermal , zout=64.2, eup=  309.39
     Process 3 started calculating ia=4007
                                            [WORKER  2] ia=4005, thermal , zout=64.2, eup=  309.22
     Process 2 started calculating ia=4008
                                            [WORKER  1] ia=4006, thermal , zout=64.2, eup=  305.39
     Process 1 started calculating ia=4009
                                            [WORKER  3] ia=4007, thermal , zout=64.2, eup=  298.56
     Process 3 started calculating ia=4010
                                            [WORKER  2] ia=4008, thermal , zout=64.2, eup=  296.62
     Process 2 started calculating ia=4011
                                            [WORKER  1] ia=4009, thermal , zout=64.2, eup=  302.31
     Process 1 started calculating ia=4012
                                            [WORKER  3] ia=4010, thermal , zout=64.2, eup=  295.44
     Process 3 started calculating ia=4013
                                            [WORKER  2] ia=4011, thermal , zout=64.2, eup=  307.18
     Process 2 started calculating ia=4014
                                            [WORKER  1] ia=4012, thermal , zout=64.2, eup=  305.07
     Process 1 started calculating ia=4015
                                            [WORKER  3] ia=4013, thermal , zout=64.2, eup=  310.94
     Process 3 started calculating ia=4016
                                            [WORKER  2] ia=4014, thermal , zout=64.2, eup=  309.96
     Process 2 started calculating ia=4017
                                            [WORKER  1] ia=4015, thermal , zout=64.2, eup=  310.09
     Process 1 started calculating ia=4018
                                            [WORKER  3] ia=4016, thermal , zout=64.2, eup=  310.82
     Process 3 started calculating ia=4019
                                            [WORKER  2] ia=4017, thermal , zout=64.2, eup=  310.26
     Process 2 started calculating ia=4020
                                            [WORKER  1] ia=4018, thermal , zout=64.2, eup=  310.00
     Process 1 started calculating ia=4021
                                            [WORKER  3] ia=4019, thermal , zout=64.2, eup=  306.87
     Process 3 started calculating ia=4022
                                            [WORKER  2] ia=4020, thermal , zout=64.2, eup=  309.75
     Process 2 started calculating ia=4023
                                            [WORKER  1] ia=4021, thermal , zout=64.2, eup=  310.25
     Process 1 started calculating ia=4024
                                            [WORKER  3] ia=4022, thermal , zout=64.2, eup=  310.17
     Process 3 started calculating ia=4025
                                            [WORKER  2] ia=4023, thermal , zout=64.2, eup=  310.15
     Process 2 started calculating ia=4026
                                            [WORKER  1] ia=4024, thermal , zout=64.3, eup=  312.80
     Process 1 started calculating ia=4027
                                            [WORKER  3] ia=4025, thermal , zout=64.3, eup=  312.76
     Process 3 started calculating ia=4028
                                            [WORKER  2] ia=4026, thermal , zout=64.3, eup=  313.65
     Process 2 started calculating ia=4029
                                            [WORKER  1] ia=4027, thermal , zout=64.3, eup=  308.67
     Process 1 started calculating ia=4030
                                            [WORKER  3] ia=4028, thermal , zout=64.2, eup=  306.96
     Process 3 started calculating ia=4031
                                            [WORKER  2] ia=4029, thermal , zout=64.2, eup=  307.93
     Process 2 started calculating ia=4032
                                            [WORKER  1] ia=4030, thermal , zout=64.2, eup=  307.26
     Process 1 started calculating ia=4033
                                            [WORKER  3] ia=4031, thermal , zout=64.2, eup=  310.60
     Process 3 started calculating ia=4034
                                            [WORKER  2] ia=4032, thermal , zout=64.2, eup=  310.64
     Process 2 started calculating ia=4035
                                            [WORKER  1] ia=4033, thermal , zout=64.2, eup=  311.07
     Process 1 started calculating ia=4036
                                            [WORKER  2] ia=4035, thermal , zout=64.1, eup=  308.73
     Process 2 started calculating ia=4037
                                            [WORKER  3] ia=4034, thermal , zout=64.2, eup=  311.03
     Process 3 started calculating ia=4038
                                            [WORKER  1] ia=4036, thermal , zout=64.1, eup=  308.89
     Process 1 started calculating ia=4039
                                            [WORKER  3] ia=4038, thermal , zout=64.2, eup=  306.84
     Process 3 started calculating ia=4040
                                            [WORKER  2] ia=4037, thermal , zout=64.1, eup=  308.17
     Process 2 started calculating ia=4041
                                            [WORKER  1] ia=4039, thermal , zout=64.3, eup=  308.12
     Process 1 started calculating ia=4042
                                            [WORKER  2] ia=4041, thermal , zout=64.3, eup=  313.91
     Process 2 started calculating ia=4043
                                            [WORKER  3] ia=4040, thermal , zout=64.3, eup=  306.40
     Process 3 started calculating ia=4044
                                            [WORKER  1] ia=4042, thermal , zout=64.3, eup=  313.29
     Process 1 started calculating ia=4045
                                            [WORKER  2] ia=4043, thermal , zout=64.3, eup=  313.49
     Process 2 started calculating ia=4046
                                            [WORKER  3] ia=4044, thermal , zout=64.3, eup=  313.26
     Process 3 started calculating ia=4047
                                            [WORKER  1] ia=4045, thermal , zout=64.3, eup=  312.71
     Process 1 started calculating ia=4048
                                            [WORKER  2] ia=4046, thermal , zout=64.4, eup=  316.23
     Process 2 started calculating ia=4049
                                            [WORKER  3] ia=4047, thermal , zout=64.4, eup=  316.43
     Process 3 started calculating ia=4050
                                            [WORKER  1] ia=4048, thermal , zout=64.4, eup=  316.35
     Process 1 started calculating ia=4051
                                            [WORKER  2] ia=4049, thermal , zout=64.4, eup=  316.25
     Process 2 started calculating ia=4052
                                            [WORKER  3] ia=4050, thermal , zout=64.4, eup=  316.21
     Process 3 started calculating ia=4053
                                            [WORKER  1] ia=4051, thermal , zout=64.4, eup=  316.19
     Process 1 started calculating ia=4054
                                            [WORKER  2] ia=4052, thermal , zout=64.4, eup=  316.14
     Process 2 started calculating ia=4055
                                            [WORKER  3] ia=4053, thermal , zout=64.4, eup=  315.44
     Process 3 started calculating ia=4056
                                            [WORKER  1] ia=4054, thermal , zout=64.4, eup=  316.38
     Process 1 started calculating ia=4057
                                            [WORKER  1] ia=4057, thermal , zout=64.3, eup=  312.53
     Process 1 started calculating ia=4058
                                            [WORKER  2] ia=4055, thermal , zout=64.3, eup=  312.72
     Process 2 started calculating ia=4059
                                            [WORKER  3] ia=4056, thermal , zout=64.3, eup=  312.53
     Process 3 started calculating ia=4060
                                            [WORKER  1] ia=4058, thermal , zout=64.3, eup=  312.41
     Process 1 started calculating ia=4061
                                            [WORKER  2] ia=4059, thermal , zout=64.3, eup=  312.36
     Process 2 started calculating ia=4062
                                            [WORKER  3] ia=4060, thermal , zout=64.3, eup=  312.63
     Process 3 started calculating ia=4063
                                            [WORKER  1] ia=4061, thermal , zout=64.3, eup=  312.72
     Process 1 started calculating ia=4064
                                            [WORKER  3] ia=4063, thermal , zout=64.3, eup=  312.23
     Process 3 started calculating ia=4065
                                            [WORKER  2] ia=4062, thermal , zout=64.3, eup=  309.32
     Process 2 started calculating ia=4066
                                            [WORKER  1] ia=4064, thermal , zout=64.3, eup=  311.96
     Process 1 started calculating ia=4067
                                            [WORKER  2] ia=4066, thermal , zout=64.4, eup=  313.34
     Process 2 started calculating ia=4068
                                            [WORKER  3] ia=4065, thermal , zout=64.4, eup=  313.84
     Process 3 started calculating ia=4069
                                            [WORKER  1] ia=4067, thermal , zout=64.4, eup=  313.00
     Process 1 started calculating ia=4070
                                            [WORKER  2] ia=4068, thermal , zout=64.4, eup=  312.85
     Process 2 started calculating ia=4071
                                            [WORKER  3] ia=4069, thermal , zout=64.4, eup=  312.66
     Process 3 started calculating ia=4072
                                            [WORKER  1] ia=4070, thermal , zout=64.4, eup=  312.52
     Process 1 started calculating ia=4073
                                            [WORKER  2] ia=4071, thermal , zout=64.4, eup=  312.36
     Process 2 started calculating ia=4074
                                            [WORKER  3] ia=4072, thermal , zout=64.4, eup=  312.28
     Process 3 started calculating ia=4075
                                            [WORKER  1] ia=4073, thermal , zout=64.4, eup=  312.23
     Process 1 started calculating ia=4076
                                            [WORKER  2] ia=4074, thermal , zout=64.4, eup=  312.23
     Process 2 started calculating ia=4077
                                            [WORKER  3] ia=4075, thermal , zout=64.4, eup=  312.37
     Process 3 started calculating ia=4078
                                            [WORKER  1] ia=4076, thermal , zout=64.4, eup=  312.01
     Process 1 started calculating ia=4079
                                            [WORKER  3] ia=4078, thermal , zout=64.5, eup=  315.21
     Process 3 started calculating ia=4080
                                            [WORKER  2] ia=4077, thermal , zout=64.4, eup=  311.96
     Process 2 started calculating ia=4081
                                            [WORKER  1] ia=4079, thermal , zout=64.5, eup=  314.96
     Process 1 started calculating ia=4082
                                            [WORKER  3] ia=4080, thermal , zout=64.5, eup=  314.71
     Process 3 started calculating ia=4083
                                            [WORKER  2] ia=4081, thermal , zout=64.5, eup=  314.62
     Process 2 started calculating ia=4084
                                            [WORKER  1] ia=4082, thermal , zout=64.5, eup=  315.16
     Process 1 started calculating ia=4085
                                            [WORKER  3] ia=4083, thermal , zout=64.4, eup=  312.09
     Process 3 started calculating ia=4086
                                            [WORKER  2] ia=4084, thermal , zout=64.4, eup=  311.79
     Process 2 started calculating ia=4087
                                            [WORKER  1] ia=4085, thermal , zout=64.4, eup=  311.90
     Process 1 started calculating ia=4088
                                            [WORKER  3] ia=4086, thermal , zout=64.4, eup=  311.81
     Process 3 started calculating ia=4089
                                            [WORKER  2] ia=4087, thermal , zout=64.4, eup=  311.77
     Process 2 started calculating ia=4090
                                            [WORKER  1] ia=4088, thermal , zout=64.4, eup=  311.64
     Process 1 started calculating ia=4091
                                            [WORKER  3] ia=4089, thermal , zout=64.4, eup=  312.01
     Process 3 started calculating ia=4092
                                            [WORKER  2] ia=4090, thermal , zout=64.4, eup=  311.95
     Process 2 started calculating ia=4093
                                            [WORKER  1] ia=4091, thermal , zout=64.4, eup=  311.89
     Process 1 started calculating ia=4094
                                            [WORKER  3] ia=4092, thermal , zout=64.4, eup=  311.83
     Process 3 started calculating ia=4095
                                            [WORKER  2] ia=4093, thermal , zout=64.4, eup=  311.81
     Process 2 started calculating ia=4096
                                            [WORKER  1] ia=4094, thermal , zout=64.4, eup=  311.77
     Process 1 started calculating ia=4097
                                            [WORKER  3] ia=4095, thermal , zout=64.4, eup=  303.06
     Process 3 started calculating ia=4098
                                            [WORKER  2] ia=4096, thermal , zout=64.4, eup=  306.09
     Process 2 started calculating ia=4099
                                            [WORKER  1] ia=4097, thermal , zout=64.4, eup=  312.25
     Process 1 started calculating ia=4100
                                            [WORKER  3] ia=4098, thermal , zout=64.3, eup=  309.80
     Process 3 started calculating ia=4101
                                            [WORKER  2] ia=4099, thermal , zout=64.3, eup=  309.80
     Process 2 started calculating ia=4102
                                            [WORKER  1] ia=4100, thermal , zout=64.3, eup=  309.88
     Process 1 started calculating ia=4103
                                            [WORKER  3] ia=4101, thermal , zout=64.3, eup=  309.88
     Process 3 started calculating ia=4104
                                            [WORKER  2] ia=4102, thermal , zout=64.3, eup=  306.61
     Process 2 started calculating ia=4105
                                            [WORKER  3] ia=4104, thermal , zout=64.3, eup=  310.72
     Process 3 started calculating ia=4106
                                            [WORKER  1] ia=4103, thermal , zout=64.3, eup=  299.40
     Process 1 started calculating ia=4107
                                            [WORKER  2] ia=4105, thermal , zout=64.3, eup=  310.68
     Process 2 started calculating ia=4108
                                            [WORKER  1] ia=4107, thermal , zout=64.3, eup=  310.63
     Process 1 started calculating ia=4109
                                            [WORKER  3] ia=4106, thermal , zout=64.3, eup=  310.85
     Process 3 started calculating ia=4110
                                            [WORKER  2] ia=4108, thermal , zout=64.3, eup=  310.61
     Process 2 started calculating ia=4111
                                            [WORKER  1] ia=4109, thermal , zout=64.3, eup=  310.20
     Process 1 started calculating ia=4112
                                            [WORKER  2] ia=4111, thermal , zout=64.4, eup=  306.81
     Process 2 started calculating ia=4113
                                            [WORKER  3] ia=4110, thermal , zout=64.4, eup=  313.54
     Process 3 started calculating ia=4114
                                            [WORKER  1] ia=4112, thermal , zout=64.3, eup=  302.15
     Process 1 started calculating ia=4115
                                            [WORKER  3] ia=4114, thermal , zout=64.3, eup=  309.00
     Process 3 started calculating ia=4116
                                            [WORKER  2] ia=4113, thermal , zout=64.3, eup=  302.61
     Process 2 started calculating ia=4117
                                            [WORKER  1] ia=4115, thermal , zout=64.3, eup=  309.04
     Process 1 started calculating ia=4118
                                            [WORKER  3] ia=4116, thermal , zout=64.3, eup=  307.43
     Process 3 started calculating ia=4119
                                            [WORKER  2] ia=4117, thermal , zout=64.3, eup=  309.27
     Process 2 started calculating ia=4120
                                            [WORKER  3] ia=4119, thermal , zout=64.3, eup=  309.12
     Process 3 started calculating ia=4121
                                            [WORKER  1] ia=4118, thermal , zout=64.3, eup=  308.63
     Process 1 started calculating ia=4122
                                            [WORKER  2] ia=4120, thermal , zout=64.3, eup=  309.03
     Process 2 started calculating ia=4123
                                            [WORKER  3] ia=4121, thermal , zout=64.3, eup=  308.94
     Process 3 started calculating ia=4124
                                            [WORKER  2] ia=4123, thermal , zout=64.4, eup=  310.59
     Process 2 started calculating ia=4125
                                            [WORKER  1] ia=4122, thermal , zout=64.4, eup=  310.88
     Process 1 started calculating ia=4126
                                            [WORKER  3] ia=4124, thermal , zout=64.4, eup=  311.00
     Process 3 started calculating ia=4127
                                            [WORKER  1] ia=4126, thermal , zout=64.4, eup=  310.60
     Process 1 started calculating ia=4128
                                            [WORKER  2] ia=4125, thermal , zout=64.4, eup=  310.71
     Process 2 started calculating ia=4129
                                            [WORKER  3] ia=4127, thermal , zout=64.4, eup=  310.55
     Process 3 started calculating ia=4130
                                            [WORKER  1] ia=4128, thermal , zout=64.4, eup=  310.51
     Process 1 started calculating ia=4131
                                            [WORKER  2] ia=4129, thermal , zout=64.4, eup=  310.46
     Process 2 started calculating ia=4132
                                            [WORKER  3] ia=4130, thermal , zout=64.5, eup=  312.34
     Process 3 started calculating ia=4133
                                            [WORKER  1] ia=4131, thermal , zout=64.5, eup=  312.41
     Process 1 started calculating ia=4134
                                            [WORKER  2] ia=4132, thermal , zout=64.5, eup=  307.17
     Process 2 started calculating ia=4135
                                            [WORKER  3] ia=4133, thermal , zout=64.5, eup=  307.24
     Process 3 started calculating ia=4136
                                            [WORKER  1] ia=4134, thermal , zout=64.5, eup=  311.76
     Process 1 started calculating ia=4137
                                            [WORKER  2] ia=4135, thermal , zout=64.5, eup=  311.71
     Process 2 started calculating ia=4138
                                            [WORKER  3] ia=4136, thermal , zout=64.4, eup=  308.93
     Process 3 started calculating ia=4139
                                            [WORKER  1] ia=4137, thermal , zout=64.4, eup=  308.88
     Process 1 started calculating ia=4140
                                            [WORKER  2] ia=4138, thermal , zout=64.4, eup=  309.27
     Process 2 started calculating ia=4141
                                            [WORKER  3] ia=4139, thermal , zout=64.4, eup=  308.88
     Process 3 started calculating ia=4142
                                            [WORKER  1] ia=4140, thermal , zout=64.4, eup=  308.66
     Process 1 started calculating ia=4143
                                            [WORKER  2] ia=4141, thermal , zout=64.5, eup=  310.61
     Process 2 started calculating ia=4144
                                            [WORKER  3] ia=4142, thermal , zout=64.5, eup=  311.65
     Process 3 started calculating ia=4145
                                            [WORKER  1] ia=4143, thermal , zout=64.5, eup=  311.76
     Process 1 started calculating ia=4146
                                            [WORKER  2] ia=4144, thermal , zout=64.5, eup=  313.34
     Process 2 started calculating ia=4147
                                            [WORKER  3] ia=4145, thermal , zout=64.5, eup=  313.47
     Process 3 started calculating ia=4148
                                            [WORKER  1] ia=4146, thermal , zout=64.5, eup=  313.24
     Process 1 started calculating ia=4149
                                            [WORKER  2] ia=4147, thermal , zout=64.5, eup=  313.17
     Process 2 started calculating ia=4150
                                            [WORKER  3] ia=4148, thermal , zout=64.5, eup=  313.16
     Process 3 started calculating ia=4151
                                            [WORKER  1] ia=4149, thermal , zout=64.5, eup=  313.35
     Process 1 started calculating ia=4152
                                            [WORKER  2] ia=4150, thermal , zout=64.5, eup=  312.69
     Process 2 started calculating ia=4153
                                            [WORKER  3] ia=4151, thermal , zout=64.5, eup=  308.79
     Process 3 started calculating ia=4154
                                            [WORKER  1] ia=4152, thermal , zout=64.5, eup=  312.85
     Process 1 started calculating ia=4155
                                            [WORKER  2] ia=4153, thermal , zout=64.5, eup=  312.39
     Process 2 started calculating ia=4156
                                            [WORKER  3] ia=4154, thermal , zout=64.5, eup=  311.58
     Process 3 started calculating ia=4157
                                            [WORKER  1] ia=4155, thermal , zout=64.5, eup=  311.78
     Process 1 started calculating ia=4158
                                            [WORKER  2] ia=4156, thermal , zout=64.5, eup=  311.70
     Process 2 started calculating ia=4159
                                            [WORKER  3] ia=4157, thermal , zout=64.5, eup=  311.60
     Process 3 started calculating ia=4160
                                            [WORKER  1] ia=4158, thermal , zout=64.5, eup=  311.69
     Process 1 started calculating ia=4161
                                            [WORKER  2] ia=4159, thermal , zout=64.5, eup=  311.64
     Process 2 started calculating ia=4162
                                            [WORKER  3] ia=4160, thermal , zout=64.5, eup=  311.62
     Process 3 started calculating ia=4163
                                            [WORKER  1] ia=4161, thermal , zout=64.5, eup=  312.01
     Process 1 started calculating ia=4164
                                            [WORKER  2] ia=4162, thermal , zout=64.5, eup=  311.83
     Process 2 started calculating ia=4165
                                            [WORKER  3] ia=4163, thermal , zout=64.6, eup=  314.50
     Process 3 started calculating ia=4166
                                            [WORKER  1] ia=4164, thermal , zout=64.6, eup=  314.27
     Process 1 started calculating ia=4167
                                            [WORKER  2] ia=4165, thermal , zout=64.6, eup=  314.08
     Process 2 started calculating ia=4168
                                            [WORKER  3] ia=4166, thermal , zout=64.6, eup=  314.75
     Process 3 started calculating ia=4169
                                            [WORKER  1] ia=4167, thermal , zout=64.5, eup=  312.15
     Process 1 started calculating ia=4170
                                            [WORKER  2] ia=4168, thermal , zout=64.5, eup=  310.03
     Process 2 started calculating ia=4171
                                            [WORKER  3] ia=4169, thermal , zout=64.5, eup=  311.35
     Process 3 started calculating ia=4172
                                            [WORKER  1] ia=4170, thermal , zout=64.5, eup=  305.96
     Process 1 started calculating ia=4173
                                            [WORKER  2] ia=4171, thermal , zout=64.5, eup=  310.55
     Process 2 started calculating ia=4174
                                            [WORKER  3] ia=4172, thermal , zout=64.5, eup=  310.28
     Process 3 started calculating ia=4175
                                            [WORKER  1] ia=4173, thermal , zout=64.5, eup=  310.56
     Process 1 started calculating ia=4176
                                            [WORKER  2] ia=4174, thermal , zout=64.5, eup=  310.55
     Process 2 started calculating ia=4177
                                            [WORKER  1] ia=4176, thermal , zout=64.5, eup=  312.86
                                            [WORKER  3] ia=4175, thermal , zout=64.5, eup=  311.63
     Process 1 started calculating ia=4178
     Process 3 started calculating ia=4179
                                            [WORKER  2] ia=4177, thermal , zout=64.5, eup=  312.74
     Process 2 started calculating ia=4180
                                            [WORKER  1] ia=4178, thermal , zout=64.5, eup=  312.15
     Process 1 started calculating ia=4181
                                            [WORKER  3] ia=4179, thermal , zout=64.6, eup=  313.25
     Process 3 started calculating ia=4182
                                            [WORKER  2] ia=4180, thermal , zout=64.5, eup=  312.06
     Process 2 started calculating ia=4183
                                            [WORKER  3] ia=4182, thermal , zout=64.5, eup=  313.09
     Process 3 started calculating ia=4184
                                            [WORKER  1] ia=4181, thermal , zout=64.5, eup=  313.33
     Process 1 started calculating ia=4185
                                            [WORKER  2] ia=4183, thermal , zout=64.5, eup=  313.02
     Process 2 started calculating ia=4186
                                            [WORKER  3] ia=4184, thermal , zout=64.6, eup=  315.27
     Process 3 started calculating ia=4187
                                            [WORKER  1] ia=4185, thermal , zout=64.6, eup=  315.36
     Process 1 started calculating ia=4188
                                            [WORKER  2] ia=4186, thermal , zout=64.6, eup=  315.51
     Process 2 started calculating ia=4189
                                            [WORKER  1] ia=4188, thermal , zout=64.5, eup=  312.37
     Process 1 started calculating ia=4190
                                            [WORKER  3] ia=4187, thermal , zout=64.5, eup=  312.76
     Process 3 started calculating ia=4191
                                            [WORKER  2] ia=4189, thermal , zout=64.5, eup=  312.07
     Process 2 started calculating ia=4192
                                            [WORKER  3] ia=4191, thermal , zout=64.6, eup=  313.44
     Process 3 started calculating ia=4193
                                            [WORKER  2] ia=4192, thermal , zout=64.6, eup=  312.89
     Process 2 started calculating ia=4194
                                            [WORKER  1] ia=4190, thermal , zout=64.6, eup=  313.79
     Process 1 started calculating ia=4195
                                            [WORKER  1] ia=4195, thermal , zout=64.5, eup=  309.58
     Process 1 started calculating ia=4196
                                            [WORKER  2] ia=4194, thermal , zout=64.6, eup=  312.08
     Process 2 started calculating ia=4197
                                            [WORKER  3] ia=4193, thermal , zout=64.6, eup=  311.82
     Process 3 started calculating ia=4198
                                            [WORKER  1] ia=4196, thermal , zout=64.6, eup=  311.48
     Process 1 started calculating ia=4199
                                            [WORKER  3] ia=4198, thermal , zout=64.6, eup=  310.85
     Process 3 started calculating ia=4200
                                            [WORKER  2] ia=4197, thermal , zout=64.6, eup=  311.04
     Process 2 started calculating ia=4201
                                            [WORKER  2] ia=4201, thermal , zout=64.6, eup=  312.77
     Process 2 started calculating ia=4202
                                            [WORKER  1] ia=4199, thermal , zout=64.6, eup=  312.61
     Process 1 started calculating ia=4203
                                            [WORKER  3] ia=4200, thermal , zout=64.6, eup=  312.88
     Process 3 started calculating ia=4204
                                            [WORKER  2] ia=4202, thermal , zout=64.6, eup=  312.74
     Process 2 started calculating ia=4205
                                            [WORKER  3] ia=4204, thermal , zout=64.6, eup=  300.18
                                            [WORKER  1] ia=4203, thermal , zout=64.6, eup=  312.59
     Process 3 started calculating ia=4206
     Process 1 started calculating ia=4207
                                            [WORKER  1] ia=4207, thermal , zout=64.6, eup=  311.53
     Process 1 started calculating ia=4208
                                            [WORKER  2] ia=4205, thermal , zout=64.6, eup=  311.88
     Process 2 started calculating ia=4209
                                            [WORKER  3] ia=4206, thermal , zout=64.6, eup=  311.62
     Process 3 started calculating ia=4210
                                            [WORKER  3] ia=4210, thermal , zout=64.6, eup=  314.41
     Process 3 started calculating ia=4211
                                            [WORKER  1] ia=4208, thermal , zout=64.6, eup=  314.43
     Process 1 started calculating ia=4212
                                            [WORKER  2] ia=4209, thermal , zout=64.6, eup=  314.38
     Process 2 started calculating ia=4213
                                            [WORKER  1] ia=4212, thermal , zout=64.6, eup=  312.28
     Process 1 started calculating ia=4214
                                            [WORKER  2] ia=4213, thermal , zout=64.6, eup=  313.31
     Process 2 started calculating ia=4215
                                            [WORKER  3] ia=4211, thermal , zout=64.6, eup=  314.36
     Process 3 started calculating ia=4216
                                            [WORKER  1] ia=4214, thermal , zout=64.6, eup=  313.50
     Process 1 started calculating ia=4217
                                            [WORKER  3] ia=4216, thermal , zout=64.6, eup=  310.45
     Process 3 started calculating ia=4218
                                            [WORKER  2] ia=4215, thermal , zout=64.6, eup=  312.54
     Process 2 started calculating ia=4219
                                            [WORKER  2] ia=4219, thermal , zout=64.6, eup=  312.33
     Process 2 started calculating ia=4220
                                            [WORKER  3] ia=4218, thermal , zout=64.6, eup=  296.73
     Process 3 started calculating ia=4221
                                            [WORKER  1] ia=4217, thermal , zout=64.6, eup=  313.20
     Process 1 started calculating ia=4222
                                            [WORKER  1] ia=4222, thermal , zout=64.6, eup=  313.02
     Process 1 started calculating ia=4223
                                            [WORKER  2] ia=4220, thermal , zout=64.6, eup=  313.20
                                            [WORKER  3] ia=4221, thermal , zout=64.6, eup=  312.96
     Process 3 started calculating ia=4224
     Process 2 started calculating ia=4225
                                            [WORKER  2] ia=4225, thermal , zout=64.6, eup=  313.02
     Process 2 started calculating ia=4226
                                            [WORKER  1] ia=4223, thermal , zout=64.6, eup=  313.08
     Process 1 started calculating ia=4227
                                            [WORKER  3] ia=4224, thermal , zout=64.6, eup=  313.22
     Process 3 started calculating ia=4228
                                            [WORKER  1] ia=4227, thermal , zout=64.6, eup=  312.68
     Process 1 started calculating ia=4229
                                            [WORKER  3] ia=4228, thermal , zout=64.6, eup=  312.89
     Process 3 started calculating ia=4230
                                            [WORKER  2] ia=4226, thermal , zout=64.6, eup=  312.97
     Process 2 started calculating ia=4231
                                            [WORKER  1] ia=4229, thermal , zout=64.6, eup=  312.93
     Process 1 started calculating ia=4232
                                            [WORKER  3] ia=4230, thermal , zout=64.6, eup=  312.91
     Process 3 started calculating ia=4233
                                            [WORKER  2] ia=4231, thermal , zout=64.6, eup=  312.98
     Process 2 started calculating ia=4234
                                            [WORKER  1] ia=4232, thermal , zout=64.6, eup=  312.83
     Process 1 started calculating ia=4235
                                            [WORKER  3] ia=4233, thermal , zout=64.6, eup=  312.76
     Process 3 started calculating ia=4236
                                            [WORKER  2] ia=4234, thermal , zout=64.6, eup=  312.74
     Process 2 started calculating ia=4237
                                            [WORKER  3] ia=4236, thermal , zout=64.6, eup=  312.93
     Process 3 started calculating ia=4238
                                            [WORKER  1] ia=4235, thermal , zout=64.6, eup=  303.92
     Process 1 started calculating ia=4239
                                            [WORKER  2] ia=4237, thermal , zout=64.6, eup=  312.62
     Process 2 started calculating ia=4240
                                            [WORKER  2] ia=4240, thermal , zout=64.6, eup=  312.74
     Process 2 started calculating ia=4241
                                            [WORKER  3] ia=4238, thermal , zout=64.6, eup=  312.77
     Process 3 started calculating ia=4242
                                            [WORKER  1] ia=4239, thermal , zout=64.6, eup=  312.87
     Process 1 started calculating ia=4243
                                            [WORKER  2] ia=4241, thermal , zout=64.6, eup=  312.62
     Process 2 started calculating ia=4244
                                            [WORKER  3] ia=4242, thermal , zout=64.6, eup=  312.77
                                            [WORKER  1] ia=4243, thermal , zout=64.6, eup=  313.12
     Process 3 started calculating ia=4245
     Process 1 started calculating ia=4246
                                            [WORKER  2] ia=4244, thermal , zout=64.6, eup=  313.46
     Process 2 started calculating ia=4247
                                            [WORKER  1] ia=4246, thermal , zout=64.6, eup=  313.27
     Process 1 started calculating ia=4248
                                            [WORKER  3] ia=4245, thermal , zout=64.6, eup=  313.35
     Process 3 started calculating ia=4249
                                            [WORKER  2] ia=4247, thermal , zout=64.6, eup=  312.43
     Process 2 started calculating ia=4250
                                            [WORKER  3] ia=4249, thermal , zout=64.6, eup=  312.28
     Process 3 started calculating ia=4251
                                            [WORKER  1] ia=4248, thermal , zout=64.6, eup=  312.30
     Process 1 started calculating ia=4252
                                            [WORKER  2] ia=4250, thermal , zout=64.6, eup=  311.95
     Process 2 started calculating ia=4253
                                            [WORKER  1] ia=4252, thermal , zout=64.6, eup=  312.01
     Process 1 started calculating ia=4254
                                            [WORKER  3] ia=4251, thermal , zout=64.6, eup=  311.99
     Process 3 started calculating ia=4255
                                            [WORKER  2] ia=4253, thermal , zout=64.6, eup=  311.92
     Process 2 started calculating ia=4256
                                            [WORKER  1] ia=4254, thermal , zout=64.6, eup=  311.25
     Process 1 started calculating ia=4257
                                            [WORKER  3] ia=4255, thermal , zout=64.6, eup=  311.09
     Process 3 started calculating ia=4258
                                            [WORKER  2] ia=4256, thermal , zout=64.6, eup=  308.72
     Process 2 started calculating ia=4259
                                            [WORKER  1] ia=4257, thermal , zout=64.6, eup=  307.48
     Process 1 started calculating ia=4260
                                            [WORKER  3] ia=4258, thermal , zout=64.6, eup=  300.39
     Process 3 started calculating ia=4261
                                            [WORKER  2] ia=4259, thermal , zout=64.6, eup=  301.32
     Process 2 started calculating ia=4262
                                            [WORKER  1] ia=4260, thermal , zout=64.6, eup=  305.86
     Process 1 started calculating ia=4263
                                            [WORKER  3] ia=4261, thermal , zout=64.6, eup=  308.23
     Process 3 started calculating ia=4264
                                            [WORKER  2] ia=4262, thermal , zout=64.6, eup=  309.43
     Process 2 started calculating ia=4265
                                            [WORKER  1] ia=4263, thermal , zout=64.6, eup=  309.38
     Process 1 started calculating ia=4266
                                            [WORKER  3] ia=4264, thermal , zout=64.6, eup=  310.01
     Process 3 started calculating ia=4267
                                            [WORKER  2] ia=4265, thermal , zout=64.6, eup=  309.32
     Process 2 started calculating ia=4268
                                            [WORKER  1] ia=4266, thermal , zout=64.6, eup=  310.12
     Process 1 started calculating ia=4269
                                            [WORKER  3] ia=4267, thermal , zout=64.6, eup=  310.94
     Process 3 started calculating ia=4270
                                            [WORKER  2] ia=4268, thermal , zout=64.6, eup=  309.89
     Process 2 started calculating ia=4271
                                            [WORKER  1] ia=4269, thermal , zout=64.6, eup=  310.61
     Process 1 started calculating ia=4272
                                            [WORKER  3] ia=4270, thermal , zout=64.6, eup=  310.95
     Process 3 started calculating ia=4273
                                            [WORKER  2] ia=4271, thermal , zout=64.6, eup=  311.07
     Process 2 started calculating ia=4274
                                            [WORKER  3] ia=4273, thermal , zout=64.6, eup=  308.62
     Process 3 started calculating ia=4275
                                            [WORKER  1] ia=4272, thermal , zout=64.6, eup=  310.91
     Process 1 started calculating ia=4276
                                            [WORKER  2] ia=4274, thermal , zout=64.6, eup=  310.70
     Process 2 started calculating ia=4277
                                            [WORKER  3] ia=4275, thermal , zout=64.6, eup=  310.52
     Process 3 started calculating ia=4278
                                            [WORKER  1] ia=4276, thermal , zout=64.7, eup=  311.35
     Process 1 started calculating ia=4279
                                            [WORKER  2] ia=4277, thermal , zout=64.7, eup=  311.03
     Process 2 started calculating ia=4280
                                            [WORKER  3] ia=4278, thermal , zout=64.6, eup=  311.43
     Process 3 started calculating ia=4281
                                            [WORKER  1] ia=4279, thermal , zout=64.6, eup=  311.39
     Process 1 started calculating ia=4282
                                            [WORKER  3] ia=4281, thermal , zout=64.6, eup=  309.23
     Process 3 started calculating ia=4283
                                            [WORKER  1] ia=4282, thermal , zout=64.6, eup=  310.50
     Process 1 started calculating ia=4284
                                            [WORKER  2] ia=4280, thermal , zout=64.6, eup=  311.20
     Process 2 started calculating ia=4285
                                            [WORKER  3] ia=4283, thermal , zout=64.6, eup=  311.38
     Process 3 started calculating ia=4286
                                            [WORKER  1] ia=4284, thermal , zout=64.6, eup=  311.62
     Process 1 started calculating ia=4287
                                            [WORKER  2] ia=4285, thermal , zout=64.6, eup=  312.02
     Process 2 started calculating ia=4288
                                            [WORKER  3] ia=4286, thermal , zout=64.6, eup=  311.95
     Process 3 started calculating ia=4289
                                            [WORKER  2] ia=4288, thermal , zout=64.6, eup=  311.64
     Process 2 started calculating ia=4290
                                            [WORKER  1] ia=4287, thermal , zout=64.6, eup=  311.71
     Process 1 started calculating ia=4291
                                            [WORKER  2] ia=4290, thermal , zout=64.6, eup=  309.51
                                            [WORKER  1] ia=4291, thermal , zout=64.6, eup=  310.25
                                            [WORKER  3] ia=4289, thermal , zout=64.6, eup=  310.88
     Process 3 started calculating ia=4293
     Process 1 started calculating ia=4292
     Process 2 started calculating ia=4294
                                            [WORKER  2] ia=4294, thermal , zout=64.6, eup=  310.50
     Process 2 started calculating ia=4295
                                            [WORKER  3] ia=4293, thermal , zout=64.6, eup=  310.32
     Process 3 started calculating ia=4296
                                            [WORKER  1] ia=4292, thermal , zout=64.6, eup=  310.62
     Process 1 started calculating ia=4297
                                            [WORKER  1] ia=4297, thermal , zout=64.6, eup=  310.71
     Process 1 started calculating ia=4298
                                            [WORKER  2] ia=4295, thermal , zout=64.6, eup=  310.26
                                            [WORKER  3] ia=4296, thermal , zout=64.6, eup=  310.89
     Process 2 started calculating ia=4299
     Process 3 started calculating ia=4300
                                            [WORKER  1] ia=4298, thermal , zout=64.6, eup=  310.86
     Process 1 started calculating ia=4301
                                            [WORKER  3] ia=4300, thermal , zout=64.6, eup=  311.17
     Process 3 started calculating ia=4302
                                            [WORKER  2] ia=4299, thermal , zout=64.6, eup=  311.11
     Process 2 started calculating ia=4303
                                            [WORKER  3] ia=4302, thermal , zout=64.6, eup=  310.21
     Process 3 started calculating ia=4304
                                            [WORKER  2] ia=4303, thermal , zout=64.6, eup=  311.02
     Process 2 started calculating ia=4305
                                            [WORKER  1] ia=4301, thermal , zout=64.6, eup=  310.70
     Process 1 started calculating ia=4306
                                            [WORKER  3] ia=4304, thermal , zout=64.6, eup=  310.32
     Process 3 started calculating ia=4307
                                            [WORKER  1] ia=4306, thermal , zout=64.6, eup=  308.99
     Process 1 started calculating ia=4308
                                            [WORKER  2] ia=4305, thermal , zout=64.6, eup=  310.23
     Process 2 started calculating ia=4309
                                            [WORKER  1] ia=4308, thermal , zout=64.6, eup=  308.96
                                            [WORKER  3] ia=4307, thermal , zout=64.6, eup=  309.43
     Process 1 started calculating ia=4310
     Process 3 started calculating ia=4311
                                            [WORKER  2] ia=4309, thermal , zout=64.6, eup=  308.69
     Process 2 started calculating ia=4312
                                            [WORKER  1] ia=4310, thermal , zout=64.6, eup=  310.79
                                            [WORKER  3] ia=4311, thermal , zout=64.6, eup=  310.69
     Process 1 started calculating ia=4313
     Process 3 started calculating ia=4314
                                            [WORKER  2] ia=4312, thermal , zout=64.6, eup=  310.80
     Process 2 started calculating ia=4315
                                            [WORKER  3] ia=4314, thermal , zout=64.6, eup=  309.95
     Process 3 started calculating ia=4316
                                            [WORKER  1] ia=4313, thermal , zout=64.6, eup=  310.29
     Process 1 started calculating ia=4317
                                            [WORKER  2] ia=4315, thermal , zout=64.6, eup=  309.73
     Process 2 started calculating ia=4318
                                            [WORKER  3] ia=4316, thermal , zout=64.6, eup=  309.62
     Process 3 started calculating ia=4319
                                            [WORKER  2] ia=4318, thermal , zout=64.7, eup=  309.74
     Process 2 started calculating ia=4320
                                            [WORKER  1] ia=4317, thermal , zout=64.7, eup=  312.22
     Process 1 started calculating ia=4321
                                            [WORKER  3] ia=4319, thermal , zout=64.7, eup=  311.48
     Process 3 started calculating ia=4322
                                            [WORKER  1] ia=4321, thermal , zout=64.6, eup=  309.51
     Process 1 started calculating ia=4323
                                            [WORKER  2] ia=4320, thermal , zout=64.6, eup=  309.56
     Process 2 started calculating ia=4324
                                            [WORKER  1] ia=4323, thermal , zout=64.6, eup=  309.64
     Process 1 started calculating ia=4325
                                            [WORKER  2] ia=4324, thermal , zout=64.6, eup=  309.51
     Process 2 started calculating ia=4326
                                            [WORKER  3] ia=4322, thermal , zout=64.6, eup=  309.44
     Process 3 started calculating ia=4327
                                            [WORKER  2] ia=4326, thermal , zout=64.6, eup=  309.32
     Process 2 started calculating ia=4328
                                            [WORKER  1] ia=4325, thermal , zout=64.6, eup=  309.53
     Process 1 started calculating ia=4329
                                            [WORKER  3] ia=4327, thermal , zout=64.6, eup=  304.56
     Process 3 started calculating ia=4330
                                            [WORKER  1] ia=4329, thermal , zout=64.6, eup=  305.57
     Process 1 started calculating ia=4331
                                            [WORKER  3] ia=4330, thermal , zout=64.6, eup=  305.27
     Process 3 started calculating ia=4332
                                            [WORKER  2] ia=4328, thermal , zout=64.6, eup=  305.66
     Process 2 started calculating ia=4333
                                            [WORKER  1] ia=4331, thermal , zout=64.6, eup=  305.19
     Process 1 started calculating ia=4334
                                            [WORKER  2] ia=4333, thermal , zout=64.6, eup=  305.03
     Process 2 started calculating ia=4335
                                            [WORKER  3] ia=4332, thermal , zout=64.6, eup=  305.25
     Process 3 started calculating ia=4336
                                            [WORKER  3] ia=4336, thermal , zout=64.6, eup=  305.22
     Process 3 started calculating ia=4337
                                            [WORKER  2] ia=4335, thermal , zout=64.6, eup=  304.90
     Process 2 started calculating ia=4338
                                            [WORKER  1] ia=4334, thermal , zout=64.6, eup=  305.52
     Process 1 started calculating ia=4339
                                            [WORKER  2] ia=4338, thermal , zout=64.6, eup=  305.18
     Process 2 started calculating ia=4340
                                            [WORKER  1] ia=4339, thermal , zout=64.6, eup=  304.85
     Process 1 started calculating ia=4341
                                            [WORKER  3] ia=4337, thermal , zout=64.6, eup=  305.12
     Process 3 started calculating ia=4342
                                            [WORKER  3] ia=4342, thermal , zout=64.6, eup=  296.05
     Process 3 started calculating ia=4343
                                            [WORKER  1] ia=4341, thermal , zout=64.6, eup=  295.29
     Process 1 started calculating ia=4344
                                            [WORKER  2] ia=4340, thermal , zout=64.6, eup=  296.59
     Process 2 started calculating ia=4345
                                            [WORKER  1] ia=4344, thermal , zout=64.6, eup=  298.63
     Process 1 started calculating ia=4346
                                            [WORKER  2] ia=4345, thermal , zout=64.6, eup=  298.57
                                            [WORKER  3] ia=4343, thermal , zout=64.6, eup=  296.77
     Process 3 started calculating ia=4347
     Process 2 started calculating ia=4348
                                            [WORKER  2] ia=4348, thermal , zout=64.6, eup=  297.49
     Process 2 started calculating ia=4349
                                            [WORKER  1] ia=4346, thermal , zout=64.6, eup=  305.36
     Process 1 started calculating ia=4350
                                            [WORKER  3] ia=4347, thermal , zout=64.6, eup=  302.84
     Process 3 started calculating ia=4351
                                            [WORKER  1] ia=4350, thermal , zout=64.6, eup=  305.87
     Process 1 started calculating ia=4352
                                            [WORKER  3] ia=4351, thermal , zout=64.6, eup=  305.52
     Process 3 started calculating ia=4353
                                            [WORKER  2] ia=4349, thermal , zout=64.6, eup=  306.09
     Process 2 started calculating ia=4354
                                            [WORKER  1] ia=4352, thermal , zout=64.6, eup=  297.77
     Process 1 started calculating ia=4355
                                            [WORKER  3] ia=4353, thermal , zout=64.6, eup=  303.22
     Process 3 started calculating ia=4356
                                            [WORKER  2] ia=4354, thermal , zout=64.6, eup=  294.83
     Process 2 started calculating ia=4357
                                            [WORKER  1] ia=4355, thermal , zout=64.6, eup=  302.99
     Process 1 started calculating ia=4358
                                            [WORKER  3] ia=4356, thermal , zout=64.6, eup=  304.42
     Process 3 started calculating ia=4359
                                            [WORKER  2] ia=4357, thermal , zout=64.6, eup=  304.08
     Process 2 started calculating ia=4360
                                            [WORKER  1] ia=4358, thermal , zout=64.6, eup=  303.93
     Process 1 started calculating ia=4361
                                            [WORKER  2] ia=4360, thermal , zout=64.6, eup=  303.59
     Process 2 started calculating ia=4362
                                            [WORKER  3] ia=4359, thermal , zout=64.6, eup=  303.73
     Process 3 started calculating ia=4363
                                            [WORKER  3] ia=4363, thermal , zout=64.6, eup=  291.33
     Process 3 started calculating ia=4364
                                            [WORKER  2] ia=4362, thermal , zout=64.6, eup=  304.11
     Process 2 started calculating ia=4365
                                            [WORKER  1] ia=4361, thermal , zout=64.6, eup=  303.63
     Process 1 started calculating ia=4366
                                            [WORKER  1] ia=4366, thermal , zout=64.6, eup=  303.92
     Process 1 started calculating ia=4367
                                            [WORKER  2] ia=4365, thermal , zout=64.6, eup=  303.94
                                            [WORKER  3] ia=4364, thermal , zout=64.6, eup=  289.32
     Process 3 started calculating ia=4368
     Process 2 started calculating ia=4369
                                            [WORKER  1] ia=4367, thermal , zout=64.6, eup=  303.89
                                            [WORKER  2] ia=4369, thermal , zout=64.6, eup=  304.03
     Process 1 started calculating ia=4370
     Process 2 started calculating ia=4371
                                            [WORKER  3] ia=4368, thermal , zout=64.6, eup=  303.85
     Process 3 started calculating ia=4372
                                            [WORKER  1] ia=4370, thermal , zout=64.6, eup=  303.48
     Process 1 started calculating ia=4373
                                            [WORKER  3] ia=4372, thermal , zout=64.6, eup=  303.10
     Process 3 started calculating ia=4374
                                            [WORKER  2] ia=4371, thermal , zout=64.6, eup=  303.40
     Process 2 started calculating ia=4375
                                            [WORKER  1] ia=4373, thermal , zout=64.6, eup=  303.23
     Process 1 started calculating ia=4376
                                            [WORKER  3] ia=4374, thermal , zout=64.7, eup=  305.75
     Process 3 started calculating ia=4377
                                            [WORKER  2] ia=4375, thermal , zout=64.7, eup=  305.57
     Process 2 started calculating ia=4378
                                            [WORKER  1] ia=4376, thermal , zout=64.6, eup=  303.63
     Process 1 started calculating ia=4379
                                            [WORKER  3] ia=4377, thermal , zout=64.6, eup=  300.82
     Process 3 started calculating ia=4380
                                            [WORKER  2] ia=4378, thermal , zout=64.6, eup=  303.53
     Process 2 started calculating ia=4381
                                            [WORKER  1] ia=4379, thermal , zout=64.6, eup=  303.66
     Process 1 started calculating ia=4382
                                            [WORKER  3] ia=4380, thermal , zout=64.6, eup=  303.61
     Process 3 started calculating ia=4383
                                            [WORKER  2] ia=4381, thermal , zout=64.6, eup=  303.31
     Process 2 started calculating ia=4384
                                            [WORKER  1] ia=4382, thermal , zout=64.6, eup=  303.53
     Process 1 started calculating ia=4385
                                            [WORKER  2] ia=4384, thermal , zout=64.6, eup=  303.28
     Process 2 started calculating ia=4386
                                            [WORKER  3] ia=4383, thermal , zout=64.6, eup=  303.53
     Process 3 started calculating ia=4387
                                            [WORKER  1] ia=4385, thermal , zout=64.6, eup=  303.10
     Process 1 started calculating ia=4388
                                            [WORKER  3] ia=4387, thermal , zout=64.6, eup=  302.76
     Process 3 started calculating ia=4389
                                            [WORKER  2] ia=4386, thermal , zout=64.6, eup=  303.19
     Process 2 started calculating ia=4390
                                            [WORKER  1] ia=4388, thermal , zout=64.7, eup=  302.92
     Process 1 started calculating ia=4391
                                            [WORKER  3] ia=4389, thermal , zout=64.7, eup=  303.32
     Process 3 started calculating ia=4392
                                            [WORKER  2] ia=4390, thermal , zout=64.6, eup=  302.81
     Process 2 started calculating ia=4393
                                            [WORKER  1] ia=4391, thermal , zout=64.6, eup=  302.98
     Process 1 started calculating ia=4394
                                            [WORKER  2] ia=4393, thermal , zout=64.6, eup=  302.68
     Process 2 started calculating ia=4395
                                            [WORKER  3] ia=4392, thermal , zout=64.6, eup=  302.72
     Process 3 started calculating ia=4396
                                            [WORKER  1] ia=4394, thermal , zout=64.6, eup=  302.67
     Process 1 started calculating ia=4397
                                            [WORKER  3] ia=4396, thermal , zout=64.6, eup=  302.85
     Process 3 started calculating ia=4398
                                            [WORKER  2] ia=4395, thermal , zout=64.7, eup=  304.60
     Process 2 started calculating ia=4399
                                            [WORKER  2] ia=4399, thermal , zout=64.6, eup=  302.72
     Process 2 started calculating ia=4400
                                            [WORKER  3] ia=4398, thermal , zout=64.6, eup=  302.82
     Process 3 started calculating ia=4401
                                            [WORKER  1] ia=4397, thermal , zout=64.6, eup=  302.21
     Process 1 started calculating ia=4402
                                            [WORKER  2] ia=4400, thermal , zout=64.6, eup=  302.24
     Process 2 started calculating ia=4403
                                            [WORKER  1] ia=4402, thermal , zout=64.7, eup=  305.01
                                            [WORKER  3] ia=4401, thermal , zout=64.6, eup=  302.87
     Process 1 started calculating ia=4405
     Process 3 started calculating ia=4404
                                            [WORKER  1] ia=4405, thermal , zout=64.6, eup=  303.37
     Process 1 started calculating ia=4406
                                            [WORKER  3] ia=4404, thermal , zout=64.6, eup=  302.67
     Process 3 started calculating ia=4407
                                            [WORKER  2] ia=4403, thermal , zout=64.7, eup=  304.66
     Process 2 started calculating ia=4408
                                            [WORKER  1] ia=4406, thermal , zout=64.6, eup=  303.54
     Process 1 started calculating ia=4409
                                            [WORKER  3] ia=4407, thermal , zout=64.6, eup=  303.59
     Process 3 started calculating ia=4410
                                            [WORKER  2] ia=4408, thermal , zout=64.6, eup=  303.55
     Process 2 started calculating ia=4411
                                            [WORKER  1] ia=4409, thermal , zout=64.7, eup=  305.81
     Process 1 started calculating ia=4412
                                            [WORKER  3] ia=4410, thermal , zout=64.6, eup=  303.59
     Process 3 started calculating ia=4413
                                            [WORKER  2] ia=4411, thermal , zout=64.6, eup=  303.75
     Process 2 started calculating ia=4414
                                            [WORKER  3] ia=4413, thermal , zout=64.6, eup=  303.26
     Process 3 started calculating ia=4415
                                            [WORKER  1] ia=4412, thermal , zout=64.6, eup=  303.24
     Process 1 started calculating ia=4416
                                            [WORKER  2] ia=4414, thermal , zout=64.6, eup=  303.24
     Process 2 started calculating ia=4417
                                            [WORKER  3] ia=4415, thermal , zout=64.6, eup=  303.08
     Process 3 started calculating ia=4418
                                            [WORKER  1] ia=4416, thermal , zout=64.7, eup=  305.31
     Process 1 started calculating ia=4419
                                            [WORKER  2] ia=4417, thermal , zout=64.7, eup=  305.05
     Process 2 started calculating ia=4420
                                            [WORKER  3] ia=4418, thermal , zout=64.6, eup=  303.46
     Process 3 started calculating ia=4421
                                            [WORKER  1] ia=4419, thermal , zout=64.6, eup=  303.28
     Process 1 started calculating ia=4422
                                            [WORKER  2] ia=4420, thermal , zout=64.6, eup=  303.18
     Process 2 started calculating ia=4423
                                            [WORKER  3] ia=4421, thermal , zout=64.6, eup=  303.09
     Process 3 started calculating ia=4424
                                            [WORKER  1] ia=4422, thermal , zout=64.7, eup=  305.55
     Process 1 started calculating ia=4425
                                            [WORKER  2] ia=4423, thermal , zout=64.7, eup=  305.44
     Process 2 started calculating ia=4426
                                            [WORKER  3] ia=4424, thermal , zout=64.6, eup=  303.05
     Process 3 started calculating ia=4427
                                            [WORKER  1] ia=4425, thermal , zout=64.6, eup=  303.86
     Process 1 started calculating ia=4428
                                            [WORKER  2] ia=4426, thermal , zout=64.6, eup=  303.61
     Process 2 started calculating ia=4429
                                            [WORKER  1] ia=4428, thermal , zout=64.6, eup=  303.50
     Process 1 started calculating ia=4430
                                            [WORKER  3] ia=4427, thermal , zout=64.6, eup=  303.48
     Process 3 started calculating ia=4431
                                            [WORKER  2] ia=4429, thermal , zout=64.7, eup=  305.49
     Process 2 started calculating ia=4432
                                            [WORKER  2] ia=4432, thermal , zout=64.6, eup=  302.96
     Process 2 started calculating ia=4433
                                            [WORKER  1] ia=4430, thermal , zout=64.7, eup=  305.45
     Process 1 started calculating ia=4434
                                            [WORKER  3] ia=4431, thermal , zout=64.7, eup=  306.22
     Process 3 started calculating ia=4435
                                            [WORKER  1] ia=4434, thermal , zout=64.6, eup=  302.64
     Process 1 started calculating ia=4436
                                            [WORKER  2] ia=4433, thermal , zout=64.6, eup=  302.83
     Process 2 started calculating ia=4437
                                            [WORKER  3] ia=4435, thermal , zout=64.6, eup=  304.13
     Process 3 started calculating ia=4438
                                            [WORKER  1] ia=4436, thermal , zout=64.7, eup=  306.49
     Process 1 started calculating ia=4439
                                            [WORKER  3] ia=4438, thermal , zout=64.7, eup=  306.35
     Process 3 started calculating ia=4440
                                            [WORKER  2] ia=4437, thermal , zout=64.7, eup=  306.28
     Process 2 started calculating ia=4441
                                            [WORKER  3] ia=4440, thermal , zout=64.6, eup=  304.00
     Process 3 started calculating ia=4442
                                            [WORKER  1] ia=4439, thermal , zout=64.6, eup=  304.30
     Process 1 started calculating ia=4443
                                            [WORKER  2] ia=4441, thermal , zout=64.6, eup=  304.10
     Process 2 started calculating ia=4444
                                            [WORKER  1] ia=4443, thermal , zout=64.7, eup=  306.25
     Process 1 started calculating ia=4445
                                            [WORKER  2] ia=4444, thermal , zout=64.7, eup=  306.02
     Process 2 started calculating ia=4446
                                            [WORKER  3] ia=4442, thermal , zout=64.7, eup=  306.41
     Process 3 started calculating ia=4447
                                            [WORKER  3] ia=4447, thermal , zout=64.6, eup=  304.25
     Process 3 started calculating ia=4448
                                            [WORKER  1] ia=4445, thermal , zout=64.7, eup=  306.16
                                            [WORKER  2] ia=4446, thermal , zout=64.6, eup=  304.08
     Process 2 started calculating ia=4449
     Process 1 started calculating ia=4450
                                            [WORKER  2] ia=4449, thermal , zout=64.6, eup=  304.16
     Process 2 started calculating ia=4451
                                            [WORKER  3] ia=4448, thermal , zout=64.6, eup=  304.27
     Process 3 started calculating ia=4452
                                            [WORKER  1] ia=4450, thermal , zout=64.7, eup=  304.04
     Process 1 started calculating ia=4453
                                            [WORKER  1] ia=4453, thermal , zout=64.6, eup=  303.98
     Process 1 started calculating ia=4454
                                            [WORKER  3] ia=4452, thermal , zout=64.7, eup=  303.73
     Process 3 started calculating ia=4455
                                            [WORKER  2] ia=4451, thermal , zout=64.7, eup=  304.00
     Process 2 started calculating ia=4456
                                            [WORKER  2] ia=4456, thermal , zout=64.6, eup=  303.12
     Process 2 started calculating ia=4457
                                            [WORKER  3] ia=4455, thermal , zout=64.6, eup=  303.80
     Process 3 started calculating ia=4458
                                            [WORKER  1] ia=4454, thermal , zout=64.6, eup=  303.84
     Process 1 started calculating ia=4459
                                            [WORKER  3] ia=4458, thermal , zout=64.7, eup=  304.70
     Process 3 started calculating ia=4460
                                            [WORKER  1] ia=4459, thermal , zout=64.7, eup=  304.51
     Process 1 started calculating ia=4461
                                            [WORKER  2] ia=4457, thermal , zout=64.7, eup=  304.22
     Process 2 started calculating ia=4462
                                            [WORKER  3] ia=4460, thermal , zout=64.6, eup=  302.53
     Process 3 started calculating ia=4463
                                            [WORKER  1] ia=4461, thermal , zout=64.6, eup=  302.42
     Process 1 started calculating ia=4464
                                            [WORKER  2] ia=4462, thermal , zout=64.6, eup=  302.35
     Process 2 started calculating ia=4465
                                            [WORKER  3] ia=4463, thermal , zout=64.6, eup=  302.26
     Process 3 started calculating ia=4466
                                            [WORKER  1] ia=4464, thermal , zout=64.6, eup=  301.86
     Process 1 started calculating ia=4467
                                            [WORKER  2] ia=4465, thermal , zout=64.6, eup=  301.69
     Process 2 started calculating ia=4468
                                            [WORKER  3] ia=4466, thermal , zout=64.6, eup=  302.04
     Process 3 started calculating ia=4469
                                            [WORKER  1] ia=4467, thermal , zout=64.6, eup=  301.99
     Process 1 started calculating ia=4470
                                            [WORKER  2] ia=4468, thermal , zout=64.6, eup=  301.90
     Process 2 started calculating ia=4471
                                            [WORKER  3] ia=4469, thermal , zout=64.6, eup=  304.82
                                            [WORKER  1] ia=4470, thermal , zout=64.6, eup=  304.39
     Process 3 started calculating ia=4472
     Process 1 started calculating ia=4473
                                            [WORKER  2] ia=4471, thermal , zout=64.6, eup=  304.14
     Process 2 started calculating ia=4474
                                            [WORKER  2] ia=4474, thermal , zout=64.6, eup=  304.13
     Process 2 started calculating ia=4475
                                            [WORKER  1] ia=4473, thermal , zout=64.7, eup=  306.03
     Process 1 started calculating ia=4476
                                            [WORKER  3] ia=4472, thermal , zout=64.7, eup=  306.25
     Process 3 started calculating ia=4477
                                            [WORKER  1] ia=4476, thermal , zout=64.6, eup=  303.75
     Process 1 started calculating ia=4478
                                            [WORKER  2] ia=4475, thermal , zout=64.6, eup=  303.78
     Process 2 started calculating ia=4479
                                            [WORKER  3] ia=4477, thermal , zout=64.6, eup=  303.76
     Process 3 started calculating ia=4480
                                            [WORKER  1] ia=4478, thermal , zout=64.6, eup=  303.72
                                            [WORKER  2] ia=4479, thermal , zout=64.6, eup=  303.77
     Process 2 started calculating ia=4481
     Process 1 started calculating ia=4482
                                            [WORKER  3] ia=4480, thermal , zout=64.6, eup=  302.25
     Process 3 started calculating ia=4483
                                            [WORKER  2] ia=4481, thermal , zout=64.6, eup=  304.03
                                            [WORKER  3] ia=4483, thermal , zout=64.6, eup=  303.79
     Process 3 started calculating ia=4484
     Process 2 started calculating ia=4485
                                            [WORKER  1] ia=4482, thermal , zout=64.6, eup=  303.89
     Process 1 started calculating ia=4486
                                            [WORKER  1] ia=4486, thermal , zout=64.6, eup=  303.69
     Process 1 started calculating ia=4487
                                            [WORKER  3] ia=4484, thermal , zout=64.6, eup=  303.74
     Process 3 started calculating ia=4488
                                            [WORKER  2] ia=4485, thermal , zout=64.6, eup=  303.93
     Process 2 started calculating ia=4489
                                            [WORKER  1] ia=4487, thermal , zout=64.7, eup=  306.15
     Process 1 started calculating ia=4490
                                            [WORKER  3] ia=4488, thermal , zout=64.6, eup=  304.81
     Process 3 started calculating ia=4491
                                            [WORKER  2] ia=4489, thermal , zout=64.6, eup=  305.27
     Process 2 started calculating ia=4492
                                            [WORKER  1] ia=4490, thermal , zout=64.6, eup=  304.77
     Process 1 started calculating ia=4493
                                            [WORKER  2] ia=4492, thermal , zout=64.6, eup=  305.07
     Process 2 started calculating ia=4494
                                            [WORKER  3] ia=4491, thermal , zout=64.6, eup=  304.64
     Process 3 started calculating ia=4495
                                            [WORKER  1] ia=4493, thermal , zout=64.6, eup=  304.51
     Process 1 started calculating ia=4496
                                            [WORKER  3] ia=4495, thermal , zout=64.6, eup=  305.22
     Process 3 started calculating ia=4497
                                            [WORKER  2] ia=4494, thermal , zout=64.6, eup=  304.30
     Process 2 started calculating ia=4498
                                            [WORKER  1] ia=4496, thermal , zout=64.6, eup=  305.06
     Process 1 started calculating ia=4499
                                            [WORKER  3] ia=4497, thermal , zout=64.6, eup=  297.37
     Process 3 started calculating ia=4500
                                            [WORKER  2] ia=4498, thermal , zout=64.6, eup=  304.36
     Process 2 started calculating ia=4501
                                            [WORKER  1] ia=4499, thermal , zout=64.6, eup=  304.93
     Process 1 started calculating ia=4502
                                            [WORKER  3] ia=4500, thermal , zout=64.6, eup=  304.98
     Process 3 started calculating ia=4503
                                            [WORKER  2] ia=4501, thermal , zout=64.6, eup=  304.94
     Process 2 started calculating ia=4504
                                            [WORKER  1] ia=4502, thermal , zout=64.6, eup=  305.83
     Process 1 started calculating ia=4505
                                            [WORKER  2] ia=4504, thermal , zout=64.6, eup=  303.62
     Process 2 started calculating ia=4506
                                            [WORKER  3] ia=4503, thermal , zout=64.6, eup=  305.88
     Process 3 started calculating ia=4507
                                            [WORKER  1] ia=4505, thermal , zout=64.6, eup=  306.03
     Process 1 started calculating ia=4508
                                            [WORKER  3] ia=4507, thermal , zout=64.6, eup=  305.92
     Process 3 started calculating ia=4509
                                            [WORKER  2] ia=4506, thermal , zout=64.6, eup=  306.51
     Process 2 started calculating ia=4510
                                            [WORKER  1] ia=4508, thermal , zout=64.6, eup=  306.48
     Process 1 started calculating ia=4511
                                            [WORKER  3] ia=4509, thermal , zout=64.6, eup=  304.24
     Process 3 started calculating ia=4512
                                            [WORKER  2] ia=4510, thermal , zout=64.6, eup=  305.28
     Process 2 started calculating ia=4513
                                            [WORKER  1] ia=4511, thermal , zout=64.6, eup=  306.80
     Process 1 started calculating ia=4514
                                            [WORKER  3] ia=4512, thermal , zout=64.6, eup=  305.79
     Process 3 started calculating ia=4515
                                            [WORKER  2] ia=4513, thermal , zout=64.6, eup=  305.71
     Process 2 started calculating ia=4516
                                            [WORKER  1] ia=4514, thermal , zout=64.6, eup=  305.57
     Process 1 started calculating ia=4517
                                            [WORKER  3] ia=4515, thermal , zout=64.6, eup=  305.40
     Process 3 started calculating ia=4518
                                            [WORKER  2] ia=4516, thermal , zout=64.6, eup=  305.67
     Process 2 started calculating ia=4519
                                            [WORKER  1] ia=4517, thermal , zout=64.6, eup=  304.11
     Process 1 started calculating ia=4520
                                            [WORKER  3] ia=4518, thermal , zout=64.6, eup=  303.88
     Process 3 started calculating ia=4521
                                            [WORKER  2] ia=4519, thermal , zout=64.6, eup=  304.59
     Process 2 started calculating ia=4522
                                            [WORKER  1] ia=4520, thermal , zout=64.6, eup=  304.08
     Process 1 started calculating ia=4523
                                            [WORKER  3] ia=4521, thermal , zout=64.6, eup=  303.53
     Process 3 started calculating ia=4524
                                            [WORKER  2] ia=4522, thermal , zout=64.6, eup=  303.08
     Process 2 started calculating ia=4525
                                            [WORKER  1] ia=4523, thermal , zout=64.6, eup=  301.78
     Process 1 started calculating ia=4526
                                            [WORKER  2] ia=4525, thermal , zout=64.6, eup=  306.09
     Process 2 started calculating ia=4527
                                            [WORKER  3] ia=4524, thermal , zout=64.6, eup=  307.06
     Process 3 started calculating ia=4528
                                            [WORKER  1] ia=4526, thermal , zout=64.6, eup=  305.92
     Process 1 started calculating ia=4529
                                            [WORKER  3] ia=4528, thermal , zout=64.6, eup=  307.32
     Process 3 started calculating ia=4530
                                            [WORKER  2] ia=4527, thermal , zout=64.6, eup=  307.39
     Process 2 started calculating ia=4531
                                            [WORKER  1] ia=4529, thermal , zout=64.6, eup=  304.06
     Process 1 started calculating ia=4532
                                            [WORKER  3] ia=4530, thermal , zout=64.6, eup=  304.50
     Process 3 started calculating ia=4533
                                            [WORKER  2] ia=4531, thermal , zout=64.6, eup=  304.42
     Process 2 started calculating ia=4534
                                            [WORKER  1] ia=4532, thermal , zout=64.6, eup=  304.34
     Process 1 started calculating ia=4535
                                            [WORKER  1] ia=4535, thermal , zout=64.6, eup=  302.61
     Process 1 started calculating ia=4536
                                            [WORKER  2] ia=4534, thermal , zout=64.6, eup=  304.44
                                            [WORKER  3] ia=4533, thermal , zout=64.6, eup=  304.45
     Process 2 started calculating ia=4537
     Process 3 started calculating ia=4538
                                            [WORKER  1] ia=4536, thermal , zout=64.6, eup=  304.11
     Process 1 started calculating ia=4539
                                            [WORKER  2] ia=4537, thermal , zout=64.6, eup=  304.19
     Process 2 started calculating ia=4540
                                            [WORKER  3] ia=4538, thermal , zout=64.6, eup=  300.57
     Process 3 started calculating ia=4541
                                            [WORKER  2] ia=4540, thermal , zout=64.6, eup=  301.17
     Process 2 started calculating ia=4542
                                            [WORKER  1] ia=4539, thermal , zout=64.6, eup=  299.94
     Process 1 started calculating ia=4543
                                            [WORKER  3] ia=4541, thermal , zout=64.6, eup=  301.79
     Process 3 started calculating ia=4544
                                            [WORKER  1] ia=4543, thermal , zout=64.6, eup=  302.80
     Process 1 started calculating ia=4545
                                            [WORKER  2] ia=4542, thermal , zout=64.6, eup=  302.54
     Process 2 started calculating ia=4546
                                            [WORKER  3] ia=4544, thermal , zout=64.6, eup=  306.59
     Process 3 started calculating ia=4547
                                            [WORKER  1] ia=4545, thermal , zout=64.6, eup=  303.44
     Process 1 started calculating ia=4548
                                            [WORKER  2] ia=4546, thermal , zout=64.6, eup=  303.21
     Process 2 started calculating ia=4549
                                            [WORKER  3] ia=4547, thermal , zout=64.6, eup=  301.32
     Process 3 started calculating ia=4550
                                            [WORKER  2] ia=4549, thermal , zout=64.6, eup=  306.81
     Process 2 started calculating ia=4551
                                            [WORKER  1] ia=4548, thermal , zout=64.6, eup=  306.64
     Process 1 started calculating ia=4552
                                            [WORKER  3] ia=4550, thermal , zout=64.6, eup=  306.09
     Process 3 started calculating ia=4553
                                            [WORKER  1] ia=4552, thermal , zout=64.6, eup=  306.76
     Process 1 started calculating ia=4554
                                            [WORKER  3] ia=4553, thermal , zout=64.6, eup=  306.26
     Process 3 started calculating ia=4555
                                            [WORKER  2] ia=4551, thermal , zout=64.6, eup=  306.91
     Process 2 started calculating ia=4556
                                            [WORKER  2] ia=4556, thermal , zout=64.6, eup=  297.71
     Process 2 started calculating ia=4557
                                            [WORKER  1] ia=4554, thermal , zout=64.6, eup=  305.87
     Process 1 started calculating ia=4558
                                            [WORKER  3] ia=4555, thermal , zout=64.6, eup=  299.47
     Process 3 started calculating ia=4559
                                            [WORKER  1] ia=4558, thermal , zout=64.6, eup=  304.92
     Process 1 started calculating ia=4560
                                            [WORKER  3] ia=4559, thermal , zout=64.6, eup=  301.04
     Process 3 started calculating ia=4561
                                            [WORKER  2] ia=4557, thermal , zout=64.6, eup=  305.40
     Process 2 started calculating ia=4562
                                            [WORKER  1] ia=4560, thermal , zout=64.6, eup=  298.23
     Process 1 started calculating ia=4563
                                            [WORKER  2] ia=4562, thermal , zout=64.6, eup=  305.84
     Process 2 started calculating ia=4564
                                            [WORKER  3] ia=4561, thermal , zout=64.6, eup=  305.86
     Process 3 started calculating ia=4565
                                            [WORKER  1] ia=4563, thermal , zout=64.6, eup=  305.57
     Process 1 started calculating ia=4566
                                            [WORKER  2] ia=4564, thermal , zout=64.6, eup=  300.92
     Process 2 started calculating ia=4567
                                            [WORKER  3] ia=4565, thermal , zout=64.6, eup=  299.47
     Process 3 started calculating ia=4568
                                            [WORKER  1] ia=4566, thermal , zout=64.6, eup=  305.66
     Process 1 started calculating ia=4569
                                            [WORKER  2] ia=4567, thermal , zout=64.6, eup=  298.75
     Process 2 started calculating ia=4570
                                            [WORKER  3] ia=4568, thermal , zout=64.6, eup=  299.30
     Process 3 started calculating ia=4571
                                            [WORKER  1] ia=4569, thermal , zout=64.6, eup=  304.57
     Process 1 started calculating ia=4572
                                            [WORKER  2] ia=4570, thermal , zout=64.6, eup=  299.26
     Process 2 started calculating ia=4573
                                            [WORKER  3] ia=4571, thermal , zout=64.6, eup=  306.05
     Process 3 started calculating ia=4574
                                            [WORKER  1] ia=4572, thermal , zout=64.6, eup=  306.31
     Process 1 started calculating ia=4575
                                            [WORKER  2] ia=4573, thermal , zout=64.6, eup=  305.80
     Process 2 started calculating ia=4576
                                            [WORKER  3] ia=4574, thermal , zout=64.6, eup=  305.64
     Process 3 started calculating ia=4577
                                            [WORKER  1] ia=4575, thermal , zout=64.6, eup=  305.57
     Process 1 started calculating ia=4578
                                            [WORKER  2] ia=4576, thermal , zout=64.6, eup=  305.46
     Process 2 started calculating ia=4579
                                            [WORKER  3] ia=4577, thermal , zout=64.6, eup=  305.63
     Process 3 started calculating ia=4580
                                            [WORKER  1] ia=4578, thermal , zout=64.6, eup=  306.51
     Process 1 started calculating ia=4581
                                            [WORKER  3] ia=4580, thermal , zout=64.6, eup=  301.16
     Process 3 started calculating ia=4582
                                            [WORKER  2] ia=4579, thermal , zout=64.5, eup=  304.09
     Process 2 started calculating ia=4583
                                            [WORKER  1] ia=4581, thermal , zout=64.6, eup=  302.90
     Process 1 started calculating ia=4584
                                            [WORKER  2] ia=4583, thermal , zout=64.6, eup=  291.61
     Process 2 started calculating ia=4585
                                            [WORKER  3] ia=4582, thermal , zout=64.6, eup=  298.90
     Process 3 started calculating ia=4586
                                            [WORKER  1] ia=4584, thermal , zout=64.6, eup=  291.44
     Process 1 started calculating ia=4587
                                            [WORKER  2] ia=4585, thermal , zout=64.6, eup=  294.12
     Process 2 started calculating ia=4588
                                            [WORKER  3] ia=4586, thermal , zout=64.5, eup=  304.34
     Process 3 started calculating ia=4589
                                            [WORKER  1] ia=4587, thermal , zout=64.5, eup=  304.64
     Process 1 started calculating ia=4590
                                            [WORKER  2] ia=4588, thermal , zout=64.5, eup=  303.83
     Process 2 started calculating ia=4591
                                            [WORKER  3] ia=4589, thermal , zout=64.5, eup=  303.50
     Process 3 started calculating ia=4592
                                            [WORKER  1] ia=4590, thermal , zout=64.6, eup=  303.57
     Process 1 started calculating ia=4593
                                            [WORKER  3] ia=4592, thermal , zout=64.5, eup=  303.56
     Process 3 started calculating ia=4594
                                            [WORKER  2] ia=4591, thermal , zout=64.6, eup=  302.32
     Process 2 started calculating ia=4595
                                            [WORKER  1] ia=4593, thermal , zout=64.5, eup=  295.31
     Process 1 started calculating ia=4596
                                            [WORKER  2] ia=4595, thermal , zout=64.5, eup=  293.01
     Process 2 started calculating ia=4597
                                            [WORKER  3] ia=4594, thermal , zout=64.5, eup=  297.48
     Process 3 started calculating ia=4598
                                            [WORKER  1] ia=4596, thermal , zout=64.5, eup=  293.69
     Process 1 started calculating ia=4599
                                            [WORKER  2] ia=4597, thermal , zout=64.5, eup=  295.57
     Process 2 started calculating ia=4600
                                            [WORKER  3] ia=4598, thermal , zout=64.5, eup=  297.02
     Process 3 started calculating ia=4601
                                            [WORKER  1] ia=4599, thermal , zout=64.5, eup=  293.56
     Process 1 started calculating ia=4602
                                            [WORKER  3] ia=4601, thermal , zout=64.5, eup=  296.35
     Process 3 started calculating ia=4603
                                            [WORKER  2] ia=4600, thermal , zout=64.5, eup=  296.98
     Process 2 started calculating ia=4604
                                            [WORKER  1] ia=4602, thermal , zout=64.5, eup=  297.01
     Process 1 started calculating ia=4605
                                            [WORKER  2] ia=4604, thermal , zout=64.5, eup=  304.26
     Process 2 started calculating ia=4606
                                            [WORKER  3] ia=4603, thermal , zout=64.5, eup=  297.82
     Process 3 started calculating ia=4607
                                            [WORKER  1] ia=4605, thermal , zout=64.5, eup=  304.20
     Process 1 started calculating ia=4608
                                            [WORKER  2] ia=4606, thermal , zout=64.5, eup=  303.41
     Process 2 started calculating ia=4609
                                            [WORKER  3] ia=4607, thermal , zout=64.5, eup=  303.77
     Process 3 started calculating ia=4610
                                            [WORKER  1] ia=4608, thermal , zout=64.5, eup=  303.33
     Process 1 started calculating ia=4611
                                            [WORKER  3] ia=4610, thermal , zout=64.5, eup=  307.08
     Process 3 started calculating ia=4612
                                            [WORKER  2] ia=4609, thermal , zout=64.5, eup=  307.15
     Process 2 started calculating ia=4613
                                            [WORKER  1] ia=4611, thermal , zout=64.5, eup=  301.53
     Process 1 started calculating ia=4614
                                            [WORKER  3] ia=4612, thermal , zout=64.5, eup=  302.56
     Process 3 started calculating ia=4615
                                            [WORKER  2] ia=4613, thermal , zout=64.5, eup=  306.85
     Process 2 started calculating ia=4616
                                            [WORKER  1] ia=4614, thermal , zout=64.5, eup=  307.36
     Process 1 started calculating ia=4617
                                            [WORKER  2] ia=4616, thermal , zout=64.5, eup=  304.24
     Process 2 started calculating ia=4618
                                            [WORKER  3] ia=4615, thermal , zout=64.4, eup=  304.75
     Process 3 started calculating ia=4619
                                            [WORKER  1] ia=4617, thermal , zout=64.5, eup=  304.33
     Process 1 started calculating ia=4620
                                            [WORKER  2] ia=4618, thermal , zout=64.5, eup=  297.68
     Process 2 started calculating ia=4621
                                            [WORKER  3] ia=4619, thermal , zout=64.5, eup=  296.52
     Process 3 started calculating ia=4622
                                            [WORKER  1] ia=4620, thermal , zout=64.5, eup=  301.82
     Process 1 started calculating ia=4623
                                            [WORKER  2] ia=4621, thermal , zout=64.5, eup=  295.37
     Process 2 started calculating ia=4624
                                            [WORKER  3] ia=4622, thermal , zout=64.5, eup=  293.84
     Process 3 started calculating ia=4625
                                            [WORKER  1] ia=4623, thermal , zout=64.5, eup=  297.61
     Process 1 started calculating ia=4626
                                            [WORKER  2] ia=4624, thermal , zout=64.5, eup=  302.36
     Process 2 started calculating ia=4627
                                            [WORKER  3] ia=4625, thermal , zout=64.5, eup=  297.82
     Process 3 started calculating ia=4628
                                            [WORKER  1] ia=4626, thermal , zout=64.5, eup=  304.61
     Process 1 started calculating ia=4629
                                            [WORKER  3] ia=4628, thermal , zout=64.5, eup=  304.27
     Process 3 started calculating ia=4630
                                            [WORKER  2] ia=4627, thermal , zout=64.5, eup=  303.79
     Process 2 started calculating ia=4631
                                            [WORKER  1] ia=4629, thermal , zout=64.5, eup=  305.07
     Process 1 started calculating ia=4632
                                            [WORKER  3] ia=4630, thermal , zout=64.5, eup=  303.70
     Process 3 started calculating ia=4633
                                            [WORKER  2] ia=4631, thermal , zout=64.5, eup=  304.93
     Process 2 started calculating ia=4634
                                            [WORKER  1] ia=4632, thermal , zout=64.5, eup=  305.23
     Process 1 started calculating ia=4635
                                            [WORKER  2] ia=4634, thermal , zout=64.5, eup=  302.54
     Process 2 started calculating ia=4636
                                            [WORKER  3] ia=4633, thermal , zout=64.5, eup=  305.36
     Process 3 started calculating ia=4637
                                            [WORKER  1] ia=4635, thermal , zout=64.5, eup=  305.63
     Process 1 started calculating ia=4638
                                            [WORKER  2] ia=4636, thermal , zout=64.5, eup=  305.41
     Process 2 started calculating ia=4639
                                            [WORKER  3] ia=4637, thermal , zout=64.5, eup=  305.53
     Process 3 started calculating ia=4640
                                            [WORKER  1] ia=4638, thermal , zout=64.6, eup=  308.30
     Process 1 started calculating ia=4641
                                            [WORKER  2] ia=4639, thermal , zout=64.6, eup=  308.04
     Process 2 started calculating ia=4642
                                            [WORKER  3] ia=4640, thermal , zout=64.6, eup=  306.72
     Process 3 started calculating ia=4643
                                            [WORKER  1] ia=4641, thermal , zout=64.6, eup=  307.56
     Process 1 started calculating ia=4644
                                            [WORKER  3] ia=4643, thermal , zout=64.6, eup=  307.64
     Process 3 started calculating ia=4645
                                            [WORKER  2] ia=4642, thermal , zout=64.6, eup=  308.54
     Process 2 started calculating ia=4646
                                            [WORKER  1] ia=4644, thermal , zout=64.6, eup=  307.13
     Process 1 started calculating ia=4647
                                            [WORKER  3] ia=4645, thermal , zout=64.5, eup=  304.78
     Process 3 started calculating ia=4648
                                            [WORKER  1] ia=4647, thermal , zout=64.6, eup=  306.62
     Process 1 started calculating ia=4649
                                            [WORKER  2] ia=4646, thermal , zout=64.6, eup=  303.42
     Process 2 started calculating ia=4650
                                            [WORKER  1] ia=4649, thermal , zout=64.5, eup=  303.42
     Process 1 started calculating ia=4651
                                            [WORKER  2] ia=4650, thermal , zout=64.6, eup=  304.89
     Process 2 started calculating ia=4652
                                            [WORKER  3] ia=4648, thermal , zout=64.6, eup=  305.89
     Process 3 started calculating ia=4653
                                            [WORKER  3] ia=4653, thermal , zout=64.6, eup=  297.06
     Process 3 started calculating ia=4654
                                            [WORKER  2] ia=4652, thermal , zout=64.5, eup=  300.22
     Process 2 started calculating ia=4655
                                            [WORKER  1] ia=4651, thermal , zout=64.5, eup=  302.15
     Process 1 started calculating ia=4656
                                            [WORKER  3] ia=4654, thermal , zout=64.5, eup=  300.67
     Process 3 started calculating ia=4657
                                            [WORKER  1] ia=4656, thermal , zout=64.5, eup=  303.29
     Process 1 started calculating ia=4658
                                            [WORKER  2] ia=4655, thermal , zout=64.5, eup=  303.04
     Process 2 started calculating ia=4659
                                            [WORKER  3] ia=4657, thermal , zout=64.5, eup=  304.47
     Process 3 started calculating ia=4660
                                            [WORKER  1] ia=4658, thermal , zout=64.5, eup=  304.46
     Process 1 started calculating ia=4661
                                            [WORKER  2] ia=4659, thermal , zout=64.6, eup=  305.80
     Process 2 started calculating ia=4662
                                            [WORKER  3] ia=4660, thermal , zout=64.5, eup=  302.89
     Process 3 started calculating ia=4663
                                            [WORKER  1] ia=4661, thermal , zout=64.6, eup=  303.44
     Process 1 started calculating ia=4664
                                            [WORKER  2] ia=4662, thermal , zout=64.6, eup=  303.41
     Process 2 started calculating ia=4665
                                            [WORKER  1] ia=4664, thermal , zout=64.6, eup=  305.27
     Process 1 started calculating ia=4666
                                            [WORKER  3] ia=4663, thermal , zout=64.6, eup=  305.80
     Process 3 started calculating ia=4667
                                            [WORKER  2] ia=4665, thermal , zout=64.6, eup=  305.76
     Process 2 started calculating ia=4668
                                            [WORKER  3] ia=4667, thermal , zout=64.6, eup=  305.75
     Process 3 started calculating ia=4669
                                            [WORKER  2] ia=4668, thermal , zout=64.6, eup=  305.25
     Process 2 started calculating ia=4670
                                            [WORKER  1] ia=4666, thermal , zout=64.6, eup=  305.53
     Process 1 started calculating ia=4671
                                            [WORKER  1] ia=4671, thermal , zout=64.6, eup=  297.86
     Process 1 started calculating ia=4672
                                            [WORKER  3] ia=4669, thermal , zout=64.6, eup=  303.01
     Process 3 started calculating ia=4673
                                            [WORKER  2] ia=4670, thermal , zout=64.6, eup=  305.40
     Process 2 started calculating ia=4674
                                            [WORKER  1] ia=4672, thermal , zout=64.6, eup=  297.11
     Process 1 started calculating ia=4675
                                            [WORKER  3] ia=4673, thermal , zout=64.6, eup=  298.01
     Process 3 started calculating ia=4676
                                            [WORKER  2] ia=4674, thermal , zout=64.6, eup=  296.60
     Process 2 started calculating ia=4677
                                            [WORKER  1] ia=4675, thermal , zout=64.6, eup=  300.16
     Process 1 started calculating ia=4678
                                            [WORKER  3] ia=4676, thermal , zout=64.7, eup=  293.27
     Process 3 started calculating ia=4679
                                            [WORKER  2] ia=4677, thermal , zout=64.7, eup=  292.35
     Process 2 started calculating ia=4680
                                            [WORKER  1] ia=4678, thermal , zout=64.6, eup=  295.59
     Process 1 started calculating ia=4681
                                            [WORKER  3] ia=4679, thermal , zout=64.7, eup=  295.16
     Process 3 started calculating ia=4682
                                            [WORKER  2] ia=4680, thermal , zout=64.7, eup=  295.19
     Process 2 started calculating ia=4683
                                            [WORKER  1] ia=4681, thermal , zout=64.7, eup=  307.14
     Process 1 started calculating ia=4684
                                            [WORKER  3] ia=4682, thermal , zout=64.6, eup=  298.79
     Process 3 started calculating ia=4685
                                            [WORKER  2] ia=4683, thermal , zout=64.6, eup=  305.81
     Process 2 started calculating ia=4686
                                            [WORKER  1] ia=4684, thermal , zout=64.6, eup=  297.47
     Process 1 started calculating ia=4687
                                            [WORKER  3] ia=4685, thermal , zout=64.7, eup=  294.69
     Process 3 started calculating ia=4688
                                            [WORKER  2] ia=4686, thermal , zout=64.7, eup=  306.05
     Process 2 started calculating ia=4689
                                            [WORKER  1] ia=4687, thermal , zout=64.7, eup=  307.89
     Process 1 started calculating ia=4690
                                            [WORKER  3] ia=4688, thermal , zout=64.7, eup=  299.61
     Process 3 started calculating ia=4691
                                            [WORKER  2] ia=4689, thermal , zout=64.7, eup=  299.86
     Process 2 started calculating ia=4692
                                            [WORKER  3] ia=4691, thermal , zout=64.7, eup=  303.89
     Process 3 started calculating ia=4693
                                            [WORKER  1] ia=4690, thermal , zout=64.7, eup=  299.47
     Process 1 started calculating ia=4694
                                            [WORKER  2] ia=4692, thermal , zout=64.8, eup=  303.63
     Process 2 started calculating ia=4695
                                            [WORKER  1] ia=4694, thermal , zout=64.8, eup=  305.53
     Process 1 started calculating ia=4696
                                            [WORKER  2] ia=4695, thermal , zout=64.8, eup=  305.59
     Process 2 started calculating ia=4697
                                            [WORKER  3] ia=4693, thermal , zout=64.8, eup=  304.31
     Process 3 started calculating ia=4698
                                            [WORKER  2] ia=4697, thermal , zout=64.8, eup=  305.47
     Process 2 started calculating ia=4699
                                            [WORKER  1] ia=4696, thermal , zout=64.9, eup=  307.75
     Process 1 started calculating ia=4700
                                            [WORKER  3] ia=4698, thermal , zout=64.8, eup=  305.48
     Process 3 started calculating ia=4701
                                            [WORKER  3] ia=4701, thermal , zout=64.9, eup=  302.98
     Process 3 started calculating ia=4702
                                            [WORKER  1] ia=4700, thermal , zout=64.9, eup=  303.71
     Process 1 started calculating ia=4703
                                            [WORKER  2] ia=4699, thermal , zout=64.8, eup=  302.42
     Process 2 started calculating ia=4704
                                            [WORKER  1] ia=4703, thermal , zout=64.9, eup=  299.15
     Process 1 started calculating ia=4705
                                            [WORKER  2] ia=4704, thermal , zout=64.8, eup=  304.93
     Process 2 started calculating ia=4706
                                            [WORKER  3] ia=4702, thermal , zout=64.8, eup=  303.77
     Process 3 started calculating ia=4707
                                            [WORKER  1] ia=4705, thermal , zout=64.9, eup=  305.65
     Process 1 started calculating ia=4708
                                            [WORKER  2] ia=4706, thermal , zout=64.9, eup=  304.80
     Process 2 started calculating ia=4709
                                            [WORKER  3] ia=4707, thermal , zout=65.0, eup=  308.29
     Process 3 started calculating ia=4710
                                            [WORKER  1] ia=4708, thermal , zout=65.0, eup=  309.93
     Process 1 started calculating ia=4711
                                            [WORKER  2] ia=4709, thermal , zout=65.0, eup=  303.51
     Process 2 started calculating ia=4712
                                            [WORKER  3] ia=4710, thermal , zout=65.0, eup=  303.81
     Process 3 started calculating ia=4713
                                            [WORKER  1] ia=4711, thermal , zout=65.0, eup=  310.00
     Process 1 started calculating ia=4714
                                            [WORKER  2] ia=4712, thermal , zout=65.0, eup=  304.84
     Process 2 started calculating ia=4715
                                            [WORKER  3] ia=4713, thermal , zout=65.0, eup=  297.09
     Process 3 started calculating ia=4716
                                            [WORKER  1] ia=4714, thermal , zout=65.0, eup=  302.38
     Process 1 started calculating ia=4717
                                            [WORKER  2] ia=4715, thermal , zout=65.0, eup=  301.25
     Process 2 started calculating ia=4718
                                            [WORKER  3] ia=4716, thermal , zout=65.0, eup=  303.69
     Process 3 started calculating ia=4719
                                            [WORKER  1] ia=4717, thermal , zout=65.1, eup=  306.20
     Process 1 started calculating ia=4720
                                            [WORKER  2] ia=4718, thermal , zout=65.1, eup=  312.36
     Process 2 started calculating ia=4721
                                            [WORKER  3] ia=4719, thermal , zout=65.0, eup=  301.76
     Process 3 started calculating ia=4722
                                            [WORKER  1] ia=4720, thermal , zout=65.0, eup=  299.20
     Process 1 started calculating ia=4723
                                            [WORKER  2] ia=4721, thermal , zout=65.1, eup=  305.56
     Process 2 started calculating ia=4724
                                            [WORKER  3] ia=4722, thermal , zout=65.0, eup=  305.09
     Process 3 started calculating ia=4725
                                            [WORKER  1] ia=4723, thermal , zout=65.0, eup=  309.90
     Process 1 started calculating ia=4726
                                            [WORKER  2] ia=4724, thermal , zout=65.0, eup=  308.51
     Process 2 started calculating ia=4727
                                            [WORKER  3] ia=4725, thermal , zout=65.0, eup=  303.63
     Process 3 started calculating ia=4728
                                            [WORKER  1] ia=4726, thermal , zout=65.0, eup=  309.85
     Process 1 started calculating ia=4729
                                            [WORKER  2] ia=4727, thermal , zout=65.0, eup=  309.75
     Process 2 started calculating ia=4730
                                            [WORKER  3] ia=4728, thermal , zout=65.0, eup=  309.94
     Process 3 started calculating ia=4731
                                            [WORKER  1] ia=4729, thermal , zout=65.0, eup=  309.73
     Process 1 started calculating ia=4732
                                            [WORKER  3] ia=4731, thermal , zout=65.0, eup=  309.59
     Process 3 started calculating ia=4733
                                            [WORKER  2] ia=4730, thermal , zout=65.0, eup=  309.61
     Process 2 started calculating ia=4734
                                            [WORKER  1] ia=4732, thermal , zout=65.0, eup=  309.64
     Process 1 started calculating ia=4735
                                            [WORKER  3] ia=4733, thermal , zout=65.0, eup=  310.12
     Process 3 started calculating ia=4736
                                            [WORKER  2] ia=4734, thermal , zout=65.0, eup=  310.04
     Process 2 started calculating ia=4737
                                            [WORKER  1] ia=4735, thermal , zout=65.1, eup=  301.97
     Process 1 started calculating ia=4738
                                            [WORKER  2] ia=4737, thermal , zout=65.1, eup=  305.89
                                            [WORKER  3] ia=4736, thermal , zout=65.1, eup=  304.59
     Process 2 started calculating ia=4739
     Process 3 started calculating ia=4740
                                            [WORKER  1] ia=4738, thermal , zout=65.1, eup=  308.80
     Process 1 started calculating ia=4741
                                            [WORKER  3] ia=4740, thermal , zout=65.1, eup=  305.40
     Process 3 started calculating ia=4742
                                            [WORKER  2] ia=4739, thermal , zout=65.1, eup=  305.39
     Process 2 started calculating ia=4743
                                            [WORKER  1] ia=4741, thermal , zout=65.2, eup=  308.80
     Process 1 started calculating ia=4744
                                            [WORKER  2] ia=4743, thermal , zout=65.2, eup=  308.40
     Process 2 started calculating ia=4745
                                            [WORKER  3] ia=4742, thermal , zout=65.2, eup=  308.66
     Process 3 started calculating ia=4746
                                            [WORKER  1] ia=4744, thermal , zout=65.2, eup=  308.68
     Process 1 started calculating ia=4747
                                            [WORKER  3] ia=4746, thermal , zout=65.2, eup=  308.75
     Process 3 started calculating ia=4748
                                            [WORKER  2] ia=4745, thermal , zout=65.2, eup=  308.64
     Process 2 started calculating ia=4749
                                            [WORKER  1] ia=4747, thermal , zout=65.2, eup=  306.00
     Process 1 started calculating ia=4750
                                            [WORKER  2] ia=4749, thermal , zout=65.2, eup=  311.01
     Process 2 started calculating ia=4751
                                            [WORKER  3] ia=4748, thermal , zout=65.2, eup=  309.33
     Process 3 started calculating ia=4752
                                            [WORKER  1] ia=4750, thermal , zout=65.2, eup=  311.71
     Process 1 started calculating ia=4753
                                            [WORKER  2] ia=4751, thermal , zout=65.2, eup=  309.99
     Process 2 started calculating ia=4754
                                            [WORKER  3] ia=4752, thermal , zout=65.2, eup=  309.73
     Process 3 started calculating ia=4755
                                            [WORKER  1] ia=4753, thermal , zout=65.2, eup=  312.01
     Process 1 started calculating ia=4756
                                            [WORKER  3] ia=4755, thermal , zout=65.2, eup=  311.56
     Process 3 started calculating ia=4757
                                            [WORKER  2] ia=4754, thermal , zout=65.2, eup=  311.85
     Process 2 started calculating ia=4758
                                            [WORKER  1] ia=4756, thermal , zout=65.2, eup=  310.97
     Process 1 started calculating ia=4759
                                            [WORKER  3] ia=4757, thermal , zout=65.2, eup=  310.85
     Process 3 started calculating ia=4760
                                            [WORKER  2] ia=4758, thermal , zout=65.2, eup=  301.27
     Process 2 started calculating ia=4761
                                            [WORKER  1] ia=4759, thermal , zout=65.1, eup=  303.40
     Process 1 started calculating ia=4762
                                            [WORKER  3] ia=4760, thermal , zout=65.1, eup=  303.11
     Process 3 started calculating ia=4763
                                            [WORKER  2] ia=4761, thermal , zout=65.0, eup=  297.97
     Process 2 started calculating ia=4764
                                            [WORKER  1] ia=4762, thermal , zout=65.1, eup=  299.67
     Process 1 started calculating ia=4765
                                            [WORKER  3] ia=4763, thermal , zout=65.1, eup=  300.57
     Process 3 started calculating ia=4766
                                            [WORKER  2] ia=4764, thermal , zout=65.1, eup=  303.77
     Process 2 started calculating ia=4767
                                            [WORKER  1] ia=4765, thermal , zout=65.1, eup=  307.44
     Process 1 started calculating ia=4768
                                            [WORKER  3] ia=4766, thermal , zout=65.1, eup=  308.65
     Process 3 started calculating ia=4769
                                            [WORKER  2] ia=4767, thermal , zout=65.1, eup=  311.22
     Process 2 started calculating ia=4770
                                            [WORKER  1] ia=4768, thermal , zout=65.0, eup=  309.74
     Process 1 started calculating ia=4771
                                            [WORKER  3] ia=4769, thermal , zout=65.1, eup=  303.51
     Process 3 started calculating ia=4772
                                            [WORKER  2] ia=4770, thermal , zout=65.1, eup=  310.05
     Process 2 started calculating ia=4773
                                            [WORKER  1] ia=4771, thermal , zout=65.1, eup=  310.23
     Process 1 started calculating ia=4774
                                            [WORKER  3] ia=4772, thermal , zout=65.2, eup=  312.28
     Process 3 started calculating ia=4775
                                            [WORKER  2] ia=4773, thermal , zout=65.2, eup=  311.98
     Process 2 started calculating ia=4776
                                            [WORKER  1] ia=4774, thermal , zout=65.2, eup=  311.95
     Process 1 started calculating ia=4777
                                            [WORKER  3] ia=4775, thermal , zout=65.2, eup=  311.98
     Process 3 started calculating ia=4778
                                            [WORKER  2] ia=4776, thermal , zout=65.2, eup=  311.84
     Process 2 started calculating ia=4779
                                            [WORKER  1] ia=4777, thermal , zout=65.2, eup=  311.57
     Process 1 started calculating ia=4780
                                            [WORKER  3] ia=4778, thermal , zout=65.0, eup=  306.64
     Process 3 started calculating ia=4781
                                            [WORKER  2] ia=4779, thermal , zout=65.1, eup=  308.67
     Process 2 started calculating ia=4782
                                            [WORKER  1] ia=4780, thermal , zout=65.2, eup=  311.50
     Process 1 started calculating ia=4783
                                            [WORKER  3] ia=4781, thermal , zout=65.1, eup=  309.01
     Process 3 started calculating ia=4784
                                            [WORKER  2] ia=4782, thermal , zout=65.1, eup=  308.84
     Process 2 started calculating ia=4785
                                            [WORKER  1] ia=4783, thermal , zout=65.2, eup=  311.38
     Process 1 started calculating ia=4786
                                            [WORKER  3] ia=4784, thermal , zout=65.2, eup=  311.44
     Process 3 started calculating ia=4787
                                            [WORKER  1] ia=4786, thermal , zout=65.2, eup=  308.87
     Process 1 started calculating ia=4788
                                            [WORKER  2] ia=4785, thermal , zout=65.2, eup=  309.74
     Process 2 started calculating ia=4789
                                            [WORKER  1] ia=4788, thermal , zout=65.3, eup=  311.39
     Process 1 started calculating ia=4790
                                            [WORKER  3] ia=4787, thermal , zout=65.3, eup=  311.11
     Process 3 started calculating ia=4791
                                            [WORKER  2] ia=4789, thermal , zout=65.3, eup=  311.28
     Process 2 started calculating ia=4792
                                            [WORKER  3] ia=4791, thermal , zout=65.3, eup=  310.20
     Process 3 started calculating ia=4793
                                            [WORKER  2] ia=4792, thermal , zout=65.3, eup=  310.05
     Process 2 started calculating ia=4794
                                            [WORKER  1] ia=4790, thermal , zout=65.3, eup=  311.17
     Process 1 started calculating ia=4795
                                            [WORKER  1] ia=4795, thermal , zout=65.3, eup=  304.10
     Process 1 started calculating ia=4796
                                            [WORKER  3] ia=4793, thermal , zout=65.3, eup=  310.42
     Process 3 started calculating ia=4797
                                            [WORKER  2] ia=4794, thermal , zout=65.3, eup=  310.64
     Process 2 started calculating ia=4798
                                            [WORKER  1] ia=4796, thermal , zout=65.3, eup=  303.50
     Process 1 started calculating ia=4799
                                            [WORKER  3] ia=4797, thermal , zout=65.3, eup=  309.06
     Process 3 started calculating ia=4800
                                            [WORKER  2] ia=4798, thermal , zout=65.4, eup=  315.08
     Process 2 started calculating ia=4801
                                            [WORKER  1] ia=4799, thermal , zout=65.4, eup=  314.95
     Process 1 started calculating ia=4802
                                            [WORKER  3] ia=4800, thermal , zout=65.4, eup=  314.63
     Process 3 started calculating ia=4803
                                            [WORKER  2] ia=4801, thermal , zout=65.4, eup=  314.59
     Process 2 started calculating ia=4804
                                            [WORKER  1] ia=4802, thermal , zout=65.3, eup=  312.74
     Process 1 started calculating ia=4805
                                            [WORKER  3] ia=4803, thermal , zout=65.3, eup=  312.91
     Process 3 started calculating ia=4806
                                            [WORKER  2] ia=4804, thermal , zout=65.3, eup=  312.86
     Process 2 started calculating ia=4807
                                            [WORKER  1] ia=4805, thermal , zout=65.3, eup=  312.82
     Process 1 started calculating ia=4808
                                            [WORKER  3] ia=4806, thermal , zout=65.3, eup=  312.94
     Process 3 started calculating ia=4809
                                            [WORKER  2] ia=4807, thermal , zout=65.3, eup=  308.61
     Process 2 started calculating ia=4810
                                            [WORKER  1] ia=4808, thermal , zout=65.3, eup=  308.25
     Process 1 started calculating ia=4811
                                            [WORKER  3] ia=4809, thermal , zout=65.3, eup=  311.89
     Process 3 started calculating ia=4812
                                            [WORKER  2] ia=4810, thermal , zout=65.3, eup=  306.29
     Process 2 started calculating ia=4813
                                            [WORKER  1] ia=4811, thermal , zout=65.3, eup=  308.64
     Process 1 started calculating ia=4814
                                            [WORKER  2] ia=4813, thermal , zout=65.3, eup=  306.39
     Process 2 started calculating ia=4815
                                            [WORKER  3] ia=4812, thermal , zout=65.3, eup=  313.23
     Process 3 started calculating ia=4816
                                            [WORKER  1] ia=4814, thermal , zout=65.3, eup=  310.11
     Process 1 started calculating ia=4817
                                            [WORKER  2] ia=4815, thermal , zout=65.3, eup=  312.11
     Process 2 started calculating ia=4818
                                            [WORKER  3] ia=4816, thermal , zout=65.2, eup=  306.96
     Process 3 started calculating ia=4819
                                            [WORKER  3] ia=4819, thermal , zout=65.2, eup=  309.34
     Process 3 started calculating ia=4820
                                            [WORKER  1] ia=4817, thermal , zout=65.2, eup=  300.15
     Process 1 started calculating ia=4821
                                            [WORKER  2] ia=4818, thermal , zout=65.2, eup=  309.89
     Process 2 started calculating ia=4822
                                            [WORKER  3] ia=4820, thermal , zout=65.2, eup=  309.23
     Process 3 started calculating ia=4823
                                            [WORKER  2] ia=4822, thermal , zout=65.2, eup=  309.44
     Process 2 started calculating ia=4824
                                            [WORKER  1] ia=4821, thermal , zout=65.2, eup=  309.12
     Process 1 started calculating ia=4825
                                            [WORKER  1] ia=4825, thermal , zout=65.1, eup=  307.36
     Process 1 started calculating ia=4826
                                            [WORKER  3] ia=4823, thermal , zout=65.1, eup=  307.10
     Process 3 started calculating ia=4827
                                            [WORKER  2] ia=4824, thermal , zout=65.1, eup=  307.45
     Process 2 started calculating ia=4828
                                            [WORKER  1] ia=4826, thermal , zout=65.0, eup=  306.22
     Process 1 started calculating ia=4829
                                            [WORKER  2] ia=4828, thermal , zout=65.0, eup=  309.36
     Process 2 started calculating ia=4830
                                            [WORKER  3] ia=4827, thermal , zout=65.1, eup=  311.30
     Process 3 started calculating ia=4831
                                            [WORKER  1] ia=4829, thermal , zout=65.1, eup=  310.85
     Process 1 started calculating ia=4832
                                            [WORKER  2] ia=4830, thermal , zout=65.1, eup=  311.69
     Process 2 started calculating ia=4833
                                            [WORKER  3] ia=4831, thermal , zout=65.1, eup=  312.70
     Process 3 started calculating ia=4834
                                            [WORKER  1] ia=4832, thermal , zout=65.1, eup=  308.21
     Process 1 started calculating ia=4835
                                            [WORKER  3] ia=4834, thermal , zout=65.2, eup=  308.28
     Process 3 started calculating ia=4836
                                            [WORKER  2] ia=4833, thermal , zout=65.2, eup=  315.33
     Process 2 started calculating ia=4837
                                            [WORKER  1] ia=4835, thermal , zout=65.2, eup=  306.59
     Process 1 started calculating ia=4838
                                            [WORKER  2] ia=4837, thermal , zout=65.2, eup=  310.58
     Process 2 started calculating ia=4839
                                            [WORKER  3] ia=4836, thermal , zout=65.2, eup=  303.74
     Process 3 started calculating ia=4840
                                            [WORKER  1] ia=4838, thermal , zout=65.2, eup=  310.14
     Process 1 started calculating ia=4841
                                            [WORKER  2] ia=4839, thermal , zout=65.3, eup=  311.59
     Process 2 started calculating ia=4842
                                            [WORKER  3] ia=4840, thermal , zout=65.3, eup=  311.09
     Process 3 started calculating ia=4843
                                            [WORKER  1] ia=4841, thermal , zout=65.3, eup=  310.78
     Process 1 started calculating ia=4844
                                            [WORKER  2] ia=4842, thermal , zout=65.4, eup=  313.01
     Process 2 started calculating ia=4845
                                            [WORKER  3] ia=4843, thermal , zout=65.4, eup=  309.37
     Process 3 started calculating ia=4846
                                            [WORKER  1] ia=4844, thermal , zout=65.4, eup=  309.20
     Process 1 started calculating ia=4847
                                            [WORKER  2] ia=4845, thermal , zout=65.3, eup=  304.47
     Process 2 started calculating ia=4848
                                            [WORKER  3] ia=4846, thermal , zout=65.4, eup=  306.19
     Process 3 started calculating ia=4849
                                            [WORKER  1] ia=4847, thermal , zout=65.4, eup=  305.62
     Process 1 started calculating ia=4850
                                            [WORKER  3] ia=4849, thermal , zout=65.4, eup=  303.04
     Process 3 started calculating ia=4851
                                            [WORKER  2] ia=4848, thermal , zout=65.4, eup=  305.90
     Process 2 started calculating ia=4852
                                            [WORKER  1] ia=4850, thermal , zout=65.4, eup=  305.70
     Process 1 started calculating ia=4853
                                            [WORKER  3] ia=4851, thermal , zout=65.4, eup=  305.77
     Process 3 started calculating ia=4854
                                            [WORKER  2] ia=4852, thermal , zout=65.3, eup=  304.32
     Process 2 started calculating ia=4855
                                            [WORKER  3] ia=4854, thermal , zout=65.4, eup=  297.37
     Process 3 started calculating ia=4856
                                            [WORKER  1] ia=4853, thermal , zout=65.3, eup=  304.16
     Process 1 started calculating ia=4857
                                            [WORKER  2] ia=4855, thermal , zout=65.4, eup=  300.83
     Process 2 started calculating ia=4858
                                            [WORKER  3] ia=4856, thermal , zout=65.4, eup=  300.70
     Process 3 started calculating ia=4859
                                            [WORKER  1] ia=4857, thermal , zout=65.3, eup=  300.07
     Process 1 started calculating ia=4860
                                            [WORKER  2] ia=4858, thermal , zout=65.4, eup=  301.03
     Process 2 started calculating ia=4861
                                            [WORKER  3] ia=4859, thermal , zout=65.4, eup=  301.26
     Process 3 started calculating ia=4862
                                            [WORKER  1] ia=4860, thermal , zout=65.5, eup=  295.39
     Process 1 started calculating ia=4863
                                            [WORKER  2] ia=4861, thermal , zout=65.5, eup=  295.45
     Process 2 started calculating ia=4864
                                            [WORKER  3] ia=4862, thermal , zout=65.5, eup=  295.33
     Process 3 started calculating ia=4865
                                            [WORKER  1] ia=4863, thermal , zout=65.5, eup=  295.00
     Process 1 started calculating ia=4866
                                            [WORKER  2] ia=4864, thermal , zout=65.5, eup=  295.07
     Process 2 started calculating ia=4867
                                            [WORKER  3] ia=4865, thermal , zout=65.5, eup=  295.71
     Process 3 started calculating ia=4868
                                            [WORKER  1] ia=4866, thermal , zout=65.5, eup=  294.70
     Process 1 started calculating ia=4869
                                            [WORKER  2] ia=4867, thermal , zout=65.5, eup=  292.40
     Process 2 started calculating ia=4870
                                            [WORKER  3] ia=4868, thermal , zout=65.5, eup=  292.09
     Process 3 started calculating ia=4871
                                            [WORKER  1] ia=4869, thermal , zout=65.5, eup=  293.33
     Process 1 started calculating ia=4872
                                            [WORKER  2] ia=4870, thermal , zout=65.5, eup=  293.35
     Process 2 started calculating ia=4873
                                            [WORKER  3] ia=4871, thermal , zout=65.6, eup=  295.25
     Process 3 started calculating ia=4874
                                            [WORKER  1] ia=4872, thermal , zout=65.6, eup=  294.71
     Process 1 started calculating ia=4875
                                            [WORKER  2] ia=4873, thermal , zout=65.6, eup=  295.74
     Process 2 started calculating ia=4876
                                            [WORKER  3] ia=4874, thermal , zout=65.6, eup=  293.13
     Process 3 started calculating ia=4877
                                            [WORKER  1] ia=4875, thermal , zout=65.6, eup=  295.39
     Process 1 started calculating ia=4878
                                            [WORKER  2] ia=4876, thermal , zout=65.6, eup=  293.16
     Process 2 started calculating ia=4879
                                            [WORKER  3] ia=4877, thermal , zout=65.6, eup=  292.98
     Process 3 started calculating ia=4880
                                            [WORKER  1] ia=4878, thermal , zout=65.6, eup=  292.71
     Process 1 started calculating ia=4881
                                            [WORKER  2] ia=4879, thermal , zout=65.6, eup=  293.01
     Process 2 started calculating ia=4882
                                            [WORKER  3] ia=4880, thermal , zout=65.6, eup=  293.18
     Process 3 started calculating ia=4883
                                            [WORKER  1] ia=4881, thermal , zout=65.6, eup=  290.41
     Process 1 started calculating ia=4884
                                            [WORKER  2] ia=4882, thermal , zout=65.6, eup=  290.24
     Process 2 started calculating ia=4885
                                            [WORKER  3] ia=4883, thermal , zout=65.6, eup=  284.97
     Process 3 started calculating ia=4886
                                            [WORKER  1] ia=4884, thermal , zout=65.6, eup=  284.93
     Process 1 started calculating ia=4887
                                            [WORKER  2] ia=4885, thermal , zout=65.6, eup=  297.15
     Process 2 started calculating ia=4888
                                            [WORKER  3] ia=4886, thermal , zout=65.6, eup=  293.07
     Process 3 started calculating ia=4889
                                            [WORKER  1] ia=4887, thermal , zout=65.6, eup=  296.59
     Process 1 started calculating ia=4890
                                            [WORKER  2] ia=4888, thermal , zout=65.7, eup=  285.53
     Process 2 started calculating ia=4891
                                            [WORKER  3] ia=4889, thermal , zout=65.7, eup=  295.40
     Process 3 started calculating ia=4892
                                            [WORKER  1] ia=4890, thermal , zout=65.7, eup=  282.74
     Process 1 started calculating ia=4893
                                            [WORKER  2] ia=4891, thermal , zout=65.7, eup=  282.27
     Process 2 started calculating ia=4894
                                            [WORKER  3] ia=4892, thermal , zout=65.7, eup=  296.61
     Process 3 started calculating ia=4895
                                            [WORKER  1] ia=4893, thermal , zout=65.7, eup=  293.42
     Process 1 started calculating ia=4896
                                            [WORKER  2] ia=4894, thermal , zout=65.7, eup=  285.61
     Process 2 started calculating ia=4897
                                            [WORKER  3] ia=4895, thermal , zout=65.7, eup=  297.06
     Process 3 started calculating ia=4898
                                            [WORKER  1] ia=4896, thermal , zout=65.7, eup=  296.77
     Process 1 started calculating ia=4899
                                            [WORKER  2] ia=4897, thermal , zout=65.7, eup=  294.01
     Process 2 started calculating ia=4900
                                            [WORKER  3] ia=4898, thermal , zout=65.7, eup=  295.36
     Process 3 started calculating ia=4901
                                            [WORKER  1] ia=4899, thermal , zout=65.7, eup=  297.15
     Process 1 started calculating ia=4902
                                            [WORKER  2] ia=4900, thermal , zout=65.7, eup=  296.07
     Process 2 started calculating ia=4903
                                            [WORKER  3] ia=4901, thermal , zout=65.7, eup=  295.99
     Process 3 started calculating ia=4904
                                            [WORKER  1] ia=4902, thermal , zout=65.7, eup=  296.67
     Process 1 started calculating ia=4905
                                            [WORKER  2] ia=4903, thermal , zout=65.7, eup=  297.27
     Process 2 started calculating ia=4906
                                            [WORKER  3] ia=4904, thermal , zout=65.7, eup=  296.18
     Process 3 started calculating ia=4907
                                            [WORKER  1] ia=4905, thermal , zout=65.7, eup=  297.65
     Process 1 started calculating ia=4908
                                            [WORKER  2] ia=4906, thermal , zout=65.7, eup=  297.30
     Process 2 started calculating ia=4909
                                            [WORKER  3] ia=4907, thermal , zout=65.7, eup=  293.39
     Process 3 started calculating ia=4910
                                            [WORKER  1] ia=4908, thermal , zout=65.7, eup=  297.00
     Process 1 started calculating ia=4911
                                            [WORKER  2] ia=4909, thermal , zout=65.7, eup=  295.55
     Process 2 started calculating ia=4912
                                            [WORKER  3] ia=4910, thermal , zout=65.7, eup=  295.65
     Process 3 started calculating ia=4913
                                            [WORKER  1] ia=4911, thermal , zout=65.7, eup=  296.44
     Process 1 started calculating ia=4914
                                            [WORKER  2] ia=4912, thermal , zout=65.7, eup=  294.44
     Process 2 started calculating ia=4915
                                            [WORKER  3] ia=4913, thermal , zout=65.7, eup=  291.65
     Process 3 started calculating ia=4916
                                            [WORKER  1] ia=4914, thermal , zout=65.7, eup=  283.67
[WORKER 1] Received termination signal. Exiting.
                                            [WORKER  2] ia=4915, thermal , zout=65.7, eup=  283.33
[WORKER 2] Received termination signal. Exiting.
                                            [WORKER  3] ia=4916, thermal , zout=65.7, eup=  288.87
Writing libRadtran output to netcdf file:  ./RESULTS/libRad_v01_disort_1D_SWIA_thermal_Orbit_06497E_TEST_new_thermal_range.nc
[WORKER 3] Received termination signal. Exiting.
Run finished. It took 4.320 hours 


Finished running Python file at Mon Dec  8 17:35:27 CET 2025
